open_time,open,high,low,close,volume,close_time,amount,trade_count,open_time_unix_ms,close_time_unix_ms,btc_close_price,strike_price_K,time_to_maturity_t2m,current_time_t,contract_duration_T
2025-10-24 19:00:00,18485,18485,18485,18485,0,2025-10-24 20:00:00,0,0,1761307200000,1761310800000,111297.01000000,95000,0.17203196,0.07728311,0.24931507
2025-10-24 20:00:00,19225,19225,19225,19225,0.01,2025-10-24 21:00:00,192.25,1,1761310800000,1761314400000,110937.94000000,95000,0.17191781,0.07739726,0.24931507
2025-10-24 21:00:00,19225,19225,19225,19225,0,2025-10-24 22:00:00,0,0,1761314400000,1761318000000,110219.17000000,95000,0.17180365,0.07751142,0.24931507
2025-10-24 22:00:00,19225,19225,19225,19225,0,2025-10-24 23:00:00,0,0,1761318000000,1761321600000,110046.91000000,95000,0.17168950,0.07762557,0.24931507
2025-10-24 23:00:00,19225,19225,19225,19225,0,2025-10-25 00:00:00,0,0,1761321600000,1761325200000,110261.81000000,95000,0.17157534,0.07773973,0.24931507
2025-10-25 00:00:00,19225,19225,19225,19225,0,2025-10-25 01:00:00,0,0,1761325200000,1761328800000,110235.22000000,95000,0.17146119,0.07785388,0.24931507
2025-10-25 01:00:00,19225,19225,19225,19225,0,2025-10-25 02:00:00,0,0,1761328800000,1761332400000,110619.39000000,95000,0.17134703,0.07796804,0.24931507
2025-10-25 02:00:00,19225,19225,19225,19225,0,2025-10-25 03:00:00,0,0,1761332400000,1761336000000,110615.07000000,95000,0.17123288,0.07808219,0.24931507
2025-10-25 03:00:00,19225,19225,19225,19225,0,2025-10-25 04:00:00,0,0,1761336000000,1761339600000,110893.70000000,95000,0.17111872,0.07819635,0.24931507
2025-10-25 04:00:00,19225,19225,19225,19225,0,2025-10-25 05:00:00,0,0,1761339600000,1761343200000,111085.57000000,95000,0.17100457,0.07831050,0.24931507
2025-10-25 05:00:00,19225,19225,19225,19225,0,2025-10-25 06:00:00,0,0,1761343200000,1761346800000,111023.01000000,95000,0.17089041,0.07842466,0.24931507
2025-10-25 06:00:00,19225,19225,19225,19225,0,2025-10-25 07:00:00,0,0,1761346800000,1761350400000,111004.89000000,95000,0.17077626,0.07853881,0.24931507
2025-10-25 07:00:00,19225,19225,19225,19225,0,2025-10-25 08:00:00,0,0,1761350400000,1761354000000,110766.60000000,95000,0.17066210,0.07865297,0.24931507
2025-10-25 08:00:00,19225,19225,19225,19225,0,2025-10-25 09:00:00,0,0,1761354000000,1761357600000,111070.31000000,95000,0.17054795,0.07876712,0.24931507
2025-10-25 09:00:00,19225,19225,19225,19225,0,2025-10-25 10:00:00,0,0,1761357600000,1761361200000,111025.77000000,95000,0.17043379,0.07888128,0.24931507
2025-10-25 10:00:00,19225,19225,19225,19225,0,2025-10-25 11:00:00,0,0,1761361200000,1761364800000,111029.99000000,95000,0.17031963,0.07899543,0.24931507
2025-10-25 11:00:00,19225,19225,19225,19225,0,2025-10-25 12:00:00,0,0,1761364800000,1761368400000,111228.00000000,95000,0.17020548,0.07910959,0.24931507
2025-10-25 12:00:00,19225,19225,19225,19225,0,2025-10-25 13:00:00,0,0,1761368400000,1761372000000,111386.79000000,95000,0.17009132,0.07922374,0.24931507
2025-10-25 13:00:00,19225,19225,19225,19225,0,2025-10-25 14:00:00,0,0,1761372000000,1761375600000,111366.42000000,95000,0.16997717,0.07933790,0.24931507
2025-10-25 14:00:00,19225,19225,19225,19225,0,2025-10-25 15:00:00,0,0,1761375600000,1761379200000,111489.60000000,95000,0.16986301,0.07945205,0.24931507
2025-10-25 15:00:00,19225,19225,19225,19225,0,2025-10-25 16:00:00,0,0,1761379200000,1761382800000,111763.80000000,95000,0.16974886,0.07956621,0.24931507
2025-10-25 16:00:00,19225,19225,19225,19225,0,2025-10-25 17:00:00,0,0,1761382800000,1761386400000,111521.47000000,95000,0.16963470,0.07968037,0.24931507
2025-10-25 17:00:00,19225,19225,19225,19225,0,2025-10-25 18:00:00,0,0,1761386400000,1761390000000,111559.94000000,95000,0.16952055,0.07979452,0.24931507
2025-10-25 18:00:00,19225,19225,19225,19225,0,2025-10-25 19:00:00,0,0,1761390000000,1761393600000,111563.81000000,95000,0.16940639,0.07990868,0.24931507
2025-10-25 19:00:00,19225,19225,19225,19225,0,2025-10-25 20:00:00,0,0,1761393600000,1761397200000,111899.03000000,95000,0.16929224,0.08002283,0.24931507
2025-10-25 20:00:00,19225,19225,19225,19225,0,2025-10-25 21:00:00,0,0,1761397200000,1761400800000,111680.91000000,95000,0.16917808,0.08013699,0.24931507
2025-10-25 21:00:00,19225,19225,19225,19225,0,2025-10-25 22:00:00,0,0,1761400800000,1761404400000,111591.19000000,95000,0.16906393,0.08025114,0.24931507
2025-10-25 22:00:00,19225,19225,19225,19225,0,2025-10-25 23:00:00,0,0,1761404400000,1761408000000,111385.18000000,95000,0.16894977,0.08036530,0.24931507
2025-10-25 23:00:00,19225,19225,19225,19225,0,2025-10-26 00:00:00,0,0,1761408000000,1761411600000,111372.25000000,95000,0.16883562,0.08047945,0.24931507
2025-10-26 00:00:00,19225,19225,19225,19225,0,2025-10-26 01:00:00,0,0,1761411600000,1761415200000,111374.96000000,95000,0.16872146,0.08059361,0.24931507
2025-10-26 01:00:00,19225,19225,19225,19225,0,2025-10-26 02:00:00,0,0,1761415200000,1761418800000,111719.98000000,95000,0.16860731,0.08070776,0.24931507
2025-10-26 02:00:00,19225,19225,19225,19225,0,2025-10-26 03:00:00,0,0,1761418800000,1761422400000,111623.45000000,95000,0.16849315,0.08082192,0.24931507
2025-10-26 03:00:00,19225,19225,19225,19225,0,2025-10-26 04:00:00,0,0,1761422400000,1761426000000,111431.94000000,95000,0.16837900,0.08093607,0.24931507
2025-10-26 04:00:00,19225,19225,19225,19225,0,2025-10-26 05:00:00,0,0,1761426000000,1761429600000,111477.76000000,95000,0.16826484,0.08105023,0.24931507
2025-10-26 05:00:00,19225,19225,19225,19225,0,2025-10-26 06:00:00,0,0,1761429600000,1761433200000,111621.69000000,95000,0.16815068,0.08116438,0.24931507
2025-10-26 06:00:00,19225,19225,19225,19225,0,2025-10-26 07:00:00,0,0,1761433200000,1761436800000,111646.27000000,95000,0.16803653,0.08127854,0.24931507
2025-10-26 07:00:00,19225,19225,19225,19225,0,2025-10-26 08:00:00,0,0,1761436800000,1761440400000,111715.98000000,95000,0.16792237,0.08139269,0.24931507
2025-10-26 08:00:00,19225,19225,19225,19225,0,2025-10-26 09:00:00,0,0,1761440400000,1761444000000,111644.42000000,95000,0.16780822,0.08150685,0.24931507
2025-10-26 09:00:00,19225,19225,19225,19225,0,2025-10-26 10:00:00,0,0,1761444000000,1761447600000,111448.85000000,95000,0.16769406,0.08162100,0.24931507
2025-10-26 10:00:00,19225,19225,19225,19225,0,2025-10-26 11:00:00,0,0,1761447600000,1761451200000,111260.46000000,95000,0.16757991,0.08173516,0.24931507
2025-10-26 11:00:00,19225,19225,19225,19225,0,2025-10-26 12:00:00,0,0,1761451200000,1761454800000,111430.40000000,95000,0.16746575,0.08184932,0.24931507
2025-10-26 12:00:00,19225,19225,19225,19225,0,2025-10-26 13:00:00,0,0,1761454800000,1761458400000,111615.32000000,95000,0.16735160,0.08196347,0.24931507
2025-10-26 13:00:00,19225,19225,19225,19225,0,2025-10-26 14:00:00,0,0,1761458400000,1761462000000,111635.95000000,95000,0.16723744,0.08207763,0.24931507
2025-10-26 14:00:00,19225,19225,19225,19225,0,2025-10-26 15:00:00,0,0,1761462000000,1761465600000,111723.98000000,95000,0.16712329,0.08219178,0.24931507
2025-10-26 15:00:00,19225,19225,19225,19225,0,2025-10-26 16:00:00,0,0,1761465600000,1761469200000,111776.94000000,95000,0.16700913,0.08230594,0.24931507
2025-10-26 16:00:00,19225,19225,19225,19225,0,2025-10-26 17:00:00,0,0,1761469200000,1761472800000,112528.83000000,95000,0.16689498,0.08242009,0.24931507
2025-10-26 17:00:00,19225,19225,19225,19225,0,2025-10-26 18:00:00,0,0,1761472800000,1761476400000,112477.10000000,95000,0.16678082,0.08253425,0.24931507
2025-10-26 18:00:00,19225,19225,19225,19225,0,2025-10-26 19:00:00,0,0,1761476400000,1761480000000,113286.09000000,95000,0.16666667,0.08264840,0.24931507
2025-10-26 19:00:00,19225,19225,19225,19225,0,2025-10-26 20:00:00,0,0,1761480000000,1761483600000,113575.05000000,95000,0.16655251,0.08276256,0.24931507
2025-10-26 20:00:00,19225,19225,19225,19225,0,2025-10-26 21:00:00,0,0,1761483600000,1761487200000,113711.53000000,95000,0.16643836,0.08287671,0.24931507
2025-10-26 21:00:00,19225,19225,19225,19225,0,2025-10-26 22:00:00,0,0,1761487200000,1761490800000,113575.36000000,95000,0.16632420,0.08299087,0.24931507
2025-10-26 22:00:00,19225,19225,19225,19225,0,2025-10-26 23:00:00,0,0,1761490800000,1761494400000,113694.97000000,95000,0.16621005,0.08310502,0.24931507
2025-10-26 23:00:00,19225,19225,19225,19225,0,2025-10-27 00:00:00,0,0,1761494400000,1761498000000,113517.53000000,95000,0.16609589,0.08321918,0.24931507
2025-10-27 00:00:00,19225,19225,19225,19225,0,2025-10-27 01:00:00,0,0,1761498000000,1761501600000,113442.13000000,95000,0.16598174,0.08333333,0.24931507
2025-10-27 01:00:00,19225,19225,19225,19225,0,2025-10-27 02:00:00,0,0,1761501600000,1761505200000,113575.15000000,95000,0.16586758,0.08344749,0.24931507
2025-10-27 02:00:00,19225,19225,19225,19225,0,2025-10-27 03:00:00,0,0,1761505200000,1761508800000,113585.99000000,95000,0.16575342,0.08356164,0.24931507
2025-10-27 03:00:00,19225,19225,19225,19225,0,2025-10-27 04:00:00,0,0,1761508800000,1761512400000,113320.80000000,95000,0.16563927,0.08367580,0.24931507
2025-10-27 04:00:00,19225,19225,19225,19225,0,2025-10-27 05:00:00,0,0,1761512400000,1761516000000,113497.06000000,95000,0.16552511,0.08378995,0.24931507
2025-10-27 05:00:00,19225,19225,19225,19225,0,2025-10-27 06:00:00,0,0,1761516000000,1761519600000,114681.33000000,95000,0.16541096,0.08390411,0.24931507
2025-10-27 06:00:00,19225,19225,19225,19225,0,2025-10-27 07:00:00,0,0,1761519600000,1761523200000,114559.40000000,95000,0.16529680,0.08401826,0.24931507
2025-10-27 07:00:00,19225,19225,19225,19225,0,2025-10-27 08:00:00,0,0,1761523200000,1761526800000,114767.29000000,95000,0.16518265,0.08413242,0.24931507
2025-10-27 08:00:00,19225,19225,19225,19225,0,2025-10-27 09:00:00,0,0,1761526800000,1761530400000,115284.01000000,95000,0.16506849,0.08424658,0.24931507
2025-10-27 09:00:00,19225,19225,19225,19225,0,2025-10-27 10:00:00,0,0,1761530400000,1761534000000,114883.39000000,95000,0.16495434,0.08436073,0.24931507
2025-10-27 10:00:00,19225,19225,19225,19225,0,2025-10-27 11:00:00,0,0,1761534000000,1761537600000,114958.51000000,95000,0.16484018,0.08447489,0.24931507
2025-10-27 11:00:00,19225,19225,19225,19225,0,2025-10-27 12:00:00,0,0,1761537600000,1761541200000,115256.44000000,95000,0.16472603,0.08458904,0.24931507
2025-10-27 12:00:00,19225,19225,19225,19225,0,2025-10-27 13:00:00,0,0,1761541200000,1761544800000,115556.57000000,95000,0.16461187,0.08470320,0.24931507
2025-10-27 13:00:00,19225,19225,19225,19225,0,2025-10-27 14:00:00,0,0,1761544800000,1761548400000,116053.49000000,95000,0.16449772,0.08481735,0.24931507
2025-10-27 14:00:00,19225,19225,19225,19225,0,2025-10-27 15:00:00,0,0,1761548400000,1761552000000,115554.60000000,95000,0.16438356,0.08493151,0.24931507
2025-10-27 15:00:00,19225,19225,19225,19225,0,2025-10-27 16:00:00,0,0,1761552000000,1761555600000,115014.88000000,95000,0.16426941,0.08504566,0.24931507
2025-10-27 16:00:00,19225,19225,19225,19225,0,2025-10-27 17:00:00,0,0,1761555600000,1761559200000,115254.01000000,95000,0.16415525,0.08515982,0.24931507
2025-10-27 17:00:00,19225,19225,19225,19225,0,2025-10-27 18:00:00,0,0,1761559200000,1761562800000,115447.94000000,95000,0.16404110,0.08527397,0.24931507
2025-10-27 18:00:00,19225,19225,19225,19225,0,2025-10-27 19:00:00,0,0,1761562800000,1761566400000,115362.02000000,95000,0.16392694,0.08538813,0.24931507
2025-10-27 19:00:00,19225,19225,19225,19225,0,2025-10-27 20:00:00,0,0,1761566400000,1761570000000,115065.67000000,95000,0.16381279,0.08550228,0.24931507
2025-10-27 20:00:00,19225,19225,19225,19225,0,2025-10-27 21:00:00,0,0,1761570000000,1761573600000,115264.28000000,95000,0.16369863,0.08561644,0.24931507
2025-10-27 21:00:00,19225,19225,19225,19225,0,2025-10-27 22:00:00,0,0,1761573600000,1761577200000,114810.05000000,95000,0.16358447,0.08573059,0.24931507
2025-10-27 22:00:00,19225,19225,19225,19225,0,2025-10-27 23:00:00,0,0,1761577200000,1761580800000,114969.68000000,95000,0.16347032,0.08584475,0.24931507
2025-10-27 23:00:00,19225,19225,19225,19225,0,2025-10-28 00:00:00,0,0,1761580800000,1761584400000,115497.57000000,95000,0.16335616,0.08595890,0.24931507
2025-10-28 00:00:00,19225,19225,19225,19225,0,2025-10-28 01:00:00,0,0,1761584400000,1761588000000,115706.06000000,95000,0.16324201,0.08607306,0.24931507
2025-10-28 01:00:00,19225,19225,19225,19225,0,2025-10-28 02:00:00,0,0,1761588000000,1761591600000,115342.19000000,95000,0.16312785,0.08618721,0.24931507
2025-10-28 02:00:00,19225,19225,19225,19225,0,2025-10-28 03:00:00,0,0,1761591600000,1761595200000,114942.64000000,95000,0.16301370,0.08630137,0.24931507
2025-10-28 03:00:00,19225,19225,19225,19225,0,2025-10-28 04:00:00,0,0,1761595200000,1761598800000,114455.17000000,95000,0.16289954,0.08641553,0.24931507
2025-10-28 04:00:00,19225,19225,19225,19225,0,2025-10-28 05:00:00,0,0,1761598800000,1761602400000,114302.70000000,95000,0.16278539,0.08652968,0.24931507
2025-10-28 05:00:00,19225,19225,19225,19225,0,2025-10-28 06:00:00,0,0,1761602400000,1761606000000,114112.51000000,95000,0.16267123,0.08664384,0.24931507
2025-10-28 06:00:00,19225,19225,19225,19225,0,2025-10-28 07:00:00,0,0,1761606000000,1761609600000,114107.65000000,95000,0.16255708,0.08675799,0.24931507
2025-10-28 07:00:00,19225,19225,19225,19225,0,2025-10-28 08:00:00,0,0,1761609600000,1761613200000,113961.67000000,95000,0.16244292,0.08687215,0.24931507
2025-10-28 08:00:00,19225,19225,19225,19225,0,2025-10-28 09:00:00,0,0,1761613200000,1761616800000,114424.76000000,95000,0.16232877,0.08698630,0.24931507
2025-10-28 09:00:00,19225,19225,19225,19225,0,2025-10-28 10:00:00,0,0,1761616800000,1761620400000,113936.94000000,95000,0.16221461,0.08710046,0.24931507
2025-10-28 10:00:00,19225,19225,19225,19225,0,2025-10-28 11:00:00,0,0,1761620400000,1761624000000,113908.24000000,95000,0.16210046,0.08721461,0.24931507
2025-10-28 11:00:00,19225,19225,19225,19225,0,2025-10-28 12:00:00,0,0,1761624000000,1761627600000,113964.59000000,95000,0.16198630,0.08732877,0.24931507
2025-10-28 12:00:00,19225,19225,19225,19225,0,2025-10-28 13:00:00,0,0,1761627600000,1761631200000,113605.31000000,95000,0.16187215,0.08744292,0.24931507
2025-10-28 13:00:00,19225,19225,19225,19225,0,2025-10-28 14:00:00,0,0,1761631200000,1761634800000,114115.52000000,95000,0.16175799,0.08755708,0.24931507
2025-10-28 14:00:00,19225,19225,19225,19225,0,2025-10-28 15:00:00,0,0,1761634800000,1761638400000,114188.37000000,95000,0.16164384,0.08767123,0.24931507
2025-10-28 15:00:00,19225,19225,19225,19225,0,2025-10-28 16:00:00,0,0,1761638400000,1761642000000,114427.23000000,95000,0.16152968,0.08778539,0.24931507
2025-10-28 16:00:00,19225,19225,19225,19225,0,2025-10-28 17:00:00,0,0,1761642000000,1761645600000,114528.60000000,95000,0.16141553,0.08789954,0.24931507
2025-10-28 17:00:00,19225,19225,19225,19225,0,2025-10-28 18:00:00,0,0,1761645600000,1761649200000,114595.71000000,95000,0.16130137,0.08801370,0.24931507
2025-10-28 18:00:00,19225,19225,19225,19225,0,2025-10-28 19:00:00,0,0,1761649200000,1761652800000,114357.73000000,95000,0.16118721,0.08812785,0.24931507
2025-10-28 19:00:00,19225,19225,19225,19225,0,2025-10-28 20:00:00,0,0,1761652800000,1761656400000,114449.55000000,95000,0.16107306,0.08824201,0.24931507
2025-10-28 20:00:00,19225,19225,19225,19225,0,2025-10-28 21:00:00,0,0,1761656400000,1761660000000,115522.90000000,95000,0.16095890,0.08835616,0.24931507
2025-10-28 21:00:00,19225,19225,19225,19225,0,2025-10-28 22:00:00,0,0,1761660000000,1761663600000,115068.17000000,95000,0.16084475,0.08847032,0.24931507
2025-10-28 22:00:00,19225,19225,19225,19225,0,2025-10-28 23:00:00,0,0,1761663600000,1761667200000,114641.38000000,95000,0.16073059,0.08858447,0.24931507
2025-10-28 23:00:00,19225,19225,19225,19225,0,2025-10-29 00:00:00,0,0,1761667200000,1761670800000,115341.59000000,95000,0.16061644,0.08869863,0.24931507
2025-10-29 00:00:00,19225,19225,19225,19225,0,2025-10-29 01:00:00,0,0,1761670800000,1761674400000,115290.00000000,95000,0.16050228,0.08881279,0.24931507
2025-10-29 01:00:00,19225,19225,19225,19225,0,2025-10-29 02:00:00,0,0,1761674400000,1761678000000,115022.80000000,95000,0.16038813,0.08892694,0.24931507
2025-10-29 02:00:00,19225,19225,19225,19225,0,2025-10-29 03:00:00,0,0,1761678000000,1761681600000,113689.99000000,95000,0.16027397,0.08904110,0.24931507
2025-10-29 03:00:00,19225,19225,19225,19225,0,2025-10-29 04:00:00,0,0,1761681600000,1761685200000,112808.05000000,95000,0.16015982,0.08915525,0.24931507
2025-10-29 04:00:00,19225,19225,19225,19225,0,2025-10-29 05:00:00,0,0,1761685200000,1761688800000,112994.40000000,95000,0.16004566,0.08926941,0.24931507
2025-10-29 05:00:00,19225,19225,19225,19225,0,2025-10-29 06:00:00,0,0,1761688800000,1761692400000,113224.08000000,95000,0.15993151,0.08938356,0.24931507
2025-10-29 06:00:00,19225,19225,19225,19225,0,2025-10-29 07:00:00,0,0,1761692400000,1761696000000,112898.45000000,95000,0.15981735,0.08949772,0.24931507
2025-10-29 07:00:00,19225,19225,19225,19225,0,2025-10-29 08:00:00,0,0,1761696000000,1761699600000,112442.88000000,95000,0.15970320,0.08961187,0.24931507
2025-10-29 08:00:00,19225,19225,19225,19225,0,2025-10-29 09:00:00,0,0,1761699600000,1761703200000,112500.03000000,95000,0.15958904,0.08972603,0.24931507
2025-10-29 09:00:00,19225,19225,19225,19225,0,2025-10-29 10:00:00,0,0,1761703200000,1761706800000,112666.75000000,95000,0.15947489,0.08984018,0.24931507
2025-10-29 10:00:00,19225,19225,19225,19225,0,2025-10-29 11:00:00,0,0,1761706800000,1761710400000,112523.49000000,95000,0.15936073,0.08995434,0.24931507
2025-10-29 11:00:00,19225,19225,19225,19225,0,2025-10-29 12:00:00,0,0,1761710400000,1761714000000,112810.55000000,95000,0.15924658,0.09006849,0.24931507
2025-10-29 12:00:00,19225,19225,19225,19225,0,2025-10-29 13:00:00,0,0,1761714000000,1761717600000,113039.10000000,95000,0.15913242,0.09018265,0.24931507
2025-10-29 13:00:00,19225,19225,19225,19225,0,2025-10-29 14:00:00,0,0,1761717600000,1761721200000,113284.20000000,95000,0.15901826,0.09029680,0.24931507
2025-10-29 14:00:00,19225,19225,19225,19225,0,2025-10-29 15:00:00,0,0,1761721200000,1761724800000,113577.90000000,95000,0.15890411,0.09041096,0.24931507
2025-10-29 15:00:00,19225,19225,19225,19225,0,2025-10-29 16:00:00,0,0,1761724800000,1761728400000,113070.94000000,95000,0.15878995,0.09052511,0.24931507
2025-10-29 16:00:00,19225,19225,19225,19225,0,2025-10-29 17:00:00,0,0,1761728400000,1761732000000,112974.44000000,95000,0.15867580,0.09063927,0.24931507
2025-10-29 17:00:00,19225,19225,19225,19225,0,2025-10-29 18:00:00,0,0,1761732000000,1761735600000,112870.01000000,95000,0.15856164,0.09075342,0.24931507
2025-10-29 18:00:00,19225,19225,19225,19225,0,2025-10-29 19:00:00,0,0,1761735600000,1761739200000,113132.36000000,95000,0.15844749,0.09086758,0.24931507
2025-10-29 19:00:00,19225,19225,19225,19225,0,2025-10-29 20:00:00,0,0,1761739200000,1761742800000,113139.13000000,95000,0.15833333,0.09098174,0.24931507
2025-10-29 20:00:00,19225,19225,19225,19225,0,2025-10-29 21:00:00,0,0,1761742800000,1761746400000,112873.07000000,95000,0.15821918,0.09109589,0.24931507
2025-10-29 21:00:00,19225,19225,19225,19225,0,2025-10-29 22:00:00,0,0,1761746400000,1761750000000,112488.44000000,95000,0.15810502,0.09121005,0.24931507
2025-10-29 22:00:00,20165,20165,20165,20165,3.47,2025-10-29 23:00:00,69972.55,1,1761750000000,1761753600000,111509.74000000,95000,0.15799087,0.09132420,0.24931507
2025-10-29 23:00:00,20165,20165,20165,20165,0,2025-10-30 00:00:00,0,0,1761753600000,1761757200000,111106.35000000,95000,0.15787671,0.09143836,0.24931507
2025-10-30 00:00:00,20165,20165,20165,20165,0,2025-10-30 01:00:00,0,0,1761757200000,1761760800000,111883.49000000,95000,0.15776256,0.09155251,0.24931507
2025-10-30 01:00:00,20165,20165,20165,20165,0,2025-10-30 02:00:00,0,0,1761760800000,1761764400000,110806.38000000,95000,0.15764840,0.09166667,0.24931507
2025-10-30 02:00:00,20165,20165,20165,20165,0,2025-10-30 03:00:00,0,0,1761764400000,1761768000000,110640.00000000,95000,0.15753425,0.09178082,0.24931507
2025-10-30 03:00:00,20165,20165,20165,20165,0,2025-10-30 04:00:00,0,0,1761768000000,1761771600000,111433.46000000,95000,0.15742009,0.09189498,0.24931507
2025-10-30 04:00:00,20165,20165,20165,20165,0,2025-10-30 05:00:00,0,0,1761771600000,1761775200000,111617.26000000,95000,0.15730594,0.09200913,0.24931507
2025-10-30 05:00:00,20165,20165,20165,20165,0,2025-10-30 06:00:00,0,0,1761775200000,1761778800000,111028.20000000,95000,0.15719178,0.09212329,0.24931507
2025-10-30 06:00:00,20165,20165,20165,20165,0,2025-10-30 07:00:00,0,0,1761778800000,1761782400000,110021.29000000,95000,0.15707763,0.09223744,0.24931507
2025-10-30 07:00:00,20165,20165,20165,20165,0,2025-10-30 08:00:00,0,0,1761782400000,1761786000000,110559.48000000,95000,0.15696347,0.09235160,0.24931507
2025-10-30 08:00:00,20165,20165,20165,20165,0,2025-10-30 09:00:00,0,0,1761786000000,1761789600000,110460.76000000,95000,0.15684932,0.09246575,0.24931507
2025-10-30 09:00:00,20165,20165,20165,20165,0,2025-10-30 10:00:00,0,0,1761789600000,1761793200000,110985.92000000,95000,0.15673516,0.09257991,0.24931507
2025-10-30 10:00:00,20165,20165,20165,20165,0,2025-10-30 11:00:00,0,0,1761793200000,1761796800000,110751.47000000,95000,0.15662100,0.09269406,0.24931507
2025-10-30 11:00:00,20165,20165,20165,20165,0,2025-10-30 12:00:00,0,0,1761796800000,1761800400000,108575.27000000,95000,0.15650685,0.09280822,0.24931507
2025-10-30 12:00:00,20165,20165,20165,20165,0,2025-10-30 13:00:00,0,0,1761800400000,1761804000000,110248.29000000,95000,0.15639269,0.09292237,0.24931507
2025-10-30 13:00:00,20165,20165,20165,20165,0,2025-10-30 14:00:00,0,0,1761804000000,1761807600000,110768.01000000,95000,0.15627854,0.09303653,0.24931507
2025-10-30 14:00:00,20165,20165,20165,20165,0,2025-10-30 15:00:00,0,0,1761807600000,1761811200000,111366.72000000,95000,0.15616438,0.09315068,0.24931507
2025-10-30 15:00:00,20165,20165,20165,20165,0,2025-10-30 16:00:00,0,0,1761811200000,1761814800000,110714.31000000,95000,0.15605023,0.09326484,0.24931507
2025-10-30 16:00:00,20165,20165,20165,20165,0,2025-10-30 17:00:00,0,0,1761814800000,1761818400000,110171.69000000,95000,0.15593607,0.09337900,0.24931507
2025-10-30 17:00:00,20165,20165,20165,20165,0,2025-10-30 18:00:00,0,0,1761818400000,1761822000000,110105.75000000,95000,0.15582192,0.09349315,0.24931507
2025-10-30 18:00:00,20165,20165,20165,20165,0,2025-10-30 19:00:00,0,0,1761822000000,1761825600000,109717.29000000,95000,0.15570776,0.09360731,0.24931507
2025-10-30 19:00:00,20165,20165,20165,20165,0,2025-10-30 20:00:00,0,0,1761825600000,1761829200000,108387.86000000,95000,0.15559361,0.09372146,0.24931507
2025-10-30 20:00:00,20165,20165,20165,20165,0,2025-10-30 21:00:00,0,0,1761829200000,1761832800000,107627.16000000,95000,0.15547945,0.09383562,0.24931507
2025-10-30 21:00:00,20165,20165,20165,20165,0,2025-10-30 22:00:00,0,0,1761832800000,1761836400000,108285.54000000,95000,0.15536530,0.09394977,0.24931507
2025-10-30 22:00:00,20165,20165,20165,20165,0,2025-10-30 23:00:00,0,0,1761836400000,1761840000000,107711.56000000,95000,0.15525114,0.09406393,0.24931507
2025-10-30 23:00:00,20165,20165,20165,20165,0,2025-10-31 00:00:00,0,0,1761840000000,1761843600000,108144.57000000,95000,0.15513699,0.09417808,0.24931507
2025-10-31 00:00:00,20165,20165,20165,20165,0,2025-10-31 01:00:00,0,0,1761843600000,1761847200000,107486.69000000,95000,0.15502283,0.09429224,0.24931507
2025-10-31 01:00:00,20165,20165,20165,20165,0,2025-10-31 02:00:00,0,0,1761847200000,1761850800000,106837.09000000,95000,0.15490868,0.09440639,0.24931507
2025-10-31 02:00:00,15370,15370,15370,15370,0.01,2025-10-31 03:00:00,153.7,1,1761850800000,1761854400000,106536.39000000,95000,0.15479452,0.09452055,0.24931507
2025-10-31 03:00:00,15370,15370,15370,15370,0,2025-10-31 04:00:00,0,0,1761854400000,1761858000000,107510.91000000,95000,0.15468037,0.09463470,0.24931507
2025-10-31 04:00:00,15370,15370,15370,15370,0,2025-10-31 05:00:00,0,0,1761858000000,1761861600000,107907.68000000,95000,0.15456621,0.09474886,0.24931507
2025-10-31 05:00:00,15370,15370,15370,15370,0,2025-10-31 06:00:00,0,0,1761861600000,1761865200000,107912.81000000,95000,0.15445205,0.09486301,0.24931507
2025-10-31 06:00:00,15370,15370,15370,15370,0,2025-10-31 07:00:00,0,0,1761865200000,1761868800000,108322.88000000,95000,0.15433790,0.09497717,0.24931507
2025-10-31 07:00:00,15370,15370,15370,15370,0,2025-10-31 08:00:00,0,0,1761868800000,1761872400000,109317.21000000,95000,0.15422374,0.09509132,0.24931507
2025-10-31 08:00:00,15370,15370,15370,15370,0,2025-10-31 09:00:00,0,0,1761872400000,1761876000000,109619.77000000,95000,0.15410959,0.09520548,0.24931507
2025-10-31 09:00:00,15370,15370,15370,15370,0,2025-10-31 10:00:00,0,0,1761876000000,1761879600000,108857.99000000,95000,0.15399543,0.09531963,0.24931507
2025-10-31 10:00:00,15370,15370,15370,15370,0,2025-10-31 11:00:00,0,0,1761879600000,1761883200000,109227.86000000,95000,0.15388128,0.09543379,0.24931507
2025-10-31 11:00:00,15370,15370,15370,15370,0,2025-10-31 12:00:00,0,0,1761883200000,1761886800000,110084.02000000,95000,0.15376712,0.09554795,0.24931507
2025-10-31 12:00:00,15370,15370,15370,15370,0,2025-10-31 13:00:00,0,0,1761886800000,1761890400000,109899.15000000,95000,0.15365297,0.09566210,0.24931507
2025-10-31 13:00:00,15370,15370,15370,15370,0,2025-10-31 14:00:00,0,0,1761890400000,1761894000000,109650.00000000,95000,0.15353881,0.09577626,0.24931507
2025-10-31 14:00:00,15370,15370,15370,15370,0,2025-10-31 15:00:00,0,0,1761894000000,1761897600000,109449.31000000,95000,0.15342466,0.09589041,0.24931507
2025-10-31 15:00:00,15370,15370,15370,15370,0,2025-10-31 16:00:00,0,0,1761897600000,1761901200000,110062.44000000,95000,0.15331050,0.09600457,0.24931507
2025-10-31 16:00:00,15370,15370,15370,15370,0,2025-10-31 17:00:00,0,0,1761901200000,1761904800000,109848.39000000,95000,0.15319635,0.09611872,0.24931507
2025-10-31 17:00:00,15370,15370,15370,15370,0,2025-10-31 18:00:00,0,0,1761904800000,1761908400000,109819.20000000,95000,0.15308219,0.09623288,0.24931507
2025-10-31 18:00:00,15370,15370,15370,15370,0,2025-10-31 19:00:00,0,0,1761908400000,1761912000000,110415.61000000,95000,0.15296804,0.09634703,0.24931507
2025-10-31 19:00:00,15370,15370,15370,15370,0,2025-10-31 20:00:00,0,0,1761912000000,1761915600000,109653.19000000,95000,0.15285388,0.09646119,0.24931507
2025-10-31 20:00:00,15370,15370,15370,15370,0,2025-10-31 21:00:00,0,0,1761915600000,1761919200000,110157.54000000,95000,0.15273973,0.09657534,0.24931507
2025-10-31 21:00:00,15370,15370,15370,15370,0,2025-10-31 22:00:00,0,0,1761919200000,1761922800000,110790.14000000,95000,0.15262557,0.09668950,0.24931507
2025-10-31 22:00:00,15370,15370,15370,15370,0,2025-10-31 23:00:00,0,0,1761922800000,1761926400000,110202.90000000,95000,0.15251142,0.09680365,0.24931507
2025-10-31 23:00:00,15370,15370,15370,15370,0,2025-11-01 00:00:00,0,0,1761926400000,1761930000000,108845.40000000,95000,0.15239726,0.09691781,0.24931507
2025-11-01 00:00:00,15370,15370,15370,15370,0,2025-11-01 01:00:00,0,0,1761930000000,1761933600000,109299.98000000,95000,0.15228311,0.09703196,0.24931507
2025-11-01 01:00:00,15370,15370,15370,15370,0,2025-11-01 02:00:00,0,0,1761933600000,1761937200000,109452.35000000,95000,0.15216895,0.09714612,0.24931507
2025-11-01 02:00:00,15370,15370,15370,15370,0,2025-11-01 03:00:00,0,0,1761937200000,1761940800000,109828.78000000,95000,0.15205479,0.09726027,0.24931507
2025-11-01 03:00:00,15370,15370,15370,15370,0,2025-11-01 04:00:00,0,0,1761940800000,1761944400000,109493.85000000,95000,0.15194064,0.09737443,0.24931507
2025-11-01 04:00:00,15370,15370,15370,15370,0,2025-11-01 05:00:00,0,0,1761944400000,1761948000000,109558.48000000,95000,0.15182648,0.09748858,0.24931507
2025-11-01 05:00:00,15370,15370,15370,15370,0,2025-11-01 06:00:00,0,0,1761948000000,1761951600000,109580.09000000,95000,0.15171233,0.09760274,0.24931507
2025-11-01 06:00:00,15370,15370,15370,15370,0,2025-11-01 07:00:00,0,0,1761951600000,1761955200000,109608.01000000,95000,0.15159817,0.09771689,0.24931507
2025-11-01 07:00:00,15370,15370,15370,15370,0,2025-11-01 08:00:00,0,0,1761955200000,1761958800000,109730.78000000,95000,0.15148402,0.09783105,0.24931507
2025-11-01 08:00:00,15370,15370,15370,15370,0,2025-11-01 09:00:00,0,0,1761958800000,1761962400000,109734.11000000,95000,0.15136986,0.09794521,0.24931507
2025-11-01 09:00:00,15370,15370,15370,15370,0,2025-11-01 10:00:00,0,0,1761962400000,1761966000000,109790.27000000,95000,0.15125571,0.09805936,0.24931507
2025-11-01 10:00:00,15370,15370,15370,15370,0,2025-11-01 11:00:00,0,0,1761966000000,1761969600000,110226.37000000,95000,0.15114155,0.09817352,0.24931507
2025-11-01 11:00:00,15370,15370,15370,15370,0,2025-11-01 12:00:00,0,0,1761969600000,1761973200000,110291.67000000,95000,0.15102740,0.09828767,0.24931507
2025-11-01 12:00:00,15370,15370,15370,15370,0,2025-11-01 13:00:00,0,0,1761973200000,1761976800000,110140.79000000,95000,0.15091324,0.09840183,0.24931507
2025-11-01 13:00:00,15370,15370,15370,15370,0,2025-11-01 14:00:00,0,0,1761976800000,1761980400000,110004.82000000,95000,0.15079909,0.09851598,0.24931507
2025-11-01 14:00:00,15370,15370,15370,15370,0,2025-11-01 15:00:00,0,0,1761980400000,1761984000000,110071.40000000,95000,0.15068493,0.09863014,0.24931507
2025-11-01 15:00:00,15370,15370,15370,15370,0,2025-11-01 16:00:00,0,0,1761984000000,1761987600000,110248.88000000,95000,0.15057078,0.09874429,0.24931507
2025-11-01 16:00:00,15370,15370,15370,15370,0,2025-11-01 17:00:00,0,0,1761987600000,1761991200000,109991.29000000,95000,0.15045662,0.09885845,0.24931507
2025-11-01 17:00:00,15370,15370,15370,15370,0,2025-11-01 18:00:00,0,0,1761991200000,1761994800000,110147.83000000,95000,0.15034247,0.09897260,0.24931507
2025-11-01 18:00:00,15370,15370,15370,15370,0,2025-11-01 19:00:00,0,0,1761994800000,1761998400000,110137.59000000,95000,0.15022831,0.09908676,0.24931507
2025-11-01 19:00:00,15370,15370,15370,15370,0,2025-11-01 20:00:00,0,0,1761998400000,1762002000000,110017.27000000,95000,0.15011416,0.09920091,0.24931507
2025-11-01 20:00:00,15370,15370,15370,15370,0,2025-11-01 21:00:00,0,0,1762002000000,1762005600000,109946.27000000,95000,0.15000000,0.09931507,0.24931507
2025-11-01 21:00:00,15370,15370,15370,15370,0,2025-11-01 22:00:00,0,0,1762005600000,1762009200000,109933.85000000,95000,0.14988584,0.09942922,0.24931507
2025-11-01 22:00:00,15370,15370,15370,15370,0,2025-11-01 23:00:00,0,0,1762009200000,1762012800000,110310.65000000,95000,0.14977169,0.09954338,0.24931507
2025-11-01 23:00:00,15370,15370,15370,15370,0,2025-11-02 00:00:00,0,0,1762012800000,1762016400000,110464.33000000,95000,0.14965753,0.09965753,0.24931507
2025-11-02 00:00:00,15370,15370,15370,15370,0,2025-11-02 01:00:00,0,0,1762016400000,1762020000000,110208.97000000,95000,0.14954338,0.09977169,0.24931507
2025-11-02 01:00:00,15370,15370,15370,15370,0,2025-11-02 02:00:00,0,0,1762020000000,1762023600000,110341.27000000,95000,0.14942922,0.09988584,0.24931507
2025-11-02 02:00:00,15370,15370,15370,15370,0,2025-11-02 03:00:00,0,0,1762023600000,1762027200000,110299.99000000,95000,0.14931507,0.10000000,0.24931507
2025-11-02 03:00:00,15370,15370,15370,15370,0,2025-11-02 04:00:00,0,0,1762027200000,1762030800000,110406.20000000,95000,0.14920091,0.10011416,0.24931507
2025-11-02 04:00:00,15370,15370,15370,15370,0,2025-11-02 05:00:00,0,0,1762030800000,1762034400000,109862.85000000,95000,0.14908676,0.10022831,0.24931507
2025-11-02 05:00:00,15370,15370,15370,15370,0,2025-11-02 06:00:00,0,0,1762034400000,1762038000000,110092.78000000,95000,0.14897260,0.10034247,0.24931507
2025-11-02 06:00:00,15370,15370,15370,15370,0,2025-11-02 07:00:00,0,0,1762038000000,1762041600000,110098.10000000,95000,0.14885845,0.10045662,0.24931507
2025-11-02 07:00:00,15370,15370,15370,15370,0,2025-11-02 08:00:00,0,0,1762041600000,1762045200000,109974.09000000,95000,0.14874429,0.10057078,0.24931507
2025-11-02 08:00:00,15370,15370,15370,15370,0,2025-11-02 09:00:00,0,0,1762045200000,1762048800000,109978.01000000,95000,0.14863014,0.10068493,0.24931507
2025-11-02 09:00:00,15370,15370,15370,15370,0,2025-11-02 10:00:00,0,0,1762048800000,1762052400000,110015.77000000,95000,0.14851598,0.10079909,0.24931507
2025-11-02 10:00:00,15370,15370,15370,15370,0,2025-11-02 11:00:00,0,0,1762052400000,1762056000000,110053.23000000,95000,0.14840183,0.10091324,0.24931507
2025-11-02 11:00:00,15370,15370,15370,15370,0,2025-11-02 12:00:00,0,0,1762056000000,1762059600000,110670.27000000,95000,0.14828767,0.10102740,0.24931507
2025-11-02 12:00:00,15370,15370,15370,15370,0,2025-11-02 13:00:00,0,0,1762059600000,1762063200000,110497.98000000,95000,0.14817352,0.10114155,0.24931507
2025-11-02 13:00:00,15370,15370,15370,15370,0,2025-11-02 14:00:00,0,0,1762063200000,1762066800000,110663.89000000,95000,0.14805936,0.10125571,0.24931507
2025-11-02 14:00:00,15370,15370,15370,15370,0,2025-11-02 15:00:00,0,0,1762066800000,1762070400000,110895.53000000,95000,0.14794521,0.10136986,0.24931507
2025-11-02 15:00:00,15370,15370,15370,15370,0,2025-11-02 16:00:00,0,0,1762070400000,1762074000000,110850.17000000,95000,0.14783105,0.10148402,0.24931507
2025-11-02 16:00:00,15370,15370,15370,15370,0,2025-11-02 17:00:00,0,0,1762074000000,1762077600000,110714.00000000,95000,0.14771689,0.10159817,0.24931507
2025-11-02 17:00:00,15370,15370,15370,15370,0,2025-11-02 18:00:00,0,0,1762077600000,1762081200000,110492.00000000,95000,0.14760274,0.10171233,0.24931507
2025-11-02 18:00:00,15370,15370,15370,15370,0,2025-11-02 19:00:00,0,0,1762081200000,1762084800000,111196.99000000,95000,0.14748858,0.10182648,0.24931507
2025-11-02 19:00:00,15370,15370,15370,15370,0,2025-11-02 20:00:00,0,0,1762084800000,1762088400000,110736.24000000,95000,0.14737443,0.10194064,0.24931507
2025-11-02 20:00:00,15370,15370,15370,15370,0,2025-11-02 21:00:00,0,0,1762088400000,1762092000000,110568.65000000,95000,0.14726027,0.10205479,0.24931507
2025-11-02 21:00:00,15370,15370,15370,15370,0,2025-11-02 22:00:00,0,0,1762092000000,1762095600000,110422.24000000,95000,0.14714612,0.10216895,0.24931507
2025-11-02 22:00:00,15370,15370,15370,15370,0,2025-11-02 23:00:00,0,0,1762095600000,1762099200000,110117.48000000,95000,0.14703196,0.10228311,0.24931507
2025-11-02 23:00:00,15370,15370,15370,15370,0,2025-11-03 00:00:00,0,0,1762099200000,1762102800000,110115.34000000,95000,0.14691781,0.10239726,0.24931507
2025-11-03 00:00:00,15370,15370,15370,15370,0,2025-11-03 01:00:00,0,0,1762102800000,1762106400000,110190.40000000,95000,0.14680365,0.10251142,0.24931507
2025-11-03 01:00:00,15370,15370,15370,15370,0,2025-11-03 02:00:00,0,0,1762106400000,1762110000000,110331.00000000,95000,0.14668950,0.10262557,0.24931507
2025-11-03 02:00:00,15370,15370,15370,15370,0,2025-11-03 03:00:00,0,0,1762110000000,1762113600000,110180.84000000,95000,0.14657534,0.10273973,0.24931507
2025-11-03 03:00:00,15370,15370,15370,15370,0,2025-11-03 04:00:00,0,0,1762113600000,1762117200000,110086.70000000,95000,0.14646119,0.10285388,0.24931507
2025-11-03 04:00:00,15370,15370,15370,15370,0,2025-11-03 05:00:00,0,0,1762117200000,1762120800000,109990.90000000,95000,0.14634703,0.10296804,0.24931507
2025-11-03 05:00:00,15370,15370,15370,15370,0,2025-11-03 06:00:00,0,0,1762120800000,1762124400000,109899.99000000,95000,0.14623288,0.10308219,0.24931507
2025-11-03 06:00:00,15370,15370,15370,15370,0,2025-11-03 07:00:00,0,0,1762124400000,1762128000000,110540.68000000,95000,0.14611872,0.10319635,0.24931507
2025-11-03 07:00:00,15370,15370,15370,15370,0,2025-11-03 08:00:00,0,0,1762128000000,1762131600000,109757.11000000,95000,0.14600457,0.10331050,0.24931507
2025-11-03 08:00:00,15370,15370,15370,15370,0,2025-11-03 09:00:00,0,0,1762131600000,1762135200000,109665.50000000,95000,0.14589041,0.10342466,0.24931507
2025-11-03 09:00:00,15370,15370,15370,15370,0,2025-11-03 10:00:00,0,0,1762135200000,1762138800000,109033.83000000,95000,0.14577626,0.10353881,0.24931507
2025-11-03 10:00:00,15370,15370,15370,15370,0,2025-11-03 11:00:00,0,0,1762138800000,1762142400000,107937.45000000,95000,0.14566210,0.10365297,0.24931507
2025-11-03 11:00:00,15370,15370,15370,15370,0,2025-11-03 12:00:00,0,0,1762142400000,1762146000000,107900.37000000,95000,0.14554795,0.10376712,0.24931507
2025-11-03 12:00:00,15370,15370,15370,15370,0,2025-11-03 13:00:00,0,0,1762146000000,1762149600000,107606.75000000,95000,0.14543379,0.10388128,0.24931507
2025-11-03 13:00:00,15370,15370,15370,15370,0,2025-11-03 14:00:00,0,0,1762149600000,1762153200000,107494.23000000,95000,0.14531963,0.10399543,0.24931507
2025-11-03 14:00:00,15370,15370,15370,15370,0,2025-11-03 15:00:00,0,0,1762153200000,1762156800000,107468.23000000,95000,0.14520548,0.10410959,0.24931507
2025-11-03 15:00:00,15370,15370,15370,15370,0,2025-11-03 16:00:00,0,0,1762156800000,1762160400000,107586.97000000,95000,0.14509132,0.10422374,0.24931507
2025-11-03 16:00:00,15370,15370,15370,15370,0,2025-11-03 17:00:00,0,0,1762160400000,1762164000000,107197.94000000,95000,0.14497717,0.10433790,0.24931507
2025-11-03 17:00:00,15370,15370,15370,15370,0,2025-11-03 18:00:00,0,0,1762164000000,1762167600000,106974.99000000,95000,0.14486301,0.10445205,0.24931507
2025-11-03 18:00:00,15370,15370,15370,15370,0,2025-11-03 19:00:00,0,0,1762167600000,1762171200000,107787.42000000,95000,0.14474886,0.10456621,0.24931507
2025-11-03 19:00:00,15370,15370,15370,15370,0,2025-11-03 20:00:00,0,0,1762171200000,1762174800000,107768.90000000,95000,0.14463470,0.10468037,0.24931507
2025-11-03 20:00:00,15370,15370,15370,15370,0,2025-11-03 21:00:00,0,0,1762174800000,1762178400000,107908.68000000,95000,0.14452055,0.10479452,0.24931507
2025-11-03 21:00:00,15370,15370,15370,15370,0,2025-11-03 22:00:00,0,0,1762178400000,1762182000000,108059.99000000,95000,0.14440639,0.10490868,0.24931507
2025-11-03 22:00:00,15370,15370,15370,15370,0,2025-11-03 23:00:00,0,0,1762182000000,1762185600000,105745.71000000,95000,0.14429224,0.10502283,0.24931507
2025-11-03 23:00:00,15370,15370,15370,15370,0,2025-11-04 00:00:00,0,0,1762185600000,1762189200000,106678.44000000,95000,0.14417808,0.10513699,0.24931507
2025-11-04 00:00:00,15370,15370,15370,15370,0,2025-11-04 01:00:00,0,0,1762189200000,1762192800000,107481.19000000,95000,0.14406393,0.10525114,0.24931507
2025-11-04 01:00:00,15370,15370,15370,15370,0,2025-11-04 02:00:00,0,0,1762192800000,1762196400000,106961.62000000,95000,0.14394977,0.10536530,0.24931507
2025-11-04 02:00:00,15370,15370,15370,15370,0,2025-11-04 03:00:00,0,0,1762196400000,1762200000000,107090.00000000,95000,0.14383562,0.10547945,0.24931507
2025-11-04 03:00:00,15370,15370,15370,15370,0,2025-11-04 04:00:00,0,0,1762200000000,1762203600000,106657.55000000,95000,0.14372146,0.10559361,0.24931507
2025-11-04 04:00:00,15370,15370,15370,15370,0,2025-11-04 05:00:00,0,0,1762203600000,1762207200000,106888.71000000,95000,0.14360731,0.10570776,0.24931507
2025-11-04 05:00:00,15370,15370,15370,15370,0,2025-11-04 06:00:00,0,0,1762207200000,1762210800000,106489.95000000,95000,0.14349315,0.10582192,0.24931507
2025-11-04 06:00:00,15370,15370,15370,15370,0,2025-11-04 07:00:00,0,0,1762210800000,1762214400000,106583.04000000,95000,0.14337900,0.10593607,0.24931507
2025-11-04 07:00:00,15370,15370,15370,15370,0,2025-11-04 08:00:00,0,0,1762214400000,1762218000000,106471.45000000,95000,0.14326484,0.10605023,0.24931507
2025-11-04 08:00:00,15370,15370,15370,15370,0,2025-11-04 09:00:00,0,0,1762218000000,1762221600000,107040.01000000,95000,0.14315068,0.10616438,0.24931507
2025-11-04 09:00:00,15370,15370,15370,15370,0,2025-11-04 10:00:00,0,0,1762221600000,1762225200000,106482.60000000,95000,0.14303653,0.10627854,0.24931507
2025-11-04 10:00:00,15370,15370,15370,15370,0,2025-11-04 11:00:00,0,0,1762225200000,1762228800000,107158.79000000,95000,0.14292237,0.10639269,0.24931507
2025-11-04 11:00:00,15370,15370,15370,15370,0,2025-11-04 12:00:00,0,0,1762228800000,1762232400000,106750.14000000,95000,0.14280822,0.10650685,0.24931507
2025-11-04 12:00:00,15370,15370,15370,15370,0,2025-11-04 13:00:00,0,0,1762232400000,1762236000000,104215.76000000,95000,0.14269406,0.10662100,0.24931507
2025-11-04 13:00:00,15370,15370,15370,15370,0,2025-11-04 14:00:00,0,0,1762236000000,1762239600000,104766.14000000,95000,0.14257991,0.10673516,0.24931507
2025-11-04 14:00:00,15370,15370,15370,15370,0,2025-11-04 15:00:00,0,0,1762239600000,1762243200000,104490.72000000,95000,0.14246575,0.10684932,0.24931507
2025-11-04 15:00:00,15370,15370,15370,15370,0,2025-11-04 16:00:00,0,0,1762243200000,1762246800000,104051.90000000,95000,0.14235160,0.10696347,0.24931507
2025-11-04 16:00:00,15370,15370,15370,15370,0,2025-11-04 17:00:00,0,0,1762246800000,1762250400000,103857.96000000,95000,0.14223744,0.10707763,0.24931507
2025-11-04 17:00:00,15370,15370,15370,15370,0,2025-11-04 18:00:00,0,0,1762250400000,1762254000000,103816.39000000,95000,0.14212329,0.10719178,0.24931507
2025-11-04 18:00:00,15370,15370,15370,15370,0,2025-11-04 19:00:00,0,0,1762254000000,1762257600000,104584.76000000,95000,0.14200913,0.10730594,0.24931507
2025-11-04 19:00:00,15370,15370,15370,15370,0,2025-11-04 20:00:00,0,0,1762257600000,1762261200000,103952.54000000,95000,0.14189498,0.10742009,0.24931507
2025-11-04 20:00:00,15370,15370,15370,15370,0,2025-11-04 21:00:00,0,0,1762261200000,1762264800000,103924.25000000,95000,0.14178082,0.10753425,0.24931507
2025-11-04 21:00:00,15370,15370,15370,15370,0,2025-11-04 22:00:00,0,0,1762264800000,1762268400000,104500.01000000,95000,0.14166667,0.10764840,0.24931507
2025-11-04 22:00:00,15370,15370,15370,15370,0,2025-11-04 23:00:00,0,0,1762268400000,1762272000000,103197.01000000,95000,0.14155251,0.10776256,0.24931507
2025-11-04 23:00:00,15370,15370,15370,15370,0,2025-11-05 00:00:00,0,0,1762272000000,1762275600000,102257.70000000,95000,0.14143836,0.10787671,0.24931507
2025-11-05 00:00:00,15370,15370,15370,15370,0,2025-11-05 01:00:00,0,0,1762275600000,1762279200000,101114.83000000,95000,0.14132420,0.10799087,0.24931507
2025-11-05 01:00:00,15370,15370,15370,15370,0,2025-11-05 02:00:00,0,0,1762279200000,1762282800000,101363.98000000,95000,0.14121005,0.10810502,0.24931507
2025-11-05 02:00:00,15370,15370,15370,15370,0,2025-11-05 03:00:00,0,0,1762282800000,1762286400000,100542.64000000,95000,0.14109589,0.10821918,0.24931507
2025-11-05 03:00:00,15370,15370,15370,15370,0,2025-11-05 04:00:00,0,0,1762286400000,1762290000000,100755.43000000,95000,0.14098174,0.10833333,0.24931507
2025-11-05 04:00:00,15370,15370,15370,15370,0,2025-11-05 05:00:00,0,0,1762290000000,1762293600000,100311.46000000,95000,0.14086758,0.10844749,0.24931507
2025-11-05 05:00:00,15370,15370,15370,15370,0,2025-11-05 06:00:00,0,0,1762293600000,1762297200000,101295.71000000,95000,0.14075342,0.10856164,0.24931507
2025-11-05 06:00:00,15370,15370,15370,15370,0,2025-11-05 07:00:00,0,0,1762297200000,1762300800000,101497.22000000,95000,0.14063927,0.10867580,0.24931507
2025-11-05 07:00:00,15370,15370,15370,15370,0,2025-11-05 08:00:00,0,0,1762300800000,1762304400000,100564.30000000,95000,0.14052511,0.10878995,0.24931507
2025-11-05 08:00:00,15370,15370,15370,15370,0,2025-11-05 09:00:00,0,0,1762304400000,1762308000000,100761.62000000,95000,0.14041096,0.10890411,0.24931507
2025-11-05 09:00:00,15370,15370,15370,15370,0,2025-11-05 10:00:00,0,0,1762308000000,1762311600000,101677.93000000,95000,0.14029680,0.10901826,0.24931507
2025-11-05 10:00:00,15370,15370,15370,15370,0,2025-11-05 11:00:00,0,0,1762311600000,1762315200000,102130.00000000,95000,0.14018265,0.10913242,0.24931507
2025-11-05 11:00:00,15370,15370,15370,15370,0,2025-11-05 12:00:00,0,0,1762315200000,1762318800000,101998.30000000,95000,0.14006849,0.10924658,0.24931507
2025-11-05 12:00:00,15370,15370,15370,15370,0,2025-11-05 13:00:00,0,0,1762318800000,1762322400000,101824.89000000,95000,0.13995434,0.10936073,0.24931507
2025-11-05 13:00:00,15370,15370,15370,15370,0,2025-11-05 14:00:00,0,0,1762322400000,1762326000000,102119.99000000,95000,0.13984018,0.10947489,0.24931507
2025-11-05 14:00:00,15370,15370,15370,15370,0,2025-11-05 15:00:00,0,0,1762326000000,1762329600000,101993.02000000,95000,0.13972603,0.10958904,0.24931507
2025-11-05 15:00:00,15370,15370,15370,15370,0,2025-11-05 16:00:00,0,0,1762329600000,1762333200000,101699.74000000,95000,0.13961187,0.10970320,0.24931507
2025-11-05 16:00:00,15370,15370,15370,15370,0,2025-11-05 17:00:00,0,0,1762333200000,1762336800000,101995.29000000,95000,0.13949772,0.10981735,0.24931507
2025-11-05 17:00:00,15370,15370,15370,15370,0,2025-11-05 18:00:00,0,0,1762336800000,1762340400000,101401.97000000,95000,0.13938356,0.10993151,0.24931507
2025-11-05 18:00:00,15370,15370,15370,15370,0,2025-11-05 19:00:00,0,0,1762340400000,1762344000000,102070.61000000,95000,0.13926941,0.11004566,0.24931507
2025-11-05 19:00:00,15370,15370,15370,15370,0,2025-11-05 20:00:00,0,0,1762344000000,1762347600000,102673.35000000,95000,0.13915525,0.11015982,0.24931507
2025-11-05 20:00:00,15370,15370,15370,15370,0,2025-11-05 21:00:00,0,0,1762347600000,1762351200000,102985.91000000,95000,0.13904110,0.11027397,0.24931507
2025-11-05 21:00:00,15370,15370,15370,15370,0,2025-11-05 22:00:00,0,0,1762351200000,1762354800000,103202.30000000,95000,0.13892694,0.11038813,0.24931507
2025-11-05 22:00:00,15370,15370,15370,15370,0,2025-11-05 23:00:00,0,0,1762354800000,1762358400000,103728.30000000,95000,0.13881279,0.11050228,0.24931507
2025-11-05 23:00:00,15370,15370,15370,15370,0,2025-11-06 00:00:00,0,0,1762358400000,1762362000000,103919.20000000,95000,0.13869863,0.11061644,0.24931507
2025-11-06 00:00:00,15370,15370,15370,15370,0,2025-11-06 01:00:00,0,0,1762362000000,1762365600000,103904.05000000,95000,0.13858447,0.11073059,0.24931507
2025-11-06 01:00:00,15370,15370,15370,15370,0,2025-11-06 02:00:00,0,0,1762365600000,1762369200000,104347.40000000,95000,0.13847032,0.11084475,0.24931507
2025-11-06 02:00:00,15370,15370,15370,15370,0,2025-11-06 03:00:00,0,0,1762369200000,1762372800000,104008.09000000,95000,0.13835616,0.11095890,0.24931507
2025-11-06 03:00:00,15370,15370,15370,15370,0,2025-11-06 04:00:00,0,0,1762372800000,1762376400000,103831.22000000,95000,0.13824201,0.11107306,0.24931507
2025-11-06 04:00:00,15370,15370,15370,15370,0,2025-11-06 05:00:00,0,0,1762376400000,1762380000000,103672.37000000,95000,0.13812785,0.11118721,0.24931507
2025-11-06 05:00:00,15370,15370,15370,15370,0,2025-11-06 06:00:00,0,0,1762380000000,1762383600000,103706.55000000,95000,0.13801370,0.11130137,0.24931507
2025-11-06 06:00:00,15370,15370,15370,15370,0,2025-11-06 07:00:00,0,0,1762383600000,1762387200000,103885.16000000,95000,0.13789954,0.11141553,0.24931507
2025-11-06 07:00:00,15370,15370,15370,15370,0,2025-11-06 08:00:00,0,0,1762387200000,1762390800000,103677.72000000,95000,0.13778539,0.11152968,0.24931507
2025-11-06 08:00:00,15370,15370,15370,15370,0,2025-11-06 09:00:00,0,0,1762390800000,1762394400000,103365.65000000,95000,0.13767123,0.11164384,0.24931507
2025-11-06 09:00:00,15370,15370,15370,15370,0,2025-11-06 10:00:00,0,0,1762394400000,1762398000000,103321.81000000,95000,0.13755708,0.11175799,0.24931507
2025-11-06 10:00:00,15370,15370,15370,15370,0,2025-11-06 11:00:00,0,0,1762398000000,1762401600000,103636.03000000,95000,0.13744292,0.11187215,0.24931507
2025-11-06 11:00:00,15370,15370,15370,15370,0,2025-11-06 12:00:00,0,0,1762401600000,1762405200000,104030.79000000,95000,0.13732877,0.11198630,0.24931507
2025-11-06 12:00:00,15370,15370,15370,15370,0,2025-11-06 13:00:00,0,0,1762405200000,1762408800000,103143.57000000,95000,0.13721461,0.11210046,0.24931507
2025-11-06 13:00:00,15370,15370,15370,15370,0,2025-11-06 14:00:00,0,0,1762408800000,1762412400000,103318.75000000,95000,0.13710046,0.11221461,0.24931507
2025-11-06 14:00:00,15370,15370,15370,15370,0,2025-11-06 15:00:00,0,0,1762412400000,1762416000000,103185.48000000,95000,0.13698630,0.11232877,0.24931507
2025-11-06 15:00:00,15370,15370,15370,15370,0,2025-11-06 16:00:00,0,0,1762416000000,1762419600000,103200.26000000,95000,0.13687215,0.11244292,0.24931507
2025-11-06 16:00:00,15370,15370,15370,15370,0,2025-11-06 17:00:00,0,0,1762419600000,1762423200000,102810.01000000,95000,0.13675799,0.11255708,0.24931507
2025-11-06 17:00:00,15370,15370,15370,15370,0,2025-11-06 18:00:00,0,0,1762423200000,1762426800000,103122.54000000,95000,0.13664384,0.11267123,0.24931507
2025-11-06 18:00:00,15370,15370,15370,15370,0,2025-11-06 19:00:00,0,0,1762426800000,1762430400000,103227.58000000,95000,0.13652968,0.11278539,0.24931507
2025-11-06 19:00:00,15370,15370,15370,15370,0,2025-11-06 20:00:00,0,0,1762430400000,1762434000000,102552.38000000,95000,0.13641553,0.11289954,0.24931507
2025-11-06 20:00:00,15370,15370,15370,15370,0,2025-11-06 21:00:00,0,0,1762434000000,1762437600000,103319.71000000,95000,0.13630137,0.11301370,0.24931507
2025-11-06 21:00:00,15370,15370,15370,15370,0,2025-11-06 22:00:00,0,0,1762437600000,1762441200000,102125.00000000,95000,0.13618721,0.11312785,0.24931507
2025-11-06 22:00:00,15370,15370,15370,15370,0,2025-11-06 23:00:00,0,0,1762441200000,1762444800000,102014.48000000,95000,0.13607306,0.11324201,0.24931507
2025-11-06 23:00:00,15370,15370,15370,15370,0,2025-11-07 00:00:00,0,0,1762444800000,1762448400000,100867.20000000,95000,0.13595890,0.11335616,0.24931507
2025-11-07 00:00:00,15370,15370,15370,15370,0,2025-11-07 01:00:00,0,0,1762448400000,1762452000000,101804.01000000,95000,0.13584475,0.11347032,0.24931507
2025-11-07 01:00:00,15370,15370,15370,15370,0,2025-11-07 02:00:00,0,0,1762452000000,1762455600000,101722.13000000,95000,0.13573059,0.11358447,0.24931507
2025-11-07 02:00:00,15370,15370,15370,15370,0,2025-11-07 03:00:00,0,0,1762455600000,1762459200000,101388.81000000,95000,0.13561644,0.11369863,0.24931507
2025-11-07 03:00:00,15370,15370,15370,15370,0,2025-11-07 04:00:00,0,0,1762459200000,1762462800000,100914.11000000,95000,0.13550228,0.11381279,0.24931507
2025-11-07 04:00:00,15370,15370,15370,15370,0,2025-11-07 05:00:00,0,0,1762462800000,1762466400000,101117.17000000,95000,0.13538813,0.11392694,0.24931507
2025-11-07 05:00:00,15370,15370,15370,15370,0,2025-11-07 06:00:00,0,0,1762466400000,1762470000000,101415.05000000,95000,0.13527397,0.11404110,0.24931507
2025-11-07 06:00:00,15370,15370,15370,15370,0,2025-11-07 07:00:00,0,0,1762470000000,1762473600000,101346.04000000,95000,0.13515982,0.11415525,0.24931507
2025-11-07 07:00:00,15370,15370,15370,15370,0,2025-11-07 08:00:00,0,0,1762473600000,1762477200000,101479.78000000,95000,0.13504566,0.11426941,0.24931507
2025-11-07 08:00:00,15370,15370,15370,15370,0,2025-11-07 09:00:00,0,0,1762477200000,1762480800000,101538.96000000,95000,0.13493151,0.11438356,0.24931507
2025-11-07 09:00:00,15370,15370,15370,15370,0,2025-11-07 10:00:00,0,0,1762480800000,1762484400000,101905.11000000,95000,0.13481735,0.11449772,0.24931507
2025-11-07 10:00:00,15370,15370,15370,15370,0,2025-11-07 11:00:00,0,0,1762484400000,1762488000000,101916.29000000,95000,0.13470320,0.11461187,0.24931507
2025-11-07 11:00:00,15370,15370,15370,15370,0,2025-11-07 12:00:00,0,0,1762488000000,1762491600000,102027.19000000,95000,0.13458904,0.11472603,0.24931507
2025-11-07 12:00:00,15370,15370,15370,15370,0,2025-11-07 13:00:00,0,0,1762491600000,1762495200000,102447.47000000,95000,0.13447489,0.11484018,0.24931507
2025-11-07 13:00:00,15370,15370,15370,15370,0,2025-11-07 14:00:00,0,0,1762495200000,1762498800000,101819.10000000,95000,0.13436073,0.11495434,0.24931507
2025-11-07 14:00:00,15370,15370,15370,15370,0,2025-11-07 15:00:00,0,0,1762498800000,1762502400000,102010.00000000,95000,0.13424658,0.11506849,0.24931507
2025-11-07 15:00:00,15370,15370,15370,15370,0,2025-11-07 16:00:00,0,0,1762502400000,1762506000000,101496.18000000,95000,0.13413242,0.11518265,0.24931507
2025-11-07 16:00:00,15370,15370,15370,15370,0,2025-11-07 17:00:00,0,0,1762506000000,1762509600000,101013.66000000,95000,0.13401826,0.11529680,0.24931507
2025-11-07 17:00:00,15370,15370,15370,15370,0,2025-11-07 18:00:00,0,0,1762509600000,1762513200000,100770.85000000,95000,0.13390411,0.11541096,0.24931507
2025-11-07 18:00:00,15370,15370,15370,15370,0,2025-11-07 19:00:00,0,0,1762513200000,1762516800000,100411.89000000,95000,0.13378995,0.11552511,0.24931507
2025-11-07 19:00:00,15370,15370,15370,15370,0,2025-11-07 20:00:00,0,0,1762516800000,1762520400000,99638.28000000,95000,0.13367580,0.11563927,0.24931507
2025-11-07 20:00:00,15370,15370,15370,15370,0,2025-11-07 21:00:00,0,0,1762520400000,1762524000000,100347.35000000,95000,0.13356164,0.11575342,0.24931507
2025-11-07 21:00:00,15370,15370,15370,15370,0,2025-11-07 22:00:00,0,0,1762524000000,1762527600000,100806.08000000,95000,0.13344749,0.11586758,0.24931507
2025-11-07 22:00:00,15370,15370,15370,15370,0,2025-11-07 23:00:00,0,0,1762527600000,1762531200000,100797.95000000,95000,0.13333333,0.11598174,0.24931507
2025-11-07 23:00:00,15370,15370,15370,15370,0,2025-11-08 00:00:00,0,0,1762531200000,1762534800000,101169.20000000,95000,0.13321918,0.11609589,0.24931507
2025-11-08 00:00:00,15370,15370,15370,15370,0,2025-11-08 01:00:00,0,0,1762534800000,1762538400000,102397.12000000,95000,0.13310502,0.11621005,0.24931507
2025-11-08 01:00:00,15370,15370,15370,15370,0,2025-11-08 02:00:00,0,0,1762538400000,1762542000000,102609.46000000,95000,0.13299087,0.11632420,0.24931507
2025-11-08 02:00:00,15370,15370,15370,15370,0,2025-11-08 03:00:00,0,0,1762542000000,1762545600000,103395.25000000,95000,0.13287671,0.11643836,0.24931507
2025-11-08 03:00:00,15370,15370,15370,15370,0,2025-11-08 04:00:00,0,0,1762545600000,1762549200000,103783.09000000,95000,0.13276256,0.11655251,0.24931507
2025-11-08 04:00:00,15370,15370,15370,15370,0,2025-11-08 05:00:00,0,0,1762549200000,1762552800000,103879.23000000,95000,0.13264840,0.11666667,0.24931507
2025-11-08 05:00:00,15370,15370,15370,15370,0,2025-11-08 06:00:00,0,0,1762552800000,1762556400000,103633.03000000,95000,0.13253425,0.11678082,0.24931507
2025-11-08 06:00:00,15370,15370,15370,15370,0,2025-11-08 07:00:00,0,0,1762556400000,1762560000000,103339.08000000,95000,0.13242009,0.11689498,0.24931507
2025-11-08 07:00:00,15370,15370,15370,15370,0,2025-11-08 08:00:00,0,0,1762560000000,1762563600000,102713.15000000,95000,0.13230594,0.11700913,0.24931507
2025-11-08 08:00:00,15370,15370,15370,15370,0,2025-11-08 09:00:00,0,0,1762563600000,1762567200000,102996.84000000,95000,0.13219178,0.11712329,0.24931507
2025-11-08 09:00:00,15370,15370,15370,15370,0,2025-11-08 10:00:00,0,0,1762567200000,1762570800000,102846.65000000,95000,0.13207763,0.11723744,0.24931507
2025-11-08 10:00:00,15370,15370,15370,15370,0,2025-11-08 11:00:00,0,0,1762570800000,1762574400000,102592.76000000,95000,0.13196347,0.11735160,0.24931507
2025-11-08 11:00:00,15370,15370,15370,15370,0,2025-11-08 12:00:00,0,0,1762574400000,1762578000000,102565.03000000,95000,0.13184932,0.11746575,0.24931507
2025-11-08 12:00:00,15370,15370,15370,15370,0,2025-11-08 13:00:00,0,0,1762578000000,1762581600000,102304.00000000,95000,0.13173516,0.11757991,0.24931507
2025-11-08 13:00:00,15370,15370,15370,15370,0,2025-11-08 14:00:00,0,0,1762581600000,1762585200000,102215.62000000,95000,0.13162100,0.11769406,0.24931507
2025-11-08 14:00:00,11075,11075,11075,11075,0.01,2025-11-08 15:00:00,110.75,1,1762585200000,1762588800000,102352.96000000,95000,0.13150685,0.11780822,0.24931507
2025-11-08 15:00:00,11075,11075,11075,11075,0,2025-11-08 16:00:00,0,0,1762588800000,1762592400000,102431.74000000,95000,0.13139269,0.11792237,0.24931507
2025-11-08 16:00:00,11075,11075,11075,11075,0,2025-11-08 17:00:00,0,0,1762592400000,1762596000000,102399.46000000,95000,0.13127854,0.11803653,0.24931507
2025-11-08 17:00:00,11075,11075,11075,11075,0,2025-11-08 18:00:00,0,0,1762596000000,1762599600000,102480.04000000,95000,0.13116438,0.11815068,0.24931507
2025-11-08 18:00:00,11075,11075,11075,11075,0,2025-11-08 19:00:00,0,0,1762599600000,1762603200000,101857.10000000,95000,0.13105023,0.11826484,0.24931507
2025-11-08 19:00:00,11075,11075,11075,11075,0,2025-11-08 20:00:00,0,0,1762603200000,1762606800000,102065.14000000,95000,0.13093607,0.11837900,0.24931507
2025-11-08 20:00:00,11075,11075,11075,11075,0,2025-11-08 21:00:00,0,0,1762606800000,1762610400000,101804.63000000,95000,0.13082192,0.11849315,0.24931507
2025-11-08 21:00:00,11075,11075,11075,11075,0,2025-11-08 22:00:00,0,0,1762610400000,1762614000000,101827.19000000,95000,0.13070776,0.11860731,0.24931507
2025-11-08 22:00:00,11075,11075,11075,11075,0,2025-11-08 23:00:00,0,0,1762614000000,1762617600000,101711.45000000,95000,0.13059361,0.11872146,0.24931507
2025-11-08 23:00:00,11075,11075,11075,11075,0,2025-11-09 00:00:00,0,0,1762617600000,1762621200000,101850.22000000,95000,0.13047945,0.11883562,0.24931507
2025-11-09 00:00:00,11075,11075,11075,11075,0,2025-11-09 01:00:00,0,0,1762621200000,1762624800000,101994.52000000,95000,0.13036530,0.11894977,0.24931507
2025-11-09 01:00:00,11075,11075,11075,11075,0,2025-11-09 02:00:00,0,0,1762624800000,1762628400000,102139.53000000,95000,0.13025114,0.11906393,0.24931507
2025-11-09 02:00:00,11075,11075,11075,11075,0,2025-11-09 03:00:00,0,0,1762628400000,1762632000000,101989.65000000,95000,0.13013699,0.11917808,0.24931507
2025-11-09 03:00:00,11075,11075,11075,11075,0,2025-11-09 04:00:00,0,0,1762632000000,1762635600000,102068.06000000,95000,0.13002283,0.11929224,0.24931507
2025-11-09 04:00:00,11075,11075,11075,11075,0,2025-11-09 05:00:00,0,0,1762635600000,1762639200000,102272.81000000,95000,0.12990868,0.11940639,0.24931507
2025-11-09 05:00:00,11075,11075,11075,11075,0,2025-11-09 06:00:00,0,0,1762639200000,1762642800000,102377.46000000,95000,0.12979452,0.11952055,0.24931507
2025-11-09 06:00:00,11075,11075,11075,11075,0,2025-11-09 07:00:00,0,0,1762642800000,1762646400000,102312.94000000,95000,0.12968037,0.11963470,0.24931507
2025-11-09 07:00:00,11075,11075,11075,11075,0,2025-11-09 08:00:00,0,0,1762646400000,1762650000000,101797.74000000,95000,0.12956621,0.11974886,0.24931507
2025-11-09 08:00:00,11075,11075,11075,11075,0,2025-11-09 09:00:00,0,0,1762650000000,1762653600000,102045.07000000,95000,0.12945205,0.11986301,0.24931507
2025-11-09 09:00:00,11075,11075,11075,11075,0,2025-11-09 10:00:00,0,0,1762653600000,1762657200000,101633.25000000,95000,0.12933790,0.11997717,0.24931507
2025-11-09 10:00:00,11075,11075,11075,11075,0,2025-11-09 11:00:00,0,0,1762657200000,1762660800000,101662.05000000,95000,0.12922374,0.12009132,0.24931507
2025-11-09 11:00:00,11075,11075,11075,11075,0,2025-11-09 12:00:00,0,0,1762660800000,1762664400000,101724.91000000,95000,0.12910959,0.12020548,0.24931507
2025-11-09 12:00:00,11075,11075,11075,11075,0,2025-11-09 13:00:00,0,0,1762664400000,1762668000000,101928.54000000,95000,0.12899543,0.12031963,0.24931507
2025-11-09 13:00:00,11075,11075,11075,11075,0,2025-11-09 14:00:00,0,0,1762668000000,1762671600000,101752.83000000,95000,0.12888128,0.12043379,0.24931507
2025-11-09 14:00:00,11075,11075,11075,11075,0,2025-11-09 15:00:00,0,0,1762671600000,1762675200000,101944.59000000,95000,0.12876712,0.12054795,0.24931507
2025-11-09 15:00:00,11075,11075,11075,11075,0,2025-11-09 16:00:00,0,0,1762675200000,1762678800000,101972.94000000,95000,0.12865297,0.12066210,0.24931507
2025-11-09 16:00:00,11075,11075,11075,11075,0,2025-11-09 17:00:00,0,0,1762678800000,1762682400000,101657.46000000,95000,0.12853881,0.12077626,0.24931507
2025-11-09 17:00:00,11075,11075,11075,11075,0,2025-11-09 18:00:00,0,0,1762682400000,1762686000000,101876.36000000,95000,0.12842466,0.12089041,0.24931507
2025-11-09 18:00:00,11075,11075,11075,11075,0,2025-11-09 19:00:00,0,0,1762686000000,1762689600000,102239.41000000,95000,0.12831050,0.12100457,0.24931507
2025-11-09 19:00:00,11075,11075,11075,11075,0,2025-11-09 20:00:00,0,0,1762689600000,1762693200000,102086.90000000,95000,0.12819635,0.12111872,0.24931507
2025-11-09 20:00:00,11075,11075,11075,11075,0,2025-11-09 21:00:00,0,0,1762693200000,1762696800000,102911.39000000,95000,0.12808219,0.12123288,0.24931507
2025-11-09 21:00:00,11075,11075,11075,11075,0,2025-11-09 22:00:00,0,0,1762696800000,1762700400000,103037.90000000,95000,0.12796804,0.12134703,0.24931507
2025-11-09 22:00:00,11075,11075,11075,11075,0,2025-11-09 23:00:00,0,0,1762700400000,1762704000000,103762.17000000,95000,0.12785388,0.12146119,0.24931507
2025-11-09 23:00:00,11075,11075,11075,11075,0,2025-11-10 00:00:00,0,0,1762704000000,1762707600000,103845.04000000,95000,0.12773973,0.12157534,0.24931507
2025-11-10 00:00:00,11075,11075,11075,11075,0,2025-11-10 01:00:00,0,0,1762707600000,1762711200000,103637.57000000,95000,0.12762557,0.12168950,0.24931507
2025-11-10 01:00:00,11075,11075,11075,11075,0,2025-11-10 02:00:00,0,0,1762711200000,1762714800000,104512.65000000,95000,0.12751142,0.12180365,0.24931507
2025-11-10 02:00:00,11075,11075,11075,11075,0,2025-11-10 03:00:00,0,0,1762714800000,1762718400000,104805.57000000,95000,0.12739726,0.12191781,0.24931507
2025-11-10 03:00:00,11075,11075,11075,11075,0,2025-11-10 04:00:00,0,0,1762718400000,1762722000000,104633.12000000,95000,0.12728311,0.12203196,0.24931507
2025-11-10 04:00:00,11075,11075,11075,11075,0,2025-11-10 05:00:00,0,0,1762722000000,1762725600000,104528.82000000,95000,0.12716895,0.12214612,0.24931507
2025-11-10 05:00:00,11075,11075,11075,11075,0,2025-11-10 06:00:00,0,0,1762725600000,1762729200000,104732.48000000,95000,0.12705479,0.12226027,0.24931507
2025-11-10 06:00:00,11075,11075,11075,11075,0,2025-11-10 07:00:00,0,0,1762729200000,1762732800000,104722.96000000,95000,0.12694064,0.12237443,0.24931507
2025-11-10 07:00:00,11075,11075,11075,11075,0,2025-11-10 08:00:00,0,0,1762732800000,1762736400000,106314.96000000,95000,0.12682648,0.12248858,0.24931507
2025-11-10 08:00:00,11075,11075,11075,11075,0,2025-11-10 09:00:00,0,0,1762736400000,1762740000000,105699.99000000,95000,0.12671233,0.12260274,0.24931507
2025-11-10 09:00:00,11075,11075,11075,11075,0,2025-11-10 10:00:00,0,0,1762740000000,1762743600000,106006.69000000,95000,0.12659817,0.12271689,0.24931507
2025-11-10 10:00:00,11075,11075,11075,11075,0,2025-11-10 11:00:00,0,0,1762743600000,1762747200000,106027.97000000,95000,0.12648402,0.12283105,0.24931507
2025-11-10 11:00:00,11075,11075,11075,11075,0,2025-11-10 12:00:00,0,0,1762747200000,1762750800000,106153.14000000,95000,0.12636986,0.12294521,0.24931507
2025-11-10 12:00:00,11075,11075,11075,11075,0,2025-11-10 13:00:00,0,0,1762750800000,1762754400000,106100.00000000,95000,0.12625571,0.12305936,0.24931507
2025-11-10 13:00:00,11075,11075,11075,11075,0,2025-11-10 14:00:00,0,0,1762754400000,1762758000000,106221.88000000,95000,0.12614155,0.12317352,0.24931507
2025-11-10 14:00:00,11075,11075,11075,11075,0,2025-11-10 15:00:00,0,0,1762758000000,1762761600000,106461.45000000,95000,0.12602740,0.12328767,0.24931507
2025-11-10 15:00:00,11075,11075,11075,11075,0,2025-11-10 16:00:00,0,0,1762761600000,1762765200000,105965.46000000,95000,0.12591324,0.12340183,0.24931507
2025-11-10 16:00:00,11075,11075,11075,11075,0,2025-11-10 17:00:00,0,0,1762765200000,1762768800000,106440.00000000,95000,0.12579909,0.12351598,0.24931507
2025-11-10 17:00:00,11075,11075,11075,11075,0,2025-11-10 18:00:00,0,0,1762768800000,1762772400000,105995.26000000,95000,0.12568493,0.12363014,0.24931507
2025-11-10 18:00:00,11075,11075,11075,11075,0,2025-11-10 19:00:00,0,0,1762772400000,1762776000000,106176.50000000,95000,0.12557078,0.12374429,0.24931507
2025-11-10 19:00:00,11075,11075,11075,11075,0,2025-11-10 20:00:00,0,0,1762776000000,1762779600000,105944.17000000,95000,0.12545662,0.12385845,0.24931507
2025-11-10 20:00:00,11075,11075,11075,11075,0,2025-11-10 21:00:00,0,0,1762779600000,1762783200000,106548.02000000,95000,0.12534247,0.12397260,0.24931507
2025-11-10 21:00:00,11075,11075,11075,11075,0,2025-11-10 22:00:00,0,0,1762783200000,1762786800000,104898.15000000,95000,0.12522831,0.12408676,0.24931507
2025-11-10 22:00:00,11075,11075,11075,11075,0,2025-11-10 23:00:00,0,0,1762786800000,1762790400000,105079.99000000,95000,0.12511416,0.12420091,0.24931507
2025-11-10 23:00:00,11075,11075,11075,11075,0,2025-11-11 00:00:00,0,0,1762790400000,1762794000000,105242.05000000,95000,0.12500000,0.12431507,0.24931507
2025-11-11 00:00:00,11075,11075,11075,11075,0,2025-11-11 01:00:00,0,0,1762794000000,1762797600000,105953.10000000,95000,0.12488584,0.12442922,0.24931507
2025-11-11 01:00:00,11075,11075,11075,11075,0,2025-11-11 02:00:00,0,0,1762797600000,1762801200000,105478.00000000,95000,0.12477169,0.12454338,0.24931507
2025-11-11 02:00:00,11075,11075,11075,11075,0,2025-11-11 03:00:00,0,0,1762801200000,1762804800000,105817.99000000,95000,0.12465753,0.12465753,0.24931507
2025-11-11 03:00:00,11075,11075,11075,11075,0,2025-11-11 04:00:00,0,0,1762804800000,1762808400000,106010.73000000,95000,0.12454338,0.12477169,0.24931507
2025-11-11 04:00:00,11075,11075,11075,11075,0,2025-11-11 05:00:00,0,0,1762808400000,1762812000000,105631.27000000,95000,0.12442922,0.12488584,0.24931507
2025-11-11 05:00:00,11075,11075,11075,11075,0,2025-11-11 06:00:00,0,0,1762812000000,1762815600000,106062.80000000,95000,0.12431507,0.12500000,0.24931507
2025-11-11 06:00:00,11075,11075,11075,11075,0,2025-11-11 07:00:00,0,0,1762815600000,1762819200000,106011.13000000,95000,0.12420091,0.12511416,0.24931507
2025-11-11 07:00:00,11075,11075,11075,11075,0,2025-11-11 08:00:00,0,0,1762819200000,1762822800000,106139.83000000,95000,0.12408676,0.12522831,0.24931507
2025-11-11 08:00:00,11075,11075,11075,11075,0,2025-11-11 09:00:00,0,0,1762822800000,1762826400000,106110.36000000,95000,0.12397260,0.12534247,0.24931507
2025-11-11 09:00:00,11075,11075,11075,11075,0,2025-11-11 10:00:00,0,0,1762826400000,1762830000000,106655.02000000,95000,0.12385845,0.12545662,0.24931507
2025-11-11 10:00:00,11075,11075,11075,11075,0,2025-11-11 11:00:00,0,0,1762830000000,1762833600000,106456.00000000,95000,0.12374429,0.12557078,0.24931507
2025-11-11 11:00:00,11075,11075,11075,11075,0,2025-11-11 12:00:00,0,0,1762833600000,1762837200000,105755.32000000,95000,0.12363014,0.12568493,0.24931507
2025-11-11 12:00:00,11075,11075,11075,11075,0,2025-11-11 13:00:00,0,0,1762837200000,1762840800000,105249.35000000,95000,0.12351598,0.12579909,0.24931507
2025-11-11 13:00:00,11075,11075,11075,11075,0,2025-11-11 14:00:00,0,0,1762840800000,1762844400000,105261.27000000,95000,0.12340183,0.12591324,0.24931507
2025-11-11 14:00:00,11075,11075,11075,11075,0,2025-11-11 15:00:00,0,0,1762844400000,1762848000000,104783.98000000,95000,0.12328767,0.12602740,0.24931507
2025-11-11 15:00:00,11075,11075,11075,11075,0,2025-11-11 16:00:00,0,0,1762848000000,1762851600000,105157.80000000,95000,0.12317352,0.12614155,0.24931507
2025-11-11 16:00:00,11075,11075,11075,11075,0,2025-11-11 17:00:00,0,0,1762851600000,1762855200000,104971.63000000,95000,0.12305936,0.12625571,0.24931507
2025-11-11 17:00:00,11075,11075,11075,11075,0,2025-11-11 18:00:00,0,0,1762855200000,1762858800000,105176.38000000,95000,0.12294521,0.12636986,0.24931507
2025-11-11 18:00:00,11075,11075,11075,11075,0,2025-11-11 19:00:00,0,0,1762858800000,1762862400000,105311.90000000,95000,0.12283105,0.12648402,0.24931507
2025-11-11 19:00:00,11075,11075,11075,11075,0,2025-11-11 20:00:00,0,0,1762862400000,1762866000000,104530.83000000,95000,0.12271689,0.12659817,0.24931507
2025-11-11 20:00:00,11075,11075,11075,11075,0,2025-11-11 21:00:00,0,0,1762866000000,1762869600000,104390.92000000,95000,0.12260274,0.12671233,0.24931507
2025-11-11 21:00:00,11075,11075,11075,11075,0,2025-11-11 22:00:00,0,0,1762869600000,1762873200000,104560.16000000,95000,0.12248858,0.12682648,0.24931507
2025-11-11 22:00:00,11075,11075,11075,11075,0,2025-11-11 23:00:00,0,0,1762873200000,1762876800000,103455.99000000,95000,0.12237443,0.12694064,0.24931507
2025-11-11 23:00:00,11075,11075,11075,11075,0,2025-11-12 00:00:00,0,0,1762876800000,1762880400000,103399.43000000,95000,0.12226027,0.12705479,0.24931507
2025-11-12 00:00:00,11075,11075,11075,11075,0,2025-11-12 01:00:00,0,0,1762880400000,1762884000000,103338.99000000,95000,0.12214612,0.12716895,0.24931507
2025-11-12 01:00:00,11075,11075,11075,11075,0,2025-11-12 02:00:00,0,0,1762884000000,1762887600000,103401.07000000,95000,0.12203196,0.12728311,0.24931507
2025-11-12 02:00:00,11075,11075,11075,11075,0,2025-11-12 03:00:00,0,0,1762887600000,1762891200000,103126.39000000,95000,0.12191781,0.12739726,0.24931507
2025-11-12 03:00:00,11075,11075,11075,11075,0,2025-11-12 04:00:00,0,0,1762891200000,1762894800000,102809.27000000,95000,0.12180365,0.12751142,0.24931507
2025-11-12 04:00:00,11075,11075,11075,11075,0,2025-11-12 05:00:00,0,0,1762894800000,1762898400000,102633.92000000,95000,0.12168950,0.12762557,0.24931507
2025-11-12 05:00:00,11075,11075,11075,11075,0,2025-11-12 06:00:00,0,0,1762898400000,1762902000000,103000.01000000,95000,0.12157534,0.12773973,0.24931507
2025-11-12 06:00:00,11075,11075,11075,11075,0,2025-11-12 07:00:00,0,0,1762902000000,1762905600000,103058.99000000,95000,0.12146119,0.12785388,0.24931507
2025-11-12 07:00:00,11075,11075,11075,11075,0,2025-11-12 08:00:00,0,0,1762905600000,1762909200000,102885.99000000,95000,0.12134703,0.12796804,0.24931507
2025-11-12 08:00:00,11075,11075,11075,11075,0,2025-11-12 09:00:00,0,0,1762909200000,1762912800000,103254.64000000,95000,0.12123288,0.12808219,0.24931507
2025-11-12 09:00:00,11075,11075,11075,11075,0,2025-11-12 10:00:00,0,0,1762912800000,1762916400000,103151.66000000,95000,0.12111872,0.12819635,0.24931507
2025-11-12 10:00:00,11075,11075,11075,11075,0,2025-11-12 11:00:00,0,0,1762916400000,1762920000000,103310.00000000,95000,0.12100457,0.12831050,0.24931507
2025-11-12 11:00:00,11075,11075,11075,11075,0,2025-11-12 12:00:00,0,0,1762920000000,1762923600000,103246.87000000,95000,0.12089041,0.12842466,0.24931507
2025-11-12 12:00:00,11075,11075,11075,11075,0,2025-11-12 13:00:00,0,0,1762923600000,1762927200000,103385.30000000,95000,0.12077626,0.12853881,0.24931507
2025-11-12 13:00:00,11075,11075,11075,11075,0,2025-11-12 14:00:00,0,0,1762927200000,1762930800000,103366.97000000,95000,0.12066210,0.12865297,0.24931507
2025-11-12 14:00:00,11075,11075,11075,11075,0,2025-11-12 15:00:00,0,0,1762930800000,1762934400000,103112.66000000,95000,0.12054795,0.12876712,0.24931507
2025-11-12 15:00:00,11075,11075,11075,11075,0,2025-11-12 16:00:00,0,0,1762934400000,1762938000000,104147.24000000,95000,0.12043379,0.12888128,0.24931507
2025-11-12 16:00:00,11075,11075,11075,11075,0,2025-11-12 17:00:00,0,0,1762938000000,1762941600000,104521.56000000,95000,0.12031963,0.12899543,0.24931507
2025-11-12 17:00:00,11075,11075,11075,11075,0,2025-11-12 18:00:00,0,0,1762941600000,1762945200000,104899.99000000,95000,0.12020548,0.12910959,0.24931507
2025-11-12 18:00:00,11075,11075,11075,11075,0,2025-11-12 19:00:00,0,0,1762945200000,1762948800000,105020.83000000,95000,0.12009132,0.12922374,0.24931507
2025-11-12 19:00:00,11075,11075,11075,11075,0,2025-11-12 20:00:00,0,0,1762948800000,1762952400000,104993.74000000,95000,0.11997717,0.12933790,0.24931507
2025-11-12 20:00:00,11075,11075,11075,11075,0,2025-11-12 21:00:00,0,0,1762952400000,1762956000000,105039.99000000,95000,0.11986301,0.12945205,0.24931507
2025-11-12 21:00:00,11075,11075,11075,11075,0,2025-11-12 22:00:00,0,0,1762956000000,1762959600000,103990.40000000,95000,0.11974886,0.12956621,0.24931507
2025-11-12 22:00:00,11075,11075,11075,11075,0,2025-11-12 23:00:00,0,0,1762959600000,1762963200000,102173.51000000,95000,0.11963470,0.12968037,0.24931507
2025-11-12 23:00:00,11075,11075,11075,11075,0,2025-11-13 00:00:00,0,0,1762963200000,1762966800000,101442.61000000,95000,0.11952055,0.12979452,0.24931507
2025-11-13 00:00:00,11075,11075,11075,11075,0,2025-11-13 01:00:00,0,0,1762966800000,1762970400000,101748.02000000,95000,0.11940639,0.12990868,0.24931507
2025-11-13 01:00:00,11075,11075,11075,11075,0,2025-11-13 02:00:00,0,0,1762970400000,1762974000000,101542.17000000,95000,0.11929224,0.13002283,0.24931507
2025-11-13 02:00:00,11075,11075,11075,11075,0,2025-11-13 03:00:00,0,0,1762974000000,1762977600000,101297.31000000,95000,0.11917808,0.13013699,0.24931507
2025-11-13 03:00:00,10600,10600,10600,10600,0.01,2025-11-13 04:00:00,106,1,1762977600000,1762981200000,101539.01000000,95000,0.11906393,0.13025114,0.24931507
2025-11-13 04:00:00,10600,10600,10600,10600,0,2025-11-13 05:00:00,0,0,1762981200000,1762984800000,101920.47000000,95000,0.11894977,0.13036530,0.24931507
2025-11-13 05:00:00,10600,10600,10600,10600,0,2025-11-13 06:00:00,0,0,1762984800000,1762988400000,101978.96000000,95000,0.11883562,0.13047945,0.24931507
2025-11-13 06:00:00,10600,10600,10600,10600,0,2025-11-13 07:00:00,0,0,1762988400000,1762992000000,101654.37000000,95000,0.11872146,0.13059361,0.24931507
2025-11-13 07:00:00,10600,10600,10600,10600,0,2025-11-13 08:00:00,0,0,1762992000000,1762995600000,101854.58000000,95000,0.11860731,0.13070776,0.24931507
2025-11-13 08:00:00,10600,10600,10600,10600,0,2025-11-13 09:00:00,0,0,1762995600000,1762999200000,102007.00000000,95000,0.11849315,0.13082192,0.24931507
2025-11-13 09:00:00,10600,10600,10600,10600,0,2025-11-13 10:00:00,0,0,1762999200000,1763002800000,102064.41000000,95000,0.11837900,0.13093607,0.24931507
2025-11-13 10:00:00,10600,10600,10600,10600,0,2025-11-13 11:00:00,0,0,1763002800000,1763006400000,102130.21000000,95000,0.11826484,0.13105023,0.24931507
2025-11-13 11:00:00,10600,10600,10600,10600,0,2025-11-13 12:00:00,0,0,1763006400000,1763010000000,102120.00000000,95000,0.11815068,0.13116438,0.24931507
2025-11-13 12:00:00,10600,10600,10600,10600,0,2025-11-13 13:00:00,0,0,1763010000000,1763013600000,103135.84000000,95000,0.11803653,0.13127854,0.24931507
2025-11-13 13:00:00,10600,10600,10600,10600,0,2025-11-13 14:00:00,0,0,1763013600000,1763017200000,103590.74000000,95000,0.11792237,0.13139269,0.24931507
2025-11-13 14:00:00,10600,10600,10600,10600,0,2025-11-13 15:00:00,0,0,1763017200000,1763020800000,103475.66000000,95000,0.11780822,0.13150685,0.24931507
2025-11-13 15:00:00,10600,10600,10600,10600,0,2025-11-13 16:00:00,0,0,1763020800000,1763024400000,103684.06000000,95000,0.11769406,0.13162100,0.24931507
2025-11-13 16:00:00,10600,10600,10600,10600,0,2025-11-13 17:00:00,0,0,1763024400000,1763028000000,102827.00000000,95000,0.11757991,0.13173516,0.24931507
2025-11-13 17:00:00,10600,10600,10600,10600,0,2025-11-13 18:00:00,0,0,1763028000000,1763031600000,102991.22000000,95000,0.11746575,0.13184932,0.24931507
2025-11-13 18:00:00,10600,10600,10600,10600,0,2025-11-13 19:00:00,0,0,1763031600000,1763035200000,102936.50000000,95000,0.11735160,0.13196347,0.24931507
2025-11-13 19:00:00,10600,10600,10600,10600,0,2025-11-13 20:00:00,0,0,1763035200000,1763038800000,103143.45000000,95000,0.11723744,0.13207763,0.24931507
2025-11-13 20:00:00,10600,10600,10600,10600,0,2025-11-13 21:00:00,0,0,1763038800000,1763042400000,102326.48000000,95000,0.11712329,0.13219178,0.24931507
2025-11-13 21:00:00,10600,10600,10600,10600,0,2025-11-13 22:00:00,0,0,1763042400000,1763046000000,102873.14000000,95000,0.11700913,0.13230594,0.24931507
2025-11-13 22:00:00,10600,10600,10600,10600,0,2025-11-13 23:00:00,0,0,1763046000000,1763049600000,101382.64000000,95000,0.11689498,0.13242009,0.24931507
2025-11-13 23:00:00,10600,10600,10600,10600,0,2025-11-14 00:00:00,0,0,1763049600000,1763053200000,100633.13000000,95000,0.11678082,0.13253425,0.24931507
2025-11-14 00:00:00,10600,10600,10600,10600,0,2025-11-14 01:00:00,0,0,1763053200000,1763056800000,99659.99000000,95000,0.11666667,0.13264840,0.24931507
2025-11-14 01:00:00,10600,10600,10600,10600,0,2025-11-14 02:00:00,0,0,1763056800000,1763060400000,98591.78000000,95000,0.11655251,0.13276256,0.24931507
2025-11-14 02:00:00,10600,10600,10600,10600,0,2025-11-14 03:00:00,0,0,1763060400000,1763064000000,98682.14000000,95000,0.11643836,0.13287671,0.24931507
2025-11-14 03:00:00,10600,10600,10600,10600,0,2025-11-14 04:00:00,0,0,1763064000000,1763067600000,98162.11000000,95000,0.11632420,0.13299087,0.24931507
2025-11-14 04:00:00,10600,10600,10600,10600,0,2025-11-14 05:00:00,0,0,1763067600000,1763071200000,98817.36000000,95000,0.11621005,0.13310502,0.24931507
2025-11-14 05:00:00,10600,10600,10600,10600,0,2025-11-14 06:00:00,0,0,1763071200000,1763074800000,99851.82000000,95000,0.11609589,0.13321918,0.24931507
2025-11-14 06:00:00,10600,10600,10600,10600,0,2025-11-14 07:00:00,0,0,1763074800000,1763078400000,99692.02000000,95000,0.11598174,0.13333333,0.24931507
2025-11-14 07:00:00,10600,10600,10600,10600,0,2025-11-14 08:00:00,0,0,1763078400000,1763082000000,98973.95000000,95000,0.11586758,0.13344749,0.24931507
2025-11-14 08:00:00,10600,10600,10600,10600,0,2025-11-14 09:00:00,0,0,1763082000000,1763085600000,99255.60000000,95000,0.11575342,0.13356164,0.24931507
2025-11-14 09:00:00,10600,10600,10600,10600,0,2025-11-14 10:00:00,0,0,1763085600000,1763089200000,99620.00000000,95000,0.11563927,0.13367580,0.24931507
2025-11-14 10:00:00,10600,10600,10600,10600,0,2025-11-14 11:00:00,0,0,1763089200000,1763092800000,99139.38000000,95000,0.11552511,0.13378995,0.24931507
2025-11-14 11:00:00,7370,7370,7370,7370,0.01,2025-11-14 12:00:00,73.7,1,1763092800000,1763096400000,97823.98000000,95000,0.11541096,0.13390411,0.24931507
2025-11-14 12:00:00,7370,7370,7370,7370,0,2025-11-14 13:00:00,0,0,1763096400000,1763100000000,97523.98000000,95000,0.11529680,0.13401826,0.24931507
2025-11-14 13:00:00,7370,7370,7370,7370,0,2025-11-14 14:00:00,0,0,1763100000000,1763103600000,97569.13000000,95000,0.11518265,0.13413242,0.24931507
2025-11-14 14:00:00,7700,7700,7700,7700,0.27,2025-11-14 15:00:00,2079,1,1763103600000,1763107200000,97151.98000000,95000,0.11506849,0.13424658,0.24931507
2025-11-14 15:00:00,7700,7700,7700,7700,0,2025-11-14 16:00:00,0,0,1763107200000,1763110800000,97377.41000000,95000,0.11495434,0.13436073,0.24931507
2025-11-14 16:00:00,7700,7700,7700,7700,0,2025-11-14 17:00:00,0,0,1763110800000,1763114400000,96839.93000000,95000,0.11484018,0.13447489,0.24931507
2025-11-14 17:00:00,7700,7700,7700,7700,0,2025-11-14 18:00:00,0,0,1763114400000,1763118000000,96752.20000000,95000,0.11472603,0.13458904,0.24931507
2025-11-14 18:00:00,7700,7700,7700,7700,0,2025-11-14 19:00:00,0,0,1763118000000,1763121600000,96167.44000000,95000,0.11461187,0.13470320,0.24931507
2025-11-14 19:00:00,7700,7700,7700,7700,0,2025-11-14 20:00:00,0,0,1763121600000,1763125200000,95350.75000000,95000,0.11449772,0.13481735,0.24931507
2025-11-14 20:00:00,7700,7700,7700,7700,0,2025-11-14 21:00:00,0,0,1763125200000,1763128800000,95243.95000000,95000,0.11438356,0.13493151,0.24931507
2025-11-14 21:00:00,7700,7700,7700,7700,0,2025-11-14 22:00:00,0,0,1763128800000,1763132400000,96542.38000000,95000,0.11426941,0.13504566,0.24931507
2025-11-14 22:00:00,7700,7700,7700,7700,0,2025-11-14 23:00:00,0,0,1763132400000,1763136000000,96796.14000000,95000,0.11415525,0.13515982,0.24931507
2025-11-14 23:00:00,7700,7700,7700,7700,0,2025-11-15 00:00:00,0,0,1763136000000,1763139600000,97011.22000000,95000,0.11404110,0.13527397,0.24931507
2025-11-15 00:00:00,7700,7700,7700,7700,0,2025-11-15 01:00:00,0,0,1763139600000,1763143200000,95842.56000000,95000,0.11392694,0.13538813,0.24931507
2025-11-15 01:00:00,7700,7700,7700,7700,0,2025-11-15 02:00:00,0,0,1763143200000,1763146800000,95075.53000000,95000,0.11381279,0.13550228,0.24931507
2025-11-15 02:00:00,7700,7700,7700,7700,0,2025-11-15 03:00:00,0,0,1763146800000,1763150400000,95778.29000000,95000,0.11369863,0.13561644,0.24931507
2025-11-15 03:00:00,6465,6465,6465,6465,2,2025-11-15 04:00:00,12930,2,1763150400000,1763154000000,94377.47000000,95000,0.11358447,0.13573059,0.24931507
2025-11-15 04:00:00,6340,6340,6340,6340,0.15,2025-11-15 05:00:00,951,1,1763154000000,1763157600000,95059.47000000,95000,0.11347032,0.13584475,0.24931507
2025-11-15 05:00:00,6435,6435,6430,6430,0.15,2025-11-15 06:00:00,964.9,2,1763157600000,1763161200000,95179.99000000,95000,0.11335616,0.13595890,0.24931507
2025-11-15 06:00:00,6430,6430,6430,6430,0,2025-11-15 07:00:00,0,0,1763161200000,1763164800000,94594.00000000,95000,0.11324201,0.13607306,0.24931507
2025-11-15 07:00:00,6430,6430,6430,6430,0,2025-11-15 08:00:00,0,0,1763164800000,1763168400000,95149.35000000,95000,0.11312785,0.13618721,0.24931507
2025-11-15 08:00:00,6430,6430,6430,6430,0,2025-11-15 09:00:00,0,0,1763168400000,1763172000000,95650.17000000,95000,0.11301370,0.13630137,0.24931507
2025-11-15 09:00:00,6430,6430,6430,6430,0,2025-11-15 10:00:00,0,0,1763172000000,1763175600000,96482.77000000,95000,0.11289954,0.13641553,0.24931507
2025-11-15 10:00:00,6430,6430,6430,6430,0,2025-11-15 11:00:00,0,0,1763175600000,1763179200000,96417.12000000,95000,0.11278539,0.13652968,0.24931507
2025-11-15 11:00:00,6430,6430,6430,6430,0,2025-11-15 12:00:00,0,0,1763179200000,1763182800000,96112.14000000,95000,0.11267123,0.13664384,0.24931507
2025-11-15 12:00:00,6430,6430,6430,6430,0,2025-11-15 13:00:00,0,0,1763182800000,1763186400000,96342.18000000,95000,0.11255708,0.13675799,0.24931507
2025-11-15 13:00:00,7020,7020,7020,7020,0.01,2025-11-15 14:00:00,70.2,1,1763186400000,1763190000000,96121.27000000,95000,0.11244292,0.13687215,0.24931507
2025-11-15 14:00:00,7020,7020,7020,7020,0,2025-11-15 15:00:00,0,0,1763190000000,1763193600000,96333.86000000,95000,0.11232877,0.13698630,0.24931507
2025-11-15 15:00:00,7020,7020,7020,7020,0,2025-11-15 16:00:00,0,0,1763193600000,1763197200000,95910.88000000,95000,0.11221461,0.13710046,0.24931507
2025-11-15 16:00:00,7020,7020,7020,7020,0,2025-11-15 17:00:00,0,0,1763197200000,1763200800000,95808.44000000,95000,0.11210046,0.13721461,0.24931507
2025-11-15 17:00:00,7020,7020,7020,7020,0,2025-11-15 18:00:00,0,0,1763200800000,1763204400000,95952.13000000,95000,0.11198630,0.13732877,0.24931507
2025-11-15 18:00:00,7020,7020,7020,7020,0,2025-11-15 19:00:00,0,0,1763204400000,1763208000000,95696.87000000,95000,0.11187215,0.13744292,0.24931507
2025-11-15 19:00:00,7020,7020,7020,7020,0,2025-11-15 20:00:00,0,0,1763208000000,1763211600000,95814.08000000,95000,0.11175799,0.13755708,0.24931507
2025-11-15 20:00:00,7020,7020,7020,7020,0,2025-11-15 21:00:00,0,0,1763211600000,1763215200000,96370.16000000,95000,0.11164384,0.13767123,0.24931507
2025-11-15 21:00:00,7020,7020,7020,7020,0,2025-11-15 22:00:00,0,0,1763215200000,1763218800000,96254.25000000,95000,0.11152968,0.13778539,0.24931507
2025-11-15 22:00:00,6925,6925,6925,6925,0.03,2025-11-15 23:00:00,207.75,1,1763218800000,1763222400000,96260.00000000,95000,0.11141553,0.13789954,0.24931507
2025-11-15 23:00:00,6925,6925,6925,6925,0,2025-11-16 00:00:00,0,0,1763222400000,1763226000000,96162.84000000,95000,0.11130137,0.13801370,0.24931507
2025-11-16 00:00:00,6925,6925,6925,6925,0,2025-11-16 01:00:00,0,0,1763226000000,1763229600000,96238.50000000,95000,0.11118721,0.13812785,0.24931507
2025-11-16 01:00:00,6925,6925,6925,6925,0,2025-11-16 02:00:00,0,0,1763229600000,1763233200000,96052.99000000,95000,0.11107306,0.13824201,0.24931507
2025-11-16 02:00:00,6925,6925,6925,6925,0,2025-11-16 03:00:00,0,0,1763233200000,1763236800000,96012.01000000,95000,0.11095890,0.13835616,0.24931507
2025-11-16 03:00:00,6925,6925,6925,6925,0,2025-11-16 04:00:00,0,0,1763236800000,1763240400000,95277.52000000,95000,0.11084475,0.13847032,0.24931507
2025-11-16 04:00:00,6925,6925,6925,6925,0,2025-11-16 05:00:00,0,0,1763240400000,1763244000000,95279.99000000,95000,0.11073059,0.13858447,0.24931507
2025-11-16 05:00:00,6925,6925,6925,6925,0,2025-11-16 06:00:00,0,0,1763244000000,1763247600000,95619.62000000,95000,0.11061644,0.13869863,0.24931507
2025-11-16 06:00:00,6925,6925,6925,6925,0,2025-11-16 07:00:00,0,0,1763247600000,1763251200000,95596.24000000,95000,0.11050228,0.13881279,0.24931507
2025-11-16 07:00:00,6925,6925,6925,6925,0,2025-11-16 08:00:00,0,0,1763251200000,1763254800000,95362.00000000,95000,0.11038813,0.13892694,0.24931507
2025-11-16 08:00:00,6350,6350,6350,6350,0.01,2025-11-16 09:00:00,63.5,1,1763254800000,1763258400000,95276.62000000,95000,0.11027397,0.13904110,0.24931507
2025-11-16 09:00:00,6350,6350,6350,6350,0,2025-11-16 10:00:00,0,0,1763258400000,1763262000000,95963.88000000,95000,0.11015982,0.13915525,0.24931507
2025-11-16 10:00:00,6350,6350,6350,6350,0,2025-11-16 11:00:00,0,0,1763262000000,1763265600000,95825.02000000,95000,0.11004566,0.13926941,0.24931507
2025-11-16 11:00:00,6350,6350,6350,6350,0,2025-11-16 12:00:00,0,0,1763265600000,1763269200000,95821.79000000,95000,0.10993151,0.13938356,0.24931507
2025-11-16 12:00:00,6350,6350,6350,6350,0,2025-11-16 13:00:00,0,0,1763269200000,1763272800000,95881.82000000,95000,0.10981735,0.13949772,0.24931507
2025-11-16 13:00:00,6350,6350,6350,6350,0,2025-11-16 14:00:00,0,0,1763272800000,1763276400000,95813.53000000,95000,0.10970320,0.13961187,0.24931507
2025-11-16 14:00:00,6350,6350,6350,6350,0,2025-11-16 15:00:00,0,0,1763276400000,1763280000000,96099.99000000,95000,0.10958904,0.13972603,0.24931507
2025-11-16 15:00:00,6350,6350,6350,6350,0,2025-11-16 16:00:00,0,0,1763280000000,1763283600000,96116.94000000,95000,0.10947489,0.13984018,0.24931507
2025-11-16 16:00:00,6350,6350,6350,6350,0,2025-11-16 17:00:00,0,0,1763283600000,1763287200000,96629.75000000,95000,0.10936073,0.13995434,0.24931507
2025-11-16 17:00:00,6350,6350,6350,6350,0,2025-11-16 18:00:00,0,0,1763287200000,1763290800000,96444.71000000,95000,0.10924658,0.14006849,0.24931507
2025-11-16 18:00:00,6350,6350,6350,6350,0,2025-11-16 19:00:00,0,0,1763290800000,1763294400000,95627.13000000,95000,0.10913242,0.14018265,0.24931507
2025-11-16 19:00:00,6350,6350,6350,6350,0,2025-11-16 20:00:00,0,0,1763294400000,1763298000000,95743.90000000,95000,0.10901826,0.14029680,0.24931507
2025-11-16 20:00:00,6350,6350,6350,6350,0,2025-11-16 21:00:00,0,0,1763298000000,1763301600000,95420.44000000,95000,0.10890411,0.14041096,0.24931507
2025-11-16 21:00:00,6350,6350,6350,6350,0,2025-11-16 22:00:00,0,0,1763301600000,1763305200000,95531.13000000,95000,0.10878995,0.14052511,0.24931507
2025-11-16 22:00:00,6350,6350,6350,6350,0,2025-11-16 23:00:00,0,0,1763305200000,1763308800000,94573.46000000,95000,0.10867580,0.14063927,0.24931507
2025-11-16 23:00:00,6350,6350,6350,6350,0,2025-11-17 00:00:00,0,0,1763308800000,1763312400000,94224.47000000,95000,0.10856164,0.14075342,0.24931507
2025-11-17 00:00:00,5835,5835,5835,5835,0.01,2025-11-17 01:00:00,58.35,1,1763312400000,1763316000000,94357.67000000,95000,0.10844749,0.14086758,0.24931507
2025-11-17 01:00:00,5835,5835,5835,5835,0,2025-11-17 02:00:00,0,0,1763316000000,1763319600000,94049.64000000,95000,0.10833333,0.14098174,0.24931507
2025-11-17 02:00:00,5780,5780,5720,5720,15.01,2025-11-17 03:00:00,86757.2,3,1763319600000,1763323200000,94020.00000000,95000,0.10821918,0.14109589,0.24931507
2025-11-17 03:00:00,5720,5720,5720,5720,0,2025-11-17 04:00:00,0,0,1763323200000,1763326800000,94090.00000000,95000,0.10810502,0.14121005,0.24931507
2025-11-17 04:00:00,5720,5720,5720,5720,0,2025-11-17 05:00:00,0,0,1763326800000,1763330400000,93505.22000000,95000,0.10799087,0.14132420,0.24931507
2025-11-17 05:00:00,5435,5435,5435,5435,0.02,2025-11-17 06:00:00,108.7,1,1763330400000,1763334000000,94183.36000000,95000,0.10787671,0.14143836,0.24931507
2025-11-17 06:00:00,5435,5435,5435,5435,0,2025-11-17 07:00:00,0,0,1763334000000,1763337600000,94261.44000000,95000,0.10776256,0.14155251,0.24931507
2025-11-17 07:00:00,5960,6065,5960,6065,0.14,2025-11-17 08:00:00,841,4,1763337600000,1763341200000,95290.01000000,95000,0.10764840,0.14166667,0.24931507
2025-11-17 08:00:00,6065,6065,6065,6065,0,2025-11-17 09:00:00,0,0,1763341200000,1763344800000,94768.02000000,95000,0.10753425,0.14178082,0.24931507
2025-11-17 09:00:00,6000,6000,6000,6000,0.04,2025-11-17 10:00:00,240,1,1763344800000,1763348400000,94976.18000000,95000,0.10742009,0.14189498,0.24931507
2025-11-17 10:00:00,6285,6285,6285,6285,0.15,2025-11-17 11:00:00,942.75,1,1763348400000,1763352000000,95496.77000000,95000,0.10730594,0.14200913,0.24931507
2025-11-17 11:00:00,6285,6285,6285,6285,0,2025-11-17 12:00:00,0,0,1763352000000,1763355600000,95096.74000000,95000,0.10719178,0.14212329,0.24931507
2025-11-17 12:00:00,6115,6115,6115,6115,0.12,2025-11-17 13:00:00,733.8,1,1763355600000,1763359200000,95122.76000000,95000,0.10707763,0.14223744,0.24931507
2025-11-17 13:00:00,6115,6115,6115,6115,0,2025-11-17 14:00:00,0,0,1763359200000,1763362800000,95282.36000000,95000,0.10696347,0.14235160,0.24931507
2025-11-17 14:00:00,6115,6115,6115,6115,0,2025-11-17 15:00:00,0,0,1763362800000,1763366400000,95653.77000000,95000,0.10684932,0.14246575,0.24931507
2025-11-17 15:00:00,6395,6505,6365,6505,9.56,2025-11-17 16:00:00,61465.1,5,1763366400000,1763370000000,95619.06000000,95000,0.10673516,0.14257991,0.24931507
2025-11-17 16:00:00,6505,6505,6505,6505,0,2025-11-17 17:00:00,0,0,1763370000000,1763373600000,95656.21000000,95000,0.10662100,0.14269406,0.24931507
2025-11-17 17:00:00,6505,6505,6505,6505,0,2025-11-17 18:00:00,0,0,1763373600000,1763377200000,95651.70000000,95000,0.10650685,0.14280822,0.24931507
2025-11-17 18:00:00,6505,6505,6505,6505,0,2025-11-17 19:00:00,0,0,1763377200000,1763380800000,95565.38000000,95000,0.10639269,0.14292237,0.24931507
2025-11-17 19:00:00,6505,6505,6505,6505,0,2025-11-17 20:00:00,0,0,1763380800000,1763384400000,95312.23000000,95000,0.10627854,0.14303653,0.24931507
2025-11-17 20:00:00,6505,6505,6505,6505,0,2025-11-17 21:00:00,0,0,1763384400000,1763388000000,93959.79000000,95000,0.10616438,0.14315068,0.24931507
2025-11-17 21:00:00,5580,6305,5580,6305,0.23,2025-11-17 22:00:00,1377.65,2,1763388000000,1763391600000,94769.32000000,95000,0.10605023,0.14326484,0.24931507
2025-11-17 22:00:00,5800,5830,5600,5830,0.8,2025-11-17 23:00:00,4609.5,4,1763391600000,1763395200000,93959.67000000,95000,0.10593607,0.14337900,0.24931507
2025-11-17 23:00:00,5350,5350,5350,5350,0.02,2025-11-18 00:00:00,107,1,1763395200000,1763398800000,94306.00000000,95000,0.10582192,0.14349315,0.24931507
2025-11-18 00:00:00,5000,5000,4985,4985,0.23,2025-11-18 01:00:00,1149.85,3,1763398800000,1763402400000,92767.49000000,95000,0.10570776,0.14360731,0.24931507
2025-11-18 01:00:00,5000,5055,4910,5055,1.73,2025-11-18 02:00:00,8577.15,5,1763402400000,1763406000000,92549.01000000,95000,0.10559361,0.14372146,0.24931507
2025-11-18 02:00:00,4715,4715,4715,4715,0.1,2025-11-18 03:00:00,471.5,1,1763406000000,1763409600000,91678.93000000,95000,0.10547945,0.14383562,0.24931507
2025-11-18 03:00:00,4715,4715,4715,4715,0,2025-11-18 04:00:00,0,0,1763409600000,1763413200000,91920.59000000,95000,0.10536530,0.14394977,0.24931507
2025-11-18 04:00:00,4715,4715,4715,4715,0,2025-11-18 05:00:00,0,0,1763413200000,1763416800000,91959.71000000,95000,0.10525114,0.14406393,0.24931507
2025-11-18 05:00:00,4715,4715,4715,4715,0,2025-11-18 06:00:00,0,0,1763416800000,1763420400000,92247.63000000,95000,0.10513699,0.14417808,0.24931507
2025-11-18 06:00:00,4715,4715,4715,4715,0,2025-11-18 07:00:00,0,0,1763420400000,1763424000000,92215.14000000,95000,0.10502283,0.14429224,0.24931507
2025-11-18 07:00:00,4715,4715,4715,4715,0,2025-11-18 08:00:00,0,0,1763424000000,1763427600000,92169.86000000,95000,0.10490868,0.14440639,0.24931507
2025-11-18 08:00:00,4595,4630,4470,4470,2.44,2025-11-18 09:00:00,11123.5,3,1763427600000,1763431200000,91714.29000000,95000,0.10479452,0.14452055,0.24931507
2025-11-18 09:00:00,4130,4130,4130,4130,0.38,2025-11-18 10:00:00,1569.4,1,1763431200000,1763434800000,90866.01000000,95000,0.10468037,0.14463470,0.24931507
2025-11-18 10:00:00,3960,3985,3770,3770,0.2,2025-11-18 11:00:00,761.85,3,1763434800000,1763438400000,90842.72000000,95000,0.10456621,0.14474886,0.24931507
2025-11-18 11:00:00,3645,3645,3645,3645,0.1,2025-11-18 12:00:00,364.5,1,1763438400000,1763442000000,90081.90000000,95000,0.10445205,0.14486301,0.24931507
2025-11-18 12:00:00,3865,3910,3865,3910,0.06,2025-11-18 13:00:00,233.25,2,1763442000000,1763445600000,90221.33000000,95000,0.10433790,0.14497717,0.24931507
2025-11-18 13:00:00,3780,3780,3780,3780,0.41,2025-11-18 14:00:00,1549.8,1,1763445600000,1763449200000,89651.30000000,95000,0.10422374,0.14509132,0.24931507
2025-11-18 14:00:00,3690,3880,3690,3880,0.22,2025-11-18 15:00:00,849.8,2,1763449200000,1763452800000,90512.10000000,95000,0.10410959,0.14520548,0.24931507
2025-11-18 15:00:00,3990,4235,3950,4180,0.45,2025-11-18 16:00:00,1822.75,4,1763452800000,1763456400000,91220.00000000,95000,0.10399543,0.14531963,0.24931507
2025-11-18 16:00:00,4180,4180,4180,4180,0,2025-11-18 17:00:00,0,0,1763456400000,1763460000000,91400.01000000,95000,0.10388128,0.14543379,0.24931507
2025-11-18 17:00:00,4315,4315,4315,4315,0.1,2025-11-18 18:00:00,431.5,1,1763460000000,1763463600000,91585.02000000,95000,0.10376712,0.14554795,0.24931507
2025-11-18 18:00:00,4290,4320,4290,4320,0.24,2025-11-18 19:00:00,1033.2,2,1763463600000,1763467200000,91517.82000000,95000,0.10365297,0.14566210,0.24931507
2025-11-18 19:00:00,4240,4240,4240,4240,0.1,2025-11-18 20:00:00,424,1,1763467200000,1763470800000,91518.54000000,95000,0.10353881,0.14577626,0.24931507
2025-11-18 20:00:00,4240,4240,4240,4240,0,2025-11-18 21:00:00,0,0,1763470800000,1763474400000,91476.56000000,95000,0.10342466,0.14589041,0.24931507
2025-11-18 21:00:00,4605,4605,4605,4605,0.1,2025-11-18 22:00:00,460.5,1,1763474400000,1763478000000,91359.29000000,95000,0.10331050,0.14600457,0.24931507
2025-11-18 22:00:00,4390,4905,4390,4900,2.45,2025-11-18 23:00:00,10909,5,1763478000000,1763481600000,92910.10000000,95000,0.10319635,0.14611872,0.24931507
2025-11-18 23:00:00,5060,5210,5060,5120,0.15,2025-11-19 00:00:00,768.3,3,1763481600000,1763485200000,93499.16000000,95000,0.10308219,0.14623288,0.24931507
2025-11-19 00:00:00,5120,5120,5120,5120,0,2025-11-19 01:00:00,0,0,1763485200000,1763488800000,93256.92000000,95000,0.10296804,0.14634703,0.24931507
2025-11-19 01:00:00,5235,5235,5235,5235,0.33,2025-11-19 02:00:00,1727.55,1,1763488800000,1763492400000,93331.08000000,95000,0.10285388,0.14646119,0.24931507
2025-11-19 02:00:00,5020,5020,5020,5020,0.33,2025-11-19 03:00:00,1656.6,1,1763492400000,1763496000000,93195.61000000,95000,0.10273973,0.14657534,0.24931507
2025-11-19 03:00:00,4875,4875,4875,4875,0.1,2025-11-19 04:00:00,487.5,1,1763496000000,1763499600000,92783.36000000,95000,0.10262557,0.14668950,0.24931507
2025-11-19 04:00:00,4875,4875,4875,4875,0,2025-11-19 05:00:00,0,0,1763499600000,1763503200000,92491.59000000,95000,0.10251142,0.14680365,0.24931507
2025-11-19 05:00:00,4875,4875,4875,4875,0,2025-11-19 06:00:00,0,0,1763503200000,1763506800000,93160.00000000,95000,0.10239726,0.14691781,0.24931507
2025-11-19 06:00:00,4875,4875,4875,4875,0,2025-11-19 07:00:00,0,0,1763506800000,1763510400000,92960.83000000,95000,0.10228311,0.14703196,0.24931507
2025-11-19 07:00:00,4740,4740,4705,4705,0.17,2025-11-19 08:00:00,805.45,2,1763510400000,1763514000000,92416.51000000,95000,0.10216895,0.14714612,0.24931507
2025-11-19 08:00:00,4705,4705,4705,4705,0,2025-11-19 09:00:00,0,0,1763514000000,1763517600000,92439.99000000,95000,0.10205479,0.14726027,0.24931507
2025-11-19 09:00:00,4805,4805,4805,4805,0.2,2025-11-19 10:00:00,961,1,1763517600000,1763521200000,92569.12000000,95000,0.10194064,0.14737443,0.24931507
2025-11-19 10:00:00,4375,4375,4375,4375,0.41,2025-11-19 11:00:00,1793.75,1,1763521200000,1763524800000,91874.52000000,95000,0.10182648,0.14748858,0.24931507
2025-11-19 11:00:00,4355,4355,4235,4235,0.24,2025-11-19 12:00:00,1028.4,2,1763524800000,1763528400000,91163.20000000,95000,0.10171233,0.14760274,0.24931507
2025-11-19 12:00:00,3780,3780,3780,3780,0.1,2025-11-19 13:00:00,378,1,1763528400000,1763532000000,90459.99000000,95000,0.10159817,0.14771689,0.24931507
2025-11-19 13:00:00,3780,3780,3780,3780,0,2025-11-19 14:00:00,0,0,1763532000000,1763535600000,90990.87000000,95000,0.10148402,0.14783105,0.24931507
2025-11-19 14:00:00,4410,4410,4410,4410,0.01,2025-11-19 15:00:00,44.1,1,1763535600000,1763539200000,91863.64000000,95000,0.10136986,0.14794521,0.24931507
2025-11-19 15:00:00,4410,4410,4410,4410,0,2025-11-19 16:00:00,0,0,1763539200000,1763542800000,91470.44000000,95000,0.10125571,0.14805936,0.24931507
2025-11-19 16:00:00,4240,4240,4240,4240,0.1,2025-11-19 17:00:00,424,1,1763542800000,1763546400000,91513.72000000,95000,0.10114155,0.14817352,0.24931507
2025-11-19 17:00:00,4240,4240,4240,4240,0,2025-11-19 18:00:00,0,0,1763546400000,1763550000000,91314.75000000,95000,0.10102740,0.14828767,0.24931507
2025-11-19 18:00:00,4240,4240,4240,4240,0,2025-11-19 19:00:00,0,0,1763550000000,1763553600000,91410.22000000,95000,0.10091324,0.14840183,0.24931507
2025-11-19 19:00:00,4240,4240,4240,4240,0,2025-11-19 20:00:00,0,0,1763553600000,1763557200000,91780.00000000,95000,0.10079909,0.14851598,0.24931507
2025-11-19 20:00:00,4190,4190,4190,4190,0.42,2025-11-19 21:00:00,1759.8,1,1763557200000,1763560800000,91405.02000000,95000,0.10068493,0.14863014,0.24931507
2025-11-19 21:00:00,4190,4190,4190,4190,0,2025-11-19 22:00:00,0,0,1763560800000,1763564400000,91713.44000000,95000,0.10057078,0.14874429,0.24931507
2025-11-19 22:00:00,4555,4555,4555,4555,0.1,2025-11-19 23:00:00,455.5,1,1763564400000,1763568000000,89951.70000000,95000,0.10045662,0.14885845,0.24931507
2025-11-19 23:00:00,3560,3560,3560,3560,0.01,2025-11-20 00:00:00,35.6,1,1763568000000,1763571600000,89905.78000000,95000,0.10034247,0.14897260,0.24931507
2025-11-20 00:00:00,3720,3720,3720,3720,2,2025-11-20 01:00:00,7440,1,1763571600000,1763575200000,89500.01000000,95000,0.10022831,0.14908676,0.24931507
2025-11-20 01:00:00,3720,3720,3720,3720,0,2025-11-20 02:00:00,0,0,1763575200000,1763578800000,89237.83000000,95000,0.10011416,0.14920091,0.24931507
2025-11-20 02:00:00,3720,3720,3720,3720,0,2025-11-20 03:00:00,0,0,1763578800000,1763582400000,88884.56000000,95000,0.10000000,0.14931507,0.24931507
2025-11-20 03:00:00,3320,3440,3320,3440,5.01,2025-11-20 04:00:00,17233.2,6,1763582400000,1763586000000,89516.91000000,95000,0.09988584,0.14942922,0.24931507
2025-11-20 04:00:00,3440,3440,3440,3440,0,2025-11-20 05:00:00,0,0,1763586000000,1763589600000,90600.68000000,95000,0.09977169,0.14954338,0.24931507
2025-11-20 05:00:00,3440,3440,3440,3440,0,2025-11-20 06:00:00,0,0,1763589600000,1763593200000,90480.56000000,95000,0.09965753,0.14965753,0.24931507
2025-11-20 06:00:00,3440,3440,3440,3440,0,2025-11-20 07:00:00,0,0,1763593200000,1763596800000,91554.96000000,95000,0.09954338,0.14977169,0.24931507
2025-11-20 07:00:00,4295,4295,4295,4295,0.06,2025-11-20 08:00:00,257.7,1,1763596800000,1763600400000,91891.32000000,95000,0.09942922,0.14988584,0.24931507
2025-11-20 08:00:00,4385,4385,4385,4385,0.04,2025-11-20 09:00:00,175.4,1,1763600400000,1763604000000,92590.13000000,95000,0.09931507,0.15000000,0.24931507
2025-11-20 09:00:00,4630,4630,4630,4630,0.04,2025-11-20 10:00:00,185.2,1,1763604000000,1763607600000,92592.84000000,95000,0.09920091,0.15011416,0.24931507
2025-11-20 10:00:00,4640,4640,4640,4640,0.1,2025-11-20 11:00:00,464,1,1763607600000,1763611200000,92440.32000000,95000,0.09908676,0.15022831,0.24931507
2025-11-20 11:00:00,4665,4665,4665,4665,0.42,2025-11-20 12:00:00,1959.3,1,1763611200000,1763614800000,92962.83000000,95000,0.09897260,0.15034247,0.24931507
2025-11-20 12:00:00,4880,4880,4880,4880,0.16,2025-11-20 13:00:00,780.8,1,1763614800000,1763618400000,92616.20000000,95000,0.09885845,0.15045662,0.24931507
2025-11-20 13:00:00,4880,4880,4880,4880,0,2025-11-20 14:00:00,0,0,1763618400000,1763622000000,91974.70000000,95000,0.09874429,0.15057078,0.24931507
2025-11-20 14:00:00,4565,4565,4565,4565,0.11,2025-11-20 15:00:00,502.15,1,1763622000000,1763625600000,92320.18000000,95000,0.09863014,0.15068493,0.24931507
2025-11-20 15:00:00,4565,4565,4565,4565,0,2025-11-20 16:00:00,0,0,1763625600000,1763629200000,92128.22000000,95000,0.09851598,0.15079909,0.24931507
2025-11-20 16:00:00,4565,4565,4565,4565,0,2025-11-20 17:00:00,0,0,1763629200000,1763632800000,91950.00000000,95000,0.09840183,0.15091324,0.24931507
2025-11-20 17:00:00,4325,4325,4325,4325,0.05,2025-11-20 18:00:00,216.25,1,1763632800000,1763636400000,91801.39000000,95000,0.09828767,0.15102740,0.24931507
2025-11-20 18:00:00,4325,4325,4325,4325,0,2025-11-20 19:00:00,0,0,1763636400000,1763640000000,91934.00000000,95000,0.09817352,0.15114155,0.24931507
2025-11-20 19:00:00,4305,4305,4305,4305,0.65,2025-11-20 20:00:00,2798.25,1,1763640000000,1763643600000,91839.25000000,95000,0.09805936,0.15125571,0.24931507
2025-11-20 20:00:00,4305,4305,4305,4305,0,2025-11-20 21:00:00,0,0,1763643600000,1763647200000,91529.36000000,95000,0.09794521,0.15136986,0.24931507
2025-11-20 21:00:00,4305,4305,4305,4305,0,2025-11-20 22:00:00,0,0,1763647200000,1763650800000,91103.19000000,95000,0.09783105,0.15148402,0.24931507
2025-11-20 22:00:00,4305,4305,4305,4305,0,2025-11-20 23:00:00,0,0,1763650800000,1763654400000,89869.88000000,95000,0.09771689,0.15159817,0.24931507
2025-11-20 23:00:00,3225,3320,3000,3000,0.66,2025-11-21 00:00:00,2076.8,3,1763654400000,1763658000000,87878.10000000,95000,0.09760274,0.15171233,0.24931507
2025-11-21 00:00:00,2690,2690,2585,2585,20,2025-11-21 01:00:00,52605.5,6,1763658000000,1763661600000,87233.81000000,95000,0.09748858,0.15182648,0.24931507
2025-11-21 01:00:00,2585,2585,2585,2585,0,2025-11-21 02:00:00,0,0,1763661600000,1763665200000,86486.27000000,95000,0.09737443,0.15194064,0.24931507
2025-11-21 02:00:00,2560,2560,2560,2560,0.02,2025-11-21 03:00:00,51.2,1,1763665200000,1763668800000,86921.28000000,95000,0.09726027,0.15205479,0.24931507
2025-11-21 03:00:00,2560,2560,2560,2560,0,2025-11-21 04:00:00,0,0,1763668800000,1763672400000,86462.97000000,95000,0.09714612,0.15216895,0.24931507
2025-11-21 04:00:00,2560,2560,2560,2560,0,2025-11-21 05:00:00,0,0,1763672400000,1763676000000,87282.60000000,95000,0.09703196,0.15228311,0.24931507
2025-11-21 05:00:00,2560,2560,2560,2560,0,2025-11-21 06:00:00,0,0,1763676000000,1763679600000,88065.97000000,95000,0.09691781,0.15239726,0.24931507
2025-11-21 06:00:00,2860,2860,2855,2855,0.06,2025-11-21 07:00:00,171.5,2,1763679600000,1763683200000,86637.23000000,95000,0.09680365,0.15251142,0.24931507
2025-11-21 07:00:00,2855,2855,2855,2855,0,2025-11-21 08:00:00,0,0,1763683200000,1763686800000,87285.24000000,95000,0.09668950,0.15262557,0.24931507
2025-11-21 08:00:00,2855,2855,2855,2855,0,2025-11-21 09:00:00,0,0,1763686800000,1763690400000,87049.86000000,95000,0.09657534,0.15273973,0.24931507
2025-11-21 09:00:00,2505,2505,2490,2490,0.05,2025-11-21 10:00:00,125.1,2,1763690400000,1763694000000,85444.93000000,95000,0.09646119,0.15285388,0.24931507
2025-11-21 10:00:00,2315,2420,2315,2350,1.47,2025-11-21 11:00:00,3550.45,4,1763694000000,1763697600000,85821.34000000,95000,0.09634703,0.15296804,0.24931507
2025-11-21 11:00:00,2310,2310,2310,2310,1.03,2025-11-21 12:00:00,2379.3,1,1763697600000,1763701200000,86053.09000000,95000,0.09623288,0.15308219,0.24931507
2025-11-21 12:00:00,2310,2310,2310,2310,0,2025-11-21 13:00:00,0,0,1763701200000,1763704800000,86195.08000000,95000,0.09611872,0.15319635,0.24931507
2025-11-21 13:00:00,2310,2310,2310,2310,0,2025-11-21 14:00:00,0,0,1763704800000,1763708400000,85581.30000000,95000,0.09600457,0.15331050,0.24931507
2025-11-21 14:00:00,2270,4520,2225,4520,0.08,2025-11-21 15:00:00,201.65,4,1763708400000,1763712000000,84049.39000000,95000,0.09589041,0.15342466,0.24931507
2025-11-21 15:00:00,2170,2170,1895,1895,3.62,2025-11-21 16:00:00,7838.65,3,1763712000000,1763715600000,83643.45000000,95000,0.09577626,0.15353881,0.24931507
2025-11-21 16:00:00,1930,1930,1775,1790,2.5,2025-11-21 17:00:00,4799.45,6,1763715600000,1763719200000,82207.84000000,95000,0.09566210,0.15365297,0.24931507
2025-11-21 17:00:00,1840,1840,1840,1840,1.04,2025-11-21 18:00:00,1913.6,1,1763719200000,1763722800000,82703.61000000,95000,0.09554795,0.15376712,0.24931507
2025-11-21 18:00:00,1920,1920,1915,1915,2.31,2025-11-21 19:00:00,4435.1,4,1763722800000,1763726400000,82309.66000000,95000,0.09543379,0.15388128,0.24931507
2025-11-21 19:00:00,1600,2100,1575,2100,0.12,2025-11-21 20:00:00,213.25,4,1763726400000,1763730000000,83285.35000000,95000,0.09531963,0.15399543,0.24931507
2025-11-21 20:00:00,2075,2075,1925,2075,4.38,2025-11-21 21:00:00,8656.3,5,1763730000000,1763733600000,84115.28000000,95000,0.09520548,0.15410959,0.24931507
2025-11-21 21:00:00,1995,2295,1910,2200,0.72,2025-11-21 22:00:00,1570.5,6,1763733600000,1763737200000,84850.00000000,95000,0.09509132,0.15422374,0.24931507
2025-11-21 22:00:00,2080,2115,1755,1755,3.47,2025-11-21 23:00:00,6597.9,5,1763737200000,1763740800000,82932.47000000,95000,0.09497717,0.15433790,0.24931507
2025-11-21 23:00:00,1755,1755,1755,1755,0,2025-11-22 00:00:00,0,0,1763740800000,1763744400000,84919.59000000,95000,0.09486301,0.15445205,0.24931507
2025-11-22 00:00:00,2275,2280,2270,2280,1.47,2025-11-22 01:00:00,3345.9,3,1763744400000,1763748000000,84877.07000000,95000,0.09474886,0.15456621,0.24931507
2025-11-22 01:00:00,2210,2210,2170,2170,1.21,2025-11-22 02:00:00,2650.1,6,1763748000000,1763751600000,84577.11000000,95000,0.09463470,0.15468037,0.24931507
2025-11-22 02:00:00,2070,2070,2065,2065,0.8,2025-11-22 03:00:00,1654,2,1763751600000,1763755200000,84209.30000000,95000,0.09452055,0.15479452,0.24931507
2025-11-22 03:00:00,2065,2065,2065,2065,0,2025-11-22 04:00:00,0,0,1763755200000,1763758800000,84571.20000000,95000,0.09440639,0.15490868,0.24931507
2025-11-22 04:00:00,2065,2065,2065,2065,0,2025-11-22 05:00:00,0,0,1763758800000,1763762400000,85182.14000000,95000,0.09429224,0.15502283,0.24931507
2025-11-22 05:00:00,2065,2065,2065,2065,0,2025-11-22 06:00:00,0,0,1763762400000,1763766000000,84284.42000000,95000,0.09417808,0.15513699,0.24931507
2025-11-22 06:00:00,2065,2065,2065,2065,0,2025-11-22 07:00:00,0,0,1763766000000,1763769600000,85129.43000000,95000,0.09406393,0.15525114,0.24931507
2025-11-22 07:00:00,2220,2220,2220,2220,0.04,2025-11-22 08:00:00,88.8,1,1763769600000,1763773200000,84739.93000000,95000,0.09394977,0.15536530,0.24931507
2025-11-22 08:00:00,2115,2115,2115,2115,0.4,2025-11-22 09:00:00,846,1,1763773200000,1763776800000,85174.28000000,95000,0.09383562,0.15547945,0.24931507
2025-11-22 09:00:00,2070,2070,2070,2070,1.25,2025-11-22 10:00:00,2587.5,1,1763776800000,1763780400000,84528.99000000,95000,0.09372146,0.15559361,0.24931507
2025-11-22 10:00:00,2070,2070,2070,2070,0,2025-11-22 11:00:00,0,0,1763780400000,1763784000000,84440.47000000,95000,0.09360731,0.15570776,0.24931507
2025-11-22 11:00:00,2070,2070,2070,2070,0,2025-11-22 12:00:00,0,0,1763784000000,1763787600000,84246.88000000,95000,0.09349315,0.15582192,0.24931507
2025-11-22 12:00:00,2070,2070,2070,2070,0,2025-11-22 13:00:00,0,0,1763787600000,1763791200000,84280.92000000,95000,0.09337900,0.15593607,0.24931507
2025-11-22 13:00:00,2070,2070,2070,2070,0,2025-11-22 14:00:00,0,0,1763791200000,1763794800000,84636.00000000,95000,0.09326484,0.15605023,0.24931507
2025-11-22 14:00:00,1965,1965,1965,1965,0.15,2025-11-22 15:00:00,294.75,1,1763794800000,1763798400000,84580.06000000,95000,0.09315068,0.15616438,0.24931507
2025-11-22 15:00:00,1965,1965,1965,1965,0,2025-11-22 16:00:00,0,0,1763798400000,1763802000000,84016.77000000,95000,0.09303653,0.15627854,0.24931507
2025-11-22 16:00:00,1965,1965,1965,1965,0,2025-11-22 17:00:00,0,0,1763802000000,1763805600000,83929.52000000,95000,0.09292237,0.15639269,0.24931507
2025-11-22 17:00:00,1760,1760,1760,1760,0.06,2025-11-22 18:00:00,105.6,1,1763805600000,1763809200000,83693.25000000,95000,0.09280822,0.15650685,0.24931507
2025-11-22 18:00:00,1760,1760,1760,1760,0,2025-11-22 19:00:00,0,0,1763809200000,1763812800000,84098.94000000,95000,0.09269406,0.15662100,0.24931507
2025-11-22 19:00:00,1760,1760,1760,1760,0,2025-11-22 20:00:00,0,0,1763812800000,1763816400000,83884.00000000,95000,0.09257991,0.15673516,0.24931507
2025-11-22 20:00:00,1760,1760,1760,1760,0,2025-11-22 21:00:00,0,0,1763816400000,1763820000000,83947.89000000,95000,0.09246575,0.15684932,0.24931507
2025-11-22 21:00:00,1760,1760,1760,1760,0,2025-11-22 22:00:00,0,0,1763820000000,1763823600000,84494.40000000,95000,0.09235160,0.15696347,0.24931507
2025-11-22 22:00:00,1760,1760,1760,1760,0,2025-11-22 23:00:00,0,0,1763823600000,1763827200000,84284.01000000,95000,0.09223744,0.15707763,0.24931507
2025-11-22 23:00:00,1760,1760,1760,1760,0,2025-11-23 00:00:00,0,0,1763827200000,1763830800000,84694.66000000,95000,0.09212329,0.15719178,0.24931507
2025-11-23 00:00:00,1760,1760,1760,1760,0,2025-11-23 01:00:00,0,0,1763830800000,1763834400000,84554.20000000,95000,0.09200913,0.15730594,0.24931507
2025-11-23 01:00:00,1760,1760,1760,1760,0,2025-11-23 02:00:00,0,0,1763834400000,1763838000000,84659.79000000,95000,0.09189498,0.15742009,0.24931507
2025-11-23 02:00:00,1760,1760,1760,1760,0,2025-11-23 03:00:00,0,0,1763838000000,1763841600000,84609.76000000,95000,0.09178082,0.15753425,0.24931507
2025-11-23 03:00:00,1760,1760,1760,1760,0,2025-11-23 04:00:00,0,0,1763841600000,1763845200000,84474.41000000,95000,0.09166667,0.15764840,0.24931507
2025-11-23 04:00:00,1760,1760,1760,1760,0,2025-11-23 05:00:00,0,0,1763845200000,1763848800000,84411.30000000,95000,0.09155251,0.15776256,0.24931507
2025-11-23 05:00:00,1760,1760,1760,1760,0,2025-11-23 06:00:00,0,0,1763848800000,1763852400000,85072.88000000,95000,0.09143836,0.15787671,0.24931507
2025-11-23 06:00:00,1760,1760,1760,1760,0,2025-11-23 07:00:00,0,0,1763852400000,1763856000000,84739.74000000,95000,0.09132420,0.15799087,0.24931507
2025-11-23 07:00:00,1760,1760,1760,1760,0,2025-11-23 08:00:00,0,0,1763856000000,1763859600000,84971.74000000,95000,0.09121005,0.15810502,0.24931507
2025-11-23 08:00:00,2185,2185,2185,2185,1,2025-11-23 09:00:00,2185,1,1763859600000,1763863200000,85879.83000000,95000,0.09109589,0.15821918,0.24931507
2025-11-23 09:00:00,2185,2185,2185,2185,0,2025-11-23 10:00:00,0,0,1763863200000,1763866800000,86000.34000000,95000,0.09098174,0.15833333,0.24931507
2025-11-23 10:00:00,2185,2185,2185,2185,0,2025-11-23 11:00:00,0,0,1763866800000,1763870400000,86308.54000000,95000,0.09086758,0.15844749,0.24931507
2025-11-23 11:00:00,2185,2185,2185,2185,0,2025-11-23 12:00:00,0,0,1763870400000,1763874000000,86548.20000000,95000,0.09075342,0.15856164,0.24931507
2025-11-23 12:00:00,2545,2545,2545,2545,0.02,2025-11-23 13:00:00,50.9,1,1763874000000,1763877600000,86358.28000000,95000,0.09063927,0.15867580,0.24931507
2025-11-23 13:00:00,2545,2545,2545,2545,0,2025-11-23 14:00:00,0,0,1763877600000,1763881200000,85864.68000000,95000,0.09052511,0.15878995,0.24931507
2025-11-23 14:00:00,2545,2545,2545,2545,0,2025-11-23 15:00:00,0,0,1763881200000,1763884800000,85782.19000000,95000,0.09041096,0.15890411,0.24931507
2025-11-23 15:00:00,2400,2400,2400,2400,0.01,2025-11-23 16:00:00,24,1,1763884800000,1763888400000,86137.19000000,95000,0.09029680,0.15901826,0.24931507
2025-11-23 16:00:00,2400,2400,2400,2400,0,2025-11-23 17:00:00,0,0,1763888400000,1763892000000,86393.02000000,95000,0.09018265,0.15913242,0.24931507
2025-11-23 17:00:00,2400,2400,2400,2400,0,2025-11-23 18:00:00,0,0,1763892000000,1763895600000,86066.23000000,95000,0.09006849,0.15924658,0.24931507
2025-11-23 18:00:00,2460,2460,2460,2460,0.1,2025-11-23 19:00:00,246,1,1763895600000,1763899200000,86331.28000000,95000,0.08995434,0.15936073,0.24931507
2025-11-23 19:00:00,2460,2460,2460,2460,0,2025-11-23 20:00:00,0,0,1763899200000,1763902800000,86530.04000000,95000,0.08984018,0.15947489,0.24931507
2025-11-23 20:00:00,2460,2460,2460,2460,0,2025-11-23 21:00:00,0,0,1763902800000,1763906400000,86928.31000000,95000,0.08972603,0.15958904,0.24931507
2025-11-23 21:00:00,2685,2710,2685,2710,0.05,2025-11-23 22:00:00,134.5,2,1763906400000,1763910000000,86547.40000000,95000,0.08961187,0.15970320,0.24931507
2025-11-23 22:00:00,2710,2710,2710,2710,0,2025-11-23 23:00:00,0,0,1763910000000,1763913600000,87087.44000000,95000,0.08949772,0.15981735,0.24931507
2025-11-23 23:00:00,2710,2710,2710,2710,0,2025-11-24 00:00:00,0,0,1763913600000,1763917200000,86685.60000000,95000,0.08938356,0.15993151,0.24931507
2025-11-24 00:00:00,2710,2710,2710,2710,0,2025-11-24 01:00:00,0,0,1763917200000,1763920800000,86746.51000000,95000,0.08926941,0.16004566,0.24931507
2025-11-24 01:00:00,2710,2710,2710,2710,0,2025-11-24 02:00:00,0,0,1763920800000,1763924400000,86995.02000000,95000,0.08915525,0.16015982,0.24931507
2025-11-24 02:00:00,2710,2710,2710,2710,0,2025-11-24 03:00:00,0,0,1763924400000,1763928000000,87325.01000000,95000,0.08904110,0.16027397,0.24931507
2025-11-24 03:00:00,2710,2710,2710,2710,0,2025-11-24 04:00:00,0,0,1763928000000,1763931600000,87483.36000000,95000,0.08892694,0.16038813,0.24931507
2025-11-24 04:00:00,2710,2710,2710,2710,0,2025-11-24 05:00:00,0,0,1763931600000,1763935200000,87992.02000000,95000,0.08881279,0.16050228,0.24931507
2025-11-24 05:00:00,2710,2710,2710,2710,0,2025-11-24 06:00:00,0,0,1763935200000,1763938800000,88004.00000000,95000,0.08869863,0.16061644,0.24931507
2025-11-24 06:00:00,2710,2710,2710,2710,0,2025-11-24 07:00:00,0,0,1763938800000,1763942400000,86830.00000000,95000,0.08858447,0.16073059,0.24931507
2025-11-24 07:00:00,2710,2710,2710,2710,0,2025-11-24 08:00:00,0,0,1763942400000,1763946000000,86740.64000000,95000,0.08847032,0.16084475,0.24931507
2025-11-24 08:00:00,2560,2580,2480,2480,3.38,2025-11-24 09:00:00,8607.05,7,1763946000000,1763949600000,87068.51000000,95000,0.08835616,0.16095890,0.24931507
2025-11-24 09:00:00,2695,2695,2695,2695,0.1,2025-11-24 10:00:00,269.5,1,1763949600000,1763953200000,87518.22000000,95000,0.08824201,0.16107306,0.24931507
2025-11-24 10:00:00,2695,2695,2695,2695,0,2025-11-24 11:00:00,0,0,1763953200000,1763956800000,87460.02000000,95000,0.08812785,0.16118721,0.24931507
2025-11-24 11:00:00,2400,2400,2400,2400,0.19,2025-11-24 12:00:00,456,2,1763956800000,1763960400000,86738.37000000,95000,0.08801370,0.16130137,0.24931507
2025-11-24 12:00:00,2400,2400,2400,2400,0,2025-11-24 13:00:00,0,0,1763960400000,1763964000000,87468.29000000,95000,0.08789954,0.16141553,0.24931507
2025-11-24 13:00:00,2400,2400,2400,2400,0,2025-11-24 14:00:00,0,0,1763964000000,1763967600000,86910.78000000,95000,0.08778539,0.16152968,0.24931507
2025-11-24 14:00:00,2400,2400,2400,2400,0,2025-11-24 15:00:00,0,0,1763967600000,1763971200000,87050.39000000,95000,0.08767123,0.16164384,0.24931507
2025-11-24 15:00:00,2400,2400,2400,2400,0,2025-11-24 16:00:00,0,0,1763971200000,1763974800000,86961.51000000,95000,0.08755708,0.16175799,0.24931507
2025-11-24 16:00:00,2400,2400,2400,2400,0,2025-11-24 17:00:00,0,0,1763974800000,1763978400000,85944.91000000,95000,0.08744292,0.16187215,0.24931507
2025-11-24 17:00:00,2400,2400,2400,2400,0,2025-11-24 18:00:00,0,0,1763978400000,1763982000000,86049.74000000,95000,0.08732877,0.16198630,0.24931507
2025-11-24 18:00:00,2400,2400,2400,2400,0,2025-11-24 19:00:00,0,0,1763982000000,1763985600000,86264.72000000,95000,0.08721461,0.16210046,0.24931507
2025-11-24 19:00:00,2245,2245,2245,2245,0.01,2025-11-24 20:00:00,22.45,1,1763985600000,1763989200000,86003.00000000,95000,0.08710046,0.16221461,0.24931507
2025-11-24 20:00:00,2245,2245,2245,2245,0,2025-11-24 21:00:00,0,0,1763989200000,1763992800000,86160.00000000,95000,0.08698630,0.16232877,0.24931507
2025-11-24 21:00:00,2305,2305,2305,2305,0.11,2025-11-24 22:00:00,253.55,1,1763992800000,1763996400000,86171.14000000,95000,0.08687215,0.16244292,0.24931507
2025-11-24 22:00:00,2225,2265,2225,2265,0.37,2025-11-24 23:00:00,829.65,2,1763996400000,1764000000000,86616.44000000,95000,0.08675799,0.16255708,0.24931507
2025-11-24 23:00:00,2485,2485,2485,2485,0.01,2025-11-25 00:00:00,24.85,1,1764000000000,1764003600000,87174.50000000,95000,0.08664384,0.16267123,0.24931507
2025-11-25 00:00:00,2485,2485,2485,2485,0,2025-11-25 01:00:00,0,0,1764003600000,1764007200000,88369.91000000,95000,0.08652968,0.16278539,0.24931507
2025-11-25 01:00:00,2485,2485,2485,2485,0,2025-11-25 02:00:00,0,0,1764007200000,1764010800000,88715.31000000,95000,0.08641553,0.16289954,0.24931507
2025-11-25 02:00:00,2665,2665,2665,2665,0.35,2025-11-25 03:00:00,932.75,1,1764010800000,1764014400000,88327.29000000,95000,0.08630137,0.16301370,0.24931507
2025-11-25 03:00:00,2690,2755,2690,2755,5.57,2025-11-25 04:00:00,15199.65,8,1764014400000,1764018000000,89089.06000000,95000,0.08618721,0.16312785,0.24931507
2025-11-25 04:00:00,2880,2880,2845,2845,0.1,2025-11-25 05:00:00,287.65,2,1764018000000,1764021600000,88766.15000000,95000,0.08607306,0.16324201,0.24931507
2025-11-25 05:00:00,2845,2845,2845,2845,0,2025-11-25 06:00:00,0,0,1764021600000,1764025200000,88636.54000000,95000,0.08595890,0.16335616,0.24931507
2025-11-25 06:00:00,2845,2845,2845,2845,0,2025-11-25 07:00:00,0,0,1764025200000,1764028800000,88300.01000000,95000,0.08584475,0.16347032,0.24931507
2025-11-25 07:00:00,2525,2525,2525,2525,0.41,2025-11-25 08:00:00,1035.25,1,1764028800000,1764032400000,88100.00000000,95000,0.08573059,0.16358447,0.24931507
2025-11-25 08:00:00,2580,2580,2555,2555,0.78,2025-11-25 09:00:00,2010.35,3,1764032400000,1764036000000,87732.83000000,95000,0.08561644,0.16369863,0.24931507
2025-11-25 09:00:00,2400,2400,2400,2400,0.21,2025-11-25 10:00:00,504,1,1764036000000,1764039600000,87909.40000000,95000,0.08550228,0.16381279,0.24931507
2025-11-25 10:00:00,2420,2420,2420,2420,0.1,2025-11-25 11:00:00,242,1,1764039600000,1764043200000,87822.12000000,95000,0.08538813,0.16392694,0.24931507
2025-11-25 11:00:00,2420,2420,2420,2420,0,2025-11-25 12:00:00,0,0,1764043200000,1764046800000,88341.14000000,95000,0.08527397,0.16404110,0.24931507
2025-11-25 12:00:00,2420,2420,2420,2420,0,2025-11-25 13:00:00,0,0,1764046800000,1764050400000,88120.82000000,95000,0.08515982,0.16415525,0.24931507
2025-11-25 13:00:00,2420,2420,2420,2420,0,2025-11-25 14:00:00,0,0,1764050400000,1764054000000,88003.97000000,95000,0.08504566,0.16426941,0.24931507
2025-11-25 14:00:00,2485,2485,2485,2485,4.14,2025-11-25 15:00:00,10287.9,2,1764054000000,1764057600000,87384.81000000,95000,0.08493151,0.16438356,0.24931507
2025-11-25 15:00:00,2485,2485,2485,2485,0,2025-11-25 16:00:00,0,0,1764057600000,1764061200000,87009.82000000,95000,0.08481735,0.16449772,0.24931507
2025-11-25 16:00:00,2135,2215,2135,2215,0.21,2025-11-25 17:00:00,462.75,3,1764061200000,1764064800000,87231.76000000,95000,0.08470320,0.16461187,0.24931507
2025-11-25 17:00:00,2300,2300,2300,2300,0.01,2025-11-25 18:00:00,23,1,1764064800000,1764068400000,87411.01000000,95000,0.08458904,0.16472603,0.24931507
2025-11-25 18:00:00,2300,2300,2300,2300,0,2025-11-25 19:00:00,0,0,1764068400000,1764072000000,87361.71000000,95000,0.08447489,0.16484018,0.24931507
2025-11-25 19:00:00,2385,2385,2385,2385,1.17,2025-11-25 20:00:00,2790.45,2,1764072000000,1764075600000,87509.99000000,95000,0.08436073,0.16495434,0.24931507
2025-11-25 20:00:00,2385,2385,2385,2385,0,2025-11-25 21:00:00,0,0,1764075600000,1764079200000,87083.01000000,95000,0.08424658,0.16506849,0.24931507
2025-11-25 21:00:00,2235,2235,2015,2055,1.23,2025-11-25 22:00:00,2588.85,4,1764079200000,1764082800000,86741.55000000,95000,0.08413242,0.16518265,0.24931507
2025-11-25 22:00:00,2055,2055,2055,2055,0,2025-11-25 23:00:00,0,0,1764082800000,1764086400000,86988.94000000,95000,0.08401826,0.16529680,0.24931507
2025-11-25 23:00:00,2170,2170,2170,2170,0.16,2025-11-26 00:00:00,347.2,1,1764086400000,1764090000000,87121.31000000,95000,0.08390411,0.16541096,0.24931507
2025-11-26 00:00:00,2335,2335,2335,2335,2.36,2025-11-26 01:00:00,5510.6,2,1764090000000,1764093600000,87625.89000000,95000,0.08378995,0.16552511,0.24931507
2025-11-26 01:00:00,2275,2275,2275,2275,0.02,2025-11-26 02:00:00,45.5,1,1764093600000,1764097200000,87239.29000000,95000,0.08367580,0.16563927,0.24931507
2025-11-26 02:00:00,1945,1945,1945,1945,1.16,2025-11-26 03:00:00,2256.2,1,1764097200000,1764100800000,86882.85000000,95000,0.08356164,0.16575342,0.24931507
2025-11-26 03:00:00,1945,1945,1945,1945,0,2025-11-26 04:00:00,0,0,1764100800000,1764104400000,87382.70000000,95000,0.08344749,0.16586758,0.24931507
2025-11-26 04:00:00,1945,1945,1945,1945,0,2025-11-26 05:00:00,0,0,1764104400000,1764108000000,87032.37000000,95000,0.08333333,0.16598174,0.24931507
2025-11-26 05:00:00,1945,1945,1945,1945,0,2025-11-26 06:00:00,0,0,1764108000000,1764111600000,87642.41000000,95000,0.08321918,0.16609589,0.24931507
2025-11-26 06:00:00,1945,1945,1945,1945,0,2025-11-26 07:00:00,0,0,1764111600000,1764115200000,87369.96000000,95000,0.08310502,0.16621005,0.24931507
2025-11-26 07:00:00,1945,1945,1945,1945,0,2025-11-26 08:00:00,0,0,1764115200000,1764118800000,87573.51000000,95000,0.08299087,0.16632420,0.24931507
2025-11-26 08:00:00,1945,1945,1945,1945,0,2025-11-26 09:00:00,0,0,1764118800000,1764122400000,87921.94000000,95000,0.08287671,0.16643836,0.24931507
2025-11-26 09:00:00,1945,1945,1945,1945,0,2025-11-26 10:00:00,0,0,1764122400000,1764126000000,87711.82000000,95000,0.08276256,0.16655251,0.24931507
2025-11-26 10:00:00,1945,1945,1945,1945,0,2025-11-26 11:00:00,0,0,1764126000000,1764129600000,87119.92000000,95000,0.08264840,0.16666667,0.24931507
2025-11-26 11:00:00,2020,2020,2020,2020,0.01,2025-11-26 12:00:00,20.2,1,1764129600000,1764133200000,87230.23000000,95000,0.08253425,0.16678082,0.24931507
2025-11-26 12:00:00,2020,2020,2020,2020,0,2025-11-26 13:00:00,0,0,1764133200000,1764136800000,87519.53000000,95000,0.08242009,0.16689498,0.24931507
2025-11-26 13:00:00,2020,2020,2020,2020,0,2025-11-26 14:00:00,0,0,1764136800000,1764140400000,87794.00000000,95000,0.08230594,0.16700913,0.24931507
2025-11-26 14:00:00,2020,2020,2020,2020,0,2025-11-26 15:00:00,0,0,1764140400000,1764144000000,87935.05000000,95000,0.08219178,0.16712329,0.24931507
2025-11-26 15:00:00,2020,2020,2020,2020,0,2025-11-26 16:00:00,0,0,1764144000000,1764147600000,87424.80000000,95000,0.08207763,0.16723744,0.24931507
2025-11-26 16:00:00,2020,2020,2020,2020,0,2025-11-26 17:00:00,0,0,1764147600000,1764151200000,86825.27000000,95000,0.08196347,0.16735160,0.24931507
2025-11-26 17:00:00,1925,1925,1925,1925,0.01,2025-11-26 18:00:00,19.25,1,1764151200000,1764154800000,86955.17000000,95000,0.08184932,0.16746575,0.24931507
2025-11-26 18:00:00,1925,1925,1925,1925,0,2025-11-26 19:00:00,0,0,1764154800000,1764158400000,87095.79000000,95000,0.08173516,0.16757991,0.24931507
2025-11-26 19:00:00,1880,1880,1880,1880,0.01,2025-11-26 20:00:00,18.8,1,1764158400000,1764162000000,86643.08000000,95000,0.08162100,0.16769406,0.24931507
2025-11-26 20:00:00,1880,1880,1880,1880,0,2025-11-26 21:00:00,0,0,1764162000000,1764165600000,87128.51000000,95000,0.08150685,0.16780822,0.24931507
2025-11-26 21:00:00,1945,1945,1945,1945,1.05,2025-11-26 22:00:00,2042.25,1,1764165600000,1764169200000,86899.73000000,95000,0.08139269,0.16792237,0.24931507
2025-11-26 22:00:00,1945,1945,1945,1945,0,2025-11-26 23:00:00,0,0,1764169200000,1764172800000,86978.00000000,95000,0.08127854,0.16803653,0.24931507
2025-11-26 23:00:00,2105,2105,2105,2105,0.01,2025-11-27 00:00:00,21.05,1,1764172800000,1764176400000,87820.01000000,95000,0.08116438,0.16815068,0.24931507
2025-11-27 00:00:00,2380,2380,2380,2380,1.2,2025-11-27 01:00:00,2856,1,1764176400000,1764180000000,89830.79000000,95000,0.08105023,0.16826484,0.24931507
2025-11-27 01:00:00,3080,3080,2910,2910,1.14,2025-11-27 02:00:00,3509.45,3,1764180000000,1764183600000,90145.69000000,95000,0.08093607,0.16837900,0.24931507
2025-11-27 02:00:00,2910,2910,2910,2910,0,2025-11-27 03:00:00,0,0,1764183600000,1764187200000,89957.36000000,95000,0.08082192,0.16849315,0.24931507
2025-11-27 03:00:00,2910,2910,2910,2910,0,2025-11-27 04:00:00,0,0,1764187200000,1764190800000,89866.82000000,95000,0.08070776,0.16860731,0.24931507
2025-11-27 04:00:00,2910,2910,2910,2910,0,2025-11-27 05:00:00,0,0,1764190800000,1764194400000,90195.99000000,95000,0.08059361,0.16872146,0.24931507
2025-11-27 05:00:00,2910,2910,2910,2910,0,2025-11-27 06:00:00,0,0,1764194400000,1764198000000,90386.57000000,95000,0.08047945,0.16883562,0.24931507
2025-11-27 06:00:00,3090,3090,3090,3090,0.99,2025-11-27 07:00:00,3059.1,2,1764198000000,1764201600000,90484.02000000,95000,0.08036530,0.16894977,0.24931507
2025-11-27 07:00:00,3090,3090,3090,3090,0,2025-11-27 08:00:00,0,0,1764201600000,1764205200000,90485.85000000,95000,0.08025114,0.16906393,0.24931507
2025-11-27 08:00:00,3090,3090,3090,3090,0,2025-11-27 09:00:00,0,0,1764205200000,1764208800000,91145.78000000,95000,0.08013699,0.16917808,0.24931507
2025-11-27 09:00:00,3275,3285,3275,3285,0.21,2025-11-27 10:00:00,687.85,2,1764208800000,1764212400000,91389.21000000,95000,0.08002283,0.16929224,0.24931507
2025-11-27 10:00:00,3455,3455,3455,3455,0.02,2025-11-27 11:00:00,69.1,1,1764212400000,1764216000000,91091.68000000,95000,0.07990868,0.16940639,0.24931507
2025-11-27 11:00:00,3455,3455,3455,3455,0,2025-11-27 12:00:00,0,0,1764216000000,1764219600000,91277.06000000,95000,0.07979452,0.16952055,0.24931507
2025-11-27 12:00:00,3455,3455,3455,3455,0,2025-11-27 13:00:00,0,0,1764219600000,1764223200000,90967.54000000,95000,0.07968037,0.16963470,0.24931507
2025-11-27 13:00:00,3455,3455,3455,3455,0,2025-11-27 14:00:00,0,0,1764223200000,1764226800000,91244.58000000,95000,0.07956621,0.16974886,0.24931507
2025-11-27 14:00:00,3395,3395,3395,3395,0.01,2025-11-27 15:00:00,33.95,1,1764226800000,1764230400000,91408.34000000,95000,0.07945205,0.16986301,0.24931507
2025-11-27 15:00:00,3395,3395,3395,3395,0,2025-11-27 16:00:00,0,0,1764230400000,1764234000000,91492.02000000,95000,0.07933790,0.16997717,0.24931507
2025-11-27 16:00:00,3500,3500,3500,3500,0.13,2025-11-27 17:00:00,455,1,1764234000000,1764237600000,91561.67000000,95000,0.07922374,0.17009132,0.24931507
2025-11-27 17:00:00,3450,3450,3450,3450,1.17,2025-11-27 18:00:00,4036.5,2,1764237600000,1764241200000,91613.51000000,95000,0.07910959,0.17020548,0.24931507
2025-11-27 18:00:00,3450,3450,3450,3450,0,2025-11-27 19:00:00,0,0,1764241200000,1764244800000,91371.88000000,95000,0.07899543,0.17031963,0.24931507
2025-11-27 19:00:00,3450,3450,3450,3450,0,2025-11-27 20:00:00,0,0,1764244800000,1764248400000,90986.56000000,95000,0.07888128,0.17043379,0.24931507
2025-11-27 20:00:00,3210,3210,3210,3210,0.74,2025-11-27 21:00:00,2375.4,1,1764248400000,1764252000000,90852.78000000,95000,0.07876712,0.17054795,0.24931507
2025-11-27 21:00:00,3065,3065,3065,3065,0.61,2025-11-27 22:00:00,1869.65,1,1764252000000,1764255600000,90789.68000000,95000,0.07865297,0.17066210,0.24931507
2025-11-27 22:00:00,3065,3065,3065,3065,0,2025-11-27 23:00:00,0,0,1764255600000,1764259200000,90958.30000000,95000,0.07853881,0.17077626,0.24931507
2025-11-27 23:00:00,3065,3065,3065,3065,0,2025-11-28 00:00:00,0,0,1764259200000,1764262800000,91467.13000000,95000,0.07842466,0.17089041,0.24931507
2025-11-28 00:00:00,3065,3065,3065,3065,0,2025-11-28 01:00:00,0,0,1764262800000,1764266400000,91479.30000000,95000,0.07831050,0.17100457,0.24931507
2025-11-28 01:00:00,3065,3065,3065,3065,0,2025-11-28 02:00:00,0,0,1764266400000,1764270000000,91791.99000000,95000,0.07819635,0.17111872,0.24931507
2025-11-28 02:00:00,3370,3370,3370,3370,2,2025-11-28 03:00:00,6740,2,1764270000000,1764273600000,91528.21000000,95000,0.07808219,0.17123288,0.24931507
2025-11-28 03:00:00,3370,3370,3370,3370,0,2025-11-28 04:00:00,0,0,1764273600000,1764277200000,91433.17000000,95000,0.07796804,0.17134703,0.24931507
2025-11-28 04:00:00,3370,3370,3370,3370,0,2025-11-28 05:00:00,0,0,1764277200000,1764280800000,91416.99000000,95000,0.07785388,0.17146119,0.24931507
2025-11-28 05:00:00,3270,3270,3270,3270,0.04,2025-11-28 06:00:00,130.8,1,1764280800000,1764284400000,91317.65000000,95000,0.07773973,0.17157534,0.24931507
2025-11-28 06:00:00,3270,3270,3270,3270,0,2025-11-28 07:00:00,0,0,1764284400000,1764288000000,91333.95000000,95000,0.07762557,0.17168950,0.24931507
2025-11-28 07:00:00,3270,3270,3270,3270,0,2025-11-28 08:00:00,0,0,1764288000000,1764291600000,91207.34000000,95000,0.07751142,0.17180365,0.24931507
2025-11-28 08:00:00,3270,3270,3270,3270,0,2025-11-28 09:00:00,0,0,1764291600000,1764295200000,90804.56000000,95000,0.07739726,0.17191781,0.24931507
2025-11-28 09:00:00,3015,3015,2980,2980,0.7,2025-11-28 10:00:00,2108.05,2,1764295200000,1764298800000,91083.08000000,95000,0.07728311,0.17203196,0.24931507
2025-11-28 10:00:00,3120,3120,3120,3120,0.99,2025-11-28 11:00:00,3088.8,1,1764298800000,1764302400000,91208.85000000,95000,0.07716895,0.17214612,0.24931507
2025-11-28 11:00:00,3120,3120,3120,3120,0,2025-11-28 12:00:00,0,0,1764302400000,1764306000000,91424.02000000,95000,0.07705479,0.17226027,0.24931507
2025-11-28 12:00:00,3120,3120,3120,3120,0,2025-11-28 13:00:00,0,0,1764306000000,1764309600000,91612.09000000,95000,0.07694064,0.17237443,0.24931507
2025-11-28 13:00:00,3120,3120,3120,3120,0,2025-11-28 14:00:00,0,0,1764309600000,1764313200000,91300.69000000,95000,0.07682648,0.17248858,0.24931507
2025-11-28 14:00:00,3120,3120,3120,3120,0,2025-11-28 15:00:00,0,0,1764313200000,1764316800000,90910.87000000,95000,0.07671233,0.17260274,0.24931507
2025-11-28 15:00:00,3075,3075,3030,3030,1.09,2025-11-28 16:00:00,3333.75,2,1764316800000,1764320400000,91690.00000000,95000,0.07659817,0.17271689,0.24931507
2025-11-28 16:00:00,3030,3030,3030,3030,0,2025-11-28 17:00:00,0,0,1764320400000,1764324000000,91599.99000000,95000,0.07648402,0.17283105,0.24931507
2025-11-28 17:00:00,3255,3260,3255,3260,1,2025-11-28 18:00:00,3255.25,2,1764324000000,1764327600000,91850.49000000,95000,0.07636986,0.17294521,0.24931507
2025-11-28 18:00:00,3260,3260,3260,3260,0,2025-11-28 19:00:00,0,0,1764327600000,1764331200000,91437.64000000,95000,0.07625571,0.17305936,0.24931507
2025-11-28 19:00:00,3260,3260,3260,3260,0,2025-11-28 20:00:00,0,0,1764331200000,1764334800000,91513.40000000,95000,0.07614155,0.17317352,0.24931507
2025-11-28 20:00:00,3195,3365,3195,3365,2.25,2025-11-28 21:00:00,7358.75,2,1764334800000,1764338400000,92377.01000000,95000,0.07602740,0.17328767,0.24931507
2025-11-28 21:00:00,3545,3615,3520,3525,4.7,2025-11-28 22:00:00,16858.65,6,1764338400000,1764342000000,92250.01000000,95000,0.07591324,0.17340183,0.24931507
2025-11-28 22:00:00,3470,3470,3470,3470,3,2025-11-28 23:00:00,10410,2,1764342000000,1764345600000,92362.49000000,95000,0.07579909,0.17351598,0.24931507
2025-11-28 23:00:00,3335,3340,3335,3340,1.18,2025-11-29 00:00:00,3936.1,2,1764345600000,1764349200000,90936.23000000,95000,0.07568493,0.17363014,0.24931507
2025-11-29 00:00:00,2725,2725,2610,2610,1.27,2025-11-29 01:00:00,3451.05,5,1764349200000,1764352800000,90663.98000000,95000,0.07557078,0.17374429,0.24931507
2025-11-29 01:00:00,2725,2725,2725,2725,0.15,2025-11-29 02:00:00,408.75,2,1764352800000,1764356400000,90830.57000000,95000,0.07545662,0.17385845,0.24931507
2025-11-29 02:00:00,2725,2725,2725,2725,0,2025-11-29 03:00:00,0,0,1764356400000,1764360000000,91157.44000000,95000,0.07534247,0.17397260,0.24931507
2025-11-29 03:00:00,2725,2725,2725,2725,0,2025-11-29 04:00:00,0,0,1764360000000,1764363600000,91201.10000000,95000,0.07522831,0.17408676,0.24931507
2025-11-29 04:00:00,2725,2725,2725,2725,0,2025-11-29 05:00:00,0,0,1764363600000,1764367200000,90888.01000000,95000,0.07511416,0.17420091,0.24931507
2025-11-29 05:00:00,2725,2725,2725,2725,0,2025-11-29 06:00:00,0,0,1764367200000,1764370800000,91122.00000000,95000,0.07500000,0.17431507,0.24931507
2025-11-29 06:00:00,2725,2725,2725,2725,0,2025-11-29 07:00:00,0,0,1764370800000,1764374400000,90890.70000000,95000,0.07488584,0.17442922,0.24931507
2025-11-29 07:00:00,2850,2860,2850,2860,0.09,2025-11-29 08:00:00,256.9,2,1764374400000,1764378000000,90884.01000000,95000,0.07477169,0.17454338,0.24931507
2025-11-29 08:00:00,2860,2860,2860,2860,0,2025-11-29 09:00:00,0,0,1764378000000,1764381600000,90881.20000000,95000,0.07465753,0.17465753,0.24931507
2025-11-29 09:00:00,2860,2860,2860,2860,0,2025-11-29 10:00:00,0,0,1764381600000,1764385200000,90798.89000000,95000,0.07454338,0.17477169,0.24931507
2025-11-29 10:00:00,2860,2860,2860,2860,0,2025-11-29 11:00:00,0,0,1764385200000,1764388800000,90680.26000000,95000,0.07442922,0.17488584,0.24931507
2025-11-29 11:00:00,2880,2880,2880,2880,1,2025-11-29 12:00:00,2880,1,1764388800000,1764392400000,90901.56000000,95000,0.07431507,0.17500000,0.24931507
2025-11-29 12:00:00,2880,2880,2880,2880,0,2025-11-29 13:00:00,0,0,1764392400000,1764396000000,90747.16000000,95000,0.07420091,0.17511416,0.24931507
2025-11-29 13:00:00,2880,2880,2880,2880,0,2025-11-29 14:00:00,0,0,1764396000000,1764399600000,90565.29000000,95000,0.07408676,0.17522831,0.24931507
2025-11-29 14:00:00,2720,2720,2720,2720,0.01,2025-11-29 15:00:00,27.2,1,1764399600000,1764403200000,90567.67000000,95000,0.07397260,0.17534247,0.24931507
2025-11-29 15:00:00,2720,2720,2720,2720,0,2025-11-29 16:00:00,0,0,1764403200000,1764406800000,90629.67000000,95000,0.07385845,0.17545662,0.24931507
2025-11-29 16:00:00,2720,2720,2720,2720,0,2025-11-29 17:00:00,0,0,1764406800000,1764410400000,90560.08000000,95000,0.07374429,0.17557078,0.24931507
2025-11-29 17:00:00,2720,2720,2720,2720,0,2025-11-29 18:00:00,0,0,1764410400000,1764414000000,90552.47000000,95000,0.07363014,0.17568493,0.24931507
2025-11-29 18:00:00,2720,2720,2720,2720,0,2025-11-29 19:00:00,0,0,1764414000000,1764417600000,90673.19000000,95000,0.07351598,0.17579909,0.24931507
2025-11-29 19:00:00,2720,2720,2720,2720,0,2025-11-29 20:00:00,0,0,1764417600000,1764421200000,90616.01000000,95000,0.07340183,0.17591324,0.24931507
2025-11-29 20:00:00,2720,2720,2720,2720,0,2025-11-29 21:00:00,0,0,1764421200000,1764424800000,90783.17000000,95000,0.07328767,0.17602740,0.24931507
2025-11-29 21:00:00,2720,2720,2720,2720,0,2025-11-29 22:00:00,0,0,1764424800000,1764428400000,90621.72000000,95000,0.07317352,0.17614155,0.24931507
2025-11-29 22:00:00,2720,2720,2720,2720,0,2025-11-29 23:00:00,0,0,1764428400000,1764432000000,91063.50000000,95000,0.07305936,0.17625571,0.24931507
2025-11-29 23:00:00,2720,2720,2720,2720,0,2025-11-30 00:00:00,0,0,1764432000000,1764435600000,91004.03000000,95000,0.07294521,0.17636986,0.24931507
2025-11-30 00:00:00,2745,2745,2745,2745,0.02,2025-11-30 01:00:00,54.9,1,1764435600000,1764439200000,90421.21000000,95000,0.07283105,0.17648402,0.24931507
2025-11-30 01:00:00,2745,2745,2745,2745,0,2025-11-30 02:00:00,0,0,1764439200000,1764442800000,90690.84000000,95000,0.07271689,0.17659817,0.24931507
2025-11-30 02:00:00,2745,2745,2745,2745,0,2025-11-30 03:00:00,0,0,1764442800000,1764446400000,90640.78000000,95000,0.07260274,0.17671233,0.24931507
2025-11-30 03:00:00,2745,2745,2745,2745,0,2025-11-30 04:00:00,0,0,1764446400000,1764450000000,90963.29000000,95000,0.07248858,0.17682648,0.24931507
2025-11-30 04:00:00,2745,2745,2745,2745,0,2025-11-30 05:00:00,0,0,1764450000000,1764453600000,91008.68000000,95000,0.07237443,0.17694064,0.24931507
2025-11-30 05:00:00,2740,2740,2740,2740,0.01,2025-11-30 06:00:00,27.4,1,1764453600000,1764457200000,90753.02000000,95000,0.07226027,0.17705479,0.24931507
2025-11-30 06:00:00,2740,2740,2740,2740,0,2025-11-30 07:00:00,0,0,1764457200000,1764460800000,90802.44000000,95000,0.07214612,0.17716895,0.24931507
2025-11-30 07:00:00,2740,2740,2740,2740,0,2025-11-30 08:00:00,0,0,1764460800000,1764464400000,90893.94000000,95000,0.07203196,0.17728311,0.24931507
2025-11-30 08:00:00,2800,2800,2800,2800,1,2025-11-30 09:00:00,2800,1,1764464400000,1764468000000,90913.31000000,95000,0.07191781,0.17739726,0.24931507
2025-11-30 09:00:00,2800,2800,2800,2800,0,2025-11-30 10:00:00,0,0,1764468000000,1764471600000,90795.51000000,95000,0.07180365,0.17751142,0.24931507
2025-11-30 10:00:00,2685,2685,2685,2685,2.96,2025-11-30 11:00:00,7947.6,2,1764471600000,1764475200000,90909.35000000,95000,0.07168950,0.17762557,0.24931507
2025-11-30 11:00:00,2685,2685,2685,2685,0,2025-11-30 12:00:00,0,0,1764475200000,1764478800000,90858.00000000,95000,0.07157534,0.17773973,0.24931507
2025-11-30 12:00:00,2685,2685,2685,2685,0,2025-11-30 13:00:00,0,0,1764478800000,1764482400000,90783.75000000,95000,0.07146119,0.17785388,0.24931507
2025-11-30 13:00:00,2685,2685,2685,2685,0,2025-11-30 14:00:00,0,0,1764482400000,1764486000000,90898.68000000,95000,0.07134703,0.17796804,0.24931507
2025-11-30 14:00:00,2810,2810,2810,2810,0.04,2025-11-30 15:00:00,112.4,1,1764486000000,1764489600000,90968.16000000,95000,0.07123288,0.17808219,0.24931507
2025-11-30 15:00:00,2900,2900,2900,2900,0.08,2025-11-30 16:00:00,232,1,1764489600000,1764493200000,91184.45000000,95000,0.07111872,0.17819635,0.24931507
2025-11-30 16:00:00,2900,2900,2900,2900,0,2025-11-30 17:00:00,0,0,1764493200000,1764496800000,91413.07000000,95000,0.07100457,0.17831050,0.24931507
2025-11-30 17:00:00,2955,2955,2955,2955,0.01,2025-11-30 18:00:00,29.55,1,1764496800000,1764500400000,91234.31000000,95000,0.07089041,0.17842466,0.24931507
2025-11-30 18:00:00,2955,2955,2955,2955,0,2025-11-30 19:00:00,0,0,1764500400000,1764504000000,91048.78000000,95000,0.07077626,0.17853881,0.24931507
2025-11-30 19:00:00,2955,2955,2955,2955,0,2025-11-30 20:00:00,0,0,1764504000000,1764507600000,91469.51000000,95000,0.07066210,0.17865297,0.24931507
2025-11-30 20:00:00,2955,2955,2955,2955,0,2025-11-30 21:00:00,0,0,1764507600000,1764511200000,91769.99000000,95000,0.07054795,0.17876712,0.24931507
2025-11-30 21:00:00,2955,2955,2955,2955,0,2025-11-30 22:00:00,0,0,1764511200000,1764514800000,91499.99000000,95000,0.07043379,0.17888128,0.24931507
2025-11-30 22:00:00,2955,2955,2955,2955,0,2025-11-30 23:00:00,0,0,1764514800000,1764518400000,91435.31000000,95000,0.07031963,0.17899543,0.24931507
2025-11-30 23:00:00,2955,2955,2955,2955,0,2025-12-01 00:00:00,0,0,1764518400000,1764522000000,91825.18000000,95000,0.07020548,0.17910959,0.24931507
2025-12-01 00:00:00,3040,3040,3040,3040,0.01,2025-12-01 01:00:00,30.4,1,1764522000000,1764525600000,91488.19000000,95000,0.07009132,0.17922374,0.24931507
2025-12-01 01:00:00,3040,3040,3040,3040,0,2025-12-01 02:00:00,0,0,1764525600000,1764529200000,91459.90000000,95000,0.06997717,0.17933790,0.24931507
2025-12-01 02:00:00,3040,3040,3040,3040,0,2025-12-01 03:00:00,0,0,1764529200000,1764532800000,91460.79000000,95000,0.06986301,0.17945205,0.24931507
2025-12-01 03:00:00,3040,3040,3040,3040,0,2025-12-01 04:00:00,0,0,1764532800000,1764536400000,91315.60000000,95000,0.06974886,0.17956621,0.24931507
2025-12-01 04:00:00,3040,3040,3040,3040,0,2025-12-01 05:00:00,0,0,1764536400000,1764540000000,91174.22000000,95000,0.06963470,0.17968037,0.24931507
2025-12-01 05:00:00,3040,3040,3040,3040,0,2025-12-01 06:00:00,0,0,1764540000000,1764543600000,91225.28000000,95000,0.06952055,0.17979452,0.24931507
2025-12-01 06:00:00,3040,3040,3040,3040,0,2025-12-01 07:00:00,0,0,1764543600000,1764547200000,90360.00000000,95000,0.06940639,0.17990868,0.24931507
2025-12-01 07:00:00,2230,2230,2230,2230,1.05,2025-12-01 08:00:00,2341.5,1,1764547200000,1764550800000,87000.00000000,95000,0.06929224,0.18002283,0.24931507
2025-12-01 08:00:00,1810,1815,1800,1800,0.04,2025-12-01 09:00:00,72.25,3,1764550800000,1764554400000,87168.91000000,95000,0.06917808,0.18013699,0.24931507
2025-12-01 09:00:00,1630,1630,1555,1560,6.22,2025-12-01 10:00:00,9771.35,6,1764554400000,1764558000000,86722.29000000,95000,0.06906393,0.18025114,0.24931507
2025-12-01 10:00:00,1560,1560,1560,1560,0,2025-12-01 11:00:00,0,0,1764558000000,1764561600000,86346.13000000,95000,0.06894977,0.18036530,0.24931507
2025-12-01 11:00:00,1360,1360,1360,1360,2.83,2025-12-01 12:00:00,3848.8,1,1764561600000,1764565200000,85801.03000000,95000,0.06883562,0.18047945,0.24931507
2025-12-01 12:00:00,1360,1360,1360,1360,0,2025-12-01 13:00:00,0,0,1764565200000,1764568800000,86001.08000000,95000,0.06872146,0.18059361,0.24931507
2025-12-01 13:00:00,1365,1365,1365,1365,0.42,2025-12-01 14:00:00,573.3,1,1764568800000,1764572400000,86234.16000000,95000,0.06860731,0.18070776,0.24931507
2025-12-01 14:00:00,1330,1370,1330,1370,3.79,2025-12-01 15:00:00,5136.3,2,1764572400000,1764576000000,86550.30000000,95000,0.06849315,0.18082192,0.24931507
2025-12-01 15:00:00,1380,1380,1380,1380,0.04,2025-12-01 16:00:00,55.2,1,1764576000000,1764579600000,86869.51000000,95000,0.06837900,0.18093607,0.24931507
2025-12-01 16:00:00,1425,1455,1425,1430,3.81,2025-12-01 17:00:00,5476.85,3,1764579600000,1764583200000,86704.86000000,95000,0.06826484,0.18105023,0.24931507
2025-12-01 17:00:00,1415,1415,1415,1415,1,2025-12-01 18:00:00,1415,1,1764583200000,1764586800000,86647.73000000,95000,0.06815068,0.18116438,0.24931507
2025-12-01 18:00:00,1395,1395,1395,1395,1.12,2025-12-01 19:00:00,1562.4,1,1764586800000,1764590400000,86149.15000000,95000,0.06803653,0.18127854,0.24931507
2025-12-01 19:00:00,1335,1380,1300,1300,10.85,2025-12-01 20:00:00,14737.8,6,1764590400000,1764594000000,85430.64000000,95000,0.06792237,0.18139269,0.24931507
2025-12-01 20:00:00,1360,1390,1360,1390,3.01,2025-12-01 21:00:00,4183.6,4,1764594000000,1764597600000,85986.85000000,95000,0.06780822,0.18150685,0.24931507
2025-12-01 21:00:00,1400,1415,1400,1410,0.28,2025-12-01 22:00:00,394.75,3,1764597600000,1764601200000,86067.90000000,95000,0.06769406,0.18162100,0.24931507
2025-12-01 22:00:00,1135,1175,1090,1175,6.63,2025-12-01 23:00:00,7484.25,6,1764601200000,1764604800000,84677.87000000,95000,0.06757991,0.18173516,0.24931507
2025-12-01 23:00:00,1130,1130,1130,1130,0.43,2025-12-02 00:00:00,485.9,2,1764604800000,1764608400000,84571.80000000,95000,0.06746575,0.18184932,0.24931507
2025-12-02 00:00:00,1190,1250,1190,1250,4.13,2025-12-02 01:00:00,4982.5,4,1764608400000,1764612000000,84920.30000000,95000,0.06735160,0.18196347,0.24931507
2025-12-02 01:00:00,1165,1165,1165,1165,1.05,2025-12-02 02:00:00,1223.25,1,1764612000000,1764615600000,85199.48000000,95000,0.06723744,0.18207763,0.24931507
2025-12-02 02:00:00,1180,1180,1170,1170,3.56,2025-12-02 03:00:00,4176.9,3,1764615600000,1764619200000,85024.50000000,95000,0.06712329,0.18219178,0.24931507
2025-12-02 03:00:00,1170,1170,1170,1170,0,2025-12-02 04:00:00,0,0,1764619200000,1764622800000,85518.00000000,95000,0.06700913,0.18230594,0.24931507
2025-12-02 04:00:00,1495,1585,1495,1555,4.52,2025-12-02 05:00:00,6943.6,4,1764622800000,1764626400000,86436.65000000,95000,0.06689498,0.18242009,0.24931507
2025-12-02 05:00:00,1605,1605,1585,1585,4.78,2025-12-02 06:00:00,7624.1,4,1764626400000,1764630000000,86572.65000000,95000,0.06678082,0.18253425,0.24931507
2025-12-02 06:00:00,1610,1610,1565,1565,3.54,2025-12-02 07:00:00,5600.85,3,1764630000000,1764633600000,86286.01000000,95000,0.06666667,0.18264840,0.24931507
2025-12-02 07:00:00,1565,1565,1565,1565,0,2025-12-02 08:00:00,0,0,1764633600000,1764637200000,86513.33000000,95000,0.06655251,0.18276256,0.24931507
2025-12-02 08:00:00,1665,1665,1585,1585,1.01,2025-12-02 09:00:00,1680.85,2,1764637200000,1764640800000,86454.93000000,95000,0.06643836,0.18287671,0.24931507
2025-12-02 09:00:00,1585,1585,1585,1585,0,2025-12-02 10:00:00,0,0,1764640800000,1764644400000,86554.47000000,95000,0.06632420,0.18299087,0.24931507
2025-12-02 10:00:00,1585,1585,1585,1585,0,2025-12-02 11:00:00,0,0,1764644400000,1764648000000,86976.99000000,95000,0.06621005,0.18310502,0.24931507
2025-12-02 11:00:00,1505,1505,1480,1480,2,2025-12-02 12:00:00,2980,2,1764648000000,1764651600000,86970.28000000,95000,0.06609589,0.18321918,0.24931507
2025-12-02 12:00:00,1440,1470,1440,1470,1.02,2025-12-02 13:00:00,1469.25,3,1764651600000,1764655200000,87008.20000000,95000,0.06598174,0.18333333,0.24931507
2025-12-02 13:00:00,1470,1470,1470,1470,0,2025-12-02 14:00:00,0,0,1764655200000,1764658800000,87090.46000000,95000,0.06586758,0.18344749,0.24931507
2025-12-02 14:00:00,1470,1470,1470,1470,0,2025-12-02 15:00:00,0,0,1764658800000,1764662400000,87012.65000000,95000,0.06575342,0.18356164,0.24931507
2025-12-02 15:00:00,1375,1375,1375,1375,0.21,2025-12-02 16:00:00,288.75,1,1764662400000,1764666000000,86471.89000000,95000,0.06563927,0.18367580,0.24931507
2025-12-02 16:00:00,1410,1410,1410,1410,0.03,2025-12-02 17:00:00,42.3,1,1764666000000,1764669600000,86769.87000000,95000,0.06552511,0.18378995,0.24931507
2025-12-02 17:00:00,1410,1410,1410,1410,0,2025-12-02 18:00:00,0,0,1764669600000,1764673200000,87272.44000000,95000,0.06541096,0.18390411,0.24931507
2025-12-02 18:00:00,1410,1410,1410,1410,0,2025-12-02 19:00:00,0,0,1764673200000,1764676800000,87368.92000000,95000,0.06529680,0.18401826,0.24931507
2025-12-02 19:00:00,1410,1410,1410,1410,0,2025-12-02 20:00:00,0,0,1764676800000,1764680400000,87264.20000000,95000,0.06518265,0.18413242,0.24931507
2025-12-02 20:00:00,1540,1540,1540,1540,1.27,2025-12-02 21:00:00,1955.8,1,1764680400000,1764684000000,87731.41000000,95000,0.06506849,0.18424658,0.24931507
2025-12-02 21:00:00,1665,2135,1665,2020,3.17,2025-12-02 22:00:00,6220.5,10,1764684000000,1764687600000,89271.99000000,95000,0.06495434,0.18436073,0.24931507
2025-12-02 22:00:00,2350,2730,2350,2730,4.69,2025-12-02 23:00:00,11240.1,9,1764687600000,1764691200000,90850.01000000,95000,0.06484018,0.18447489,0.24931507
2025-12-02 23:00:00,2775,2775,2735,2735,0.07,2025-12-03 00:00:00,193.05,2,1764691200000,1764694800000,90759.15000000,95000,0.06472603,0.18458904,0.24931507
2025-12-03 00:00:00,2775,3050,2775,3050,1.36,2025-12-03 01:00:00,3901.85,4,1764694800000,1764698400000,91458.40000000,95000,0.06461187,0.18470320,0.24931507
2025-12-03 01:00:00,3045,3175,3045,3070,4.48,2025-12-03 02:00:00,13956.25,5,1764698400000,1764702000000,91954.49000000,95000,0.06449772,0.18481735,0.24931507
2025-12-03 02:00:00,3115,3115,3115,3115,0.92,2025-12-03 03:00:00,2865.8,2,1764702000000,1764705600000,91903.39000000,95000,0.06438356,0.18493151,0.24931507
2025-12-03 03:00:00,3130,3130,2770,2770,4.36,2025-12-03 04:00:00,12574,3,1764705600000,1764709200000,91026.67000000,95000,0.06426941,0.18504566,0.24931507
2025-12-03 04:00:00,2770,2770,2770,2770,0,2025-12-03 05:00:00,0,0,1764709200000,1764712800000,91562.43000000,95000,0.06415525,0.18515982,0.24931507
2025-12-03 05:00:00,3070,3135,3070,3135,2.73,2025-12-03 06:00:00,8433.15,3,1764712800000,1764716400000,91981.91000000,95000,0.06404110,0.18527397,0.24931507
2025-12-03 06:00:00,3135,3135,3135,3135,0,2025-12-03 07:00:00,0,0,1764716400000,1764720000000,91277.88000000,95000,0.06392694,0.18538813,0.24931507
2025-12-03 07:00:00,3135,3135,3135,3135,0,2025-12-03 08:00:00,0,0,1764720000000,1764723600000,91660.12000000,95000,0.06381279,0.18550228,0.24931507
2025-12-03 08:00:00,2985,3165,2985,3165,2.12,2025-12-03 09:00:00,6334,5,1764723600000,1764727200000,92251.63000000,95000,0.06369863,0.18561644,0.24931507
2025-12-03 09:00:00,3180,3380,3180,3380,4.95,2025-12-03 10:00:00,16211.7,4,1764727200000,1764730800000,92817.92000000,95000,0.06358447,0.18573059,0.24931507
2025-12-03 10:00:00,3365,3400,3365,3380,5.09,2025-12-03 11:00:00,17249.2,4,1764730800000,1764734400000,92628.91000000,95000,0.06347032,0.18584475,0.24931507
2025-12-03 11:00:00,3405,3465,3405,3465,0.43,2025-12-03 12:00:00,1483.35,2,1764734400000,1764738000000,93362.21000000,95000,0.06335616,0.18595890,0.24931507
2025-12-03 12:00:00,3720,3760,3690,3760,0.11,2025-12-03 13:00:00,409.3,3,1764738000000,1764741600000,93642.92000000,95000,0.06324201,0.18607306,0.24931507
2025-12-03 13:00:00,3780,3830,3780,3830,0.83,2025-12-03 14:00:00,3137.9,2,1764741600000,1764745200000,93431.80000000,95000,0.06312785,0.18618721,0.24931507
2025-12-03 14:00:00,3465,3465,3465,3465,0.01,2025-12-03 15:00:00,34.65,1,1764745200000,1764748800000,92999.99000000,95000,0.06301370,0.18630137,0.24931507
2025-12-03 15:00:00,3465,3465,3465,3465,0,2025-12-03 16:00:00,0,0,1764748800000,1764752400000,92765.65000000,95000,0.06289954,0.18641553,0.24931507
2025-12-03 16:00:00,3465,3465,3465,3465,0,2025-12-03 17:00:00,0,0,1764752400000,1764756000000,93178.46000000,95000,0.06278539,0.18652968,0.24931507
2025-12-03 17:00:00,3575,3575,3430,3430,1.06,2025-12-03 18:00:00,3788.05,2,1764756000000,1764759600000,92939.40000000,95000,0.06267123,0.18664384,0.24931507
2025-12-03 18:00:00,3430,3430,3430,3430,0.01,2025-12-03 19:00:00,34.3,1,1764759600000,1764763200000,93005.68000000,95000,0.06255708,0.18675799,0.24931507
2025-12-03 19:00:00,3430,3430,3430,3430,0,2025-12-03 20:00:00,0,0,1764763200000,1764766800000,92937.39000000,95000,0.06244292,0.18687215,0.24931507
2025-12-03 20:00:00,3575,3575,3575,3575,1,2025-12-03 21:00:00,3575,1,1764766800000,1764770400000,93130.88000000,95000,0.06232877,0.18698630,0.24931507
2025-12-03 21:00:00,3130,3240,3130,3240,2.53,2025-12-03 22:00:00,8066.4,3,1764770400000,1764774000000,92357.54000000,95000,0.06221461,0.18710046,0.24931507
2025-12-03 22:00:00,3240,3240,3240,3240,0,2025-12-03 23:00:00,0,0,1764774000000,1764777600000,92373.30000000,95000,0.06210046,0.18721461,0.24931507
2025-12-03 23:00:00,2970,3105,2970,3105,1.48,2025-12-04 00:00:00,4428,2,1764777600000,1764781200000,92242.24000000,95000,0.06198630,0.18732877,0.24931507
2025-12-04 00:00:00,3105,3105,3105,3105,0,2025-12-04 01:00:00,0,0,1764781200000,1764784800000,92956.22000000,95000,0.06187215,0.18744292,0.24931507
2025-12-04 01:00:00,3200,3200,3200,3200,1.55,2025-12-04 02:00:00,4960,1,1764784800000,1764788400000,92623.86000000,95000,0.06175799,0.18755708,0.24931507
2025-12-04 02:00:00,3230,3300,3200,3300,1.09,2025-12-04 03:00:00,3521.1,3,1764788400000,1764792000000,93024.99000000,95000,0.06164384,0.18767123,0.24931507
2025-12-04 03:00:00,3300,3300,3300,3300,0,2025-12-04 04:00:00,0,0,1764792000000,1764795600000,92980.43000000,95000,0.06152968,0.18778539,0.24931507
2025-12-04 04:00:00,3500,3520,3500,3520,3.03,2025-12-04 05:00:00,10625.7,3,1764795600000,1764799200000,93700.00000000,95000,0.06141553,0.18789954,0.24931507
2025-12-04 05:00:00,3520,3520,3520,3520,0,2025-12-04 06:00:00,0,0,1764799200000,1764802800000,93781.01000000,95000,0.06130137,0.18801370,0.24931507
2025-12-04 06:00:00,3585,3585,3585,3585,0.12,2025-12-04 07:00:00,430.2,1,1764802800000,1764806400000,93429.95000000,95000,0.06118721,0.18812785,0.24931507
2025-12-04 07:00:00,3535,3535,3535,3535,0.63,2025-12-04 08:00:00,2227.05,1,1764806400000,1764810000000,93054.86000000,95000,0.06107306,0.18824201,0.24931507
2025-12-04 08:00:00,3535,3535,3535,3535,0,2025-12-04 09:00:00,0,0,1764810000000,1764813600000,93195.07000000,95000,0.06095890,0.18835616,0.24931507
2025-12-04 09:00:00,3710,3780,3660,3660,5.74,2025-12-04 10:00:00,21307.05,6,1764813600000,1764817200000,93943.24000000,95000,0.06084475,0.18847032,0.24931507
2025-12-04 10:00:00,3660,3660,3660,3660,0,2025-12-04 11:00:00,0,0,1764817200000,1764820800000,93543.04000000,95000,0.06073059,0.18858447,0.24931507
2025-12-04 11:00:00,3565,3565,3565,3565,0.08,2025-12-04 12:00:00,285.2,1,1764820800000,1764824400000,93360.58000000,95000,0.06061644,0.18869863,0.24931507
2025-12-04 12:00:00,3340,3340,3225,3225,1.07,2025-12-04 13:00:00,3558.55,3,1764824400000,1764828000000,92979.25000000,95000,0.06050228,0.18881279,0.24931507
2025-12-04 13:00:00,3225,3225,3225,3225,0,2025-12-04 14:00:00,0,0,1764828000000,1764831600000,93140.74000000,95000,0.06038813,0.18892694,0.24931507
2025-12-04 14:00:00,3335,3390,3335,3390,0.9,2025-12-04 15:00:00,3044.95,2,1764831600000,1764835200000,93397.67000000,95000,0.06027397,0.18904110,0.24931507
2025-12-04 15:00:00,3335,3335,3335,3335,0.06,2025-12-04 16:00:00,200.1,1,1764835200000,1764838800000,93260.63000000,95000,0.06015982,0.18915525,0.24931507
2025-12-04 16:00:00,3495,3495,3495,3495,0.01,2025-12-04 17:00:00,34.95,1,1764838800000,1764842400000,93454.70000000,95000,0.06004566,0.18926941,0.24931507
2025-12-04 17:00:00,3495,3495,3495,3495,0,2025-12-04 18:00:00,0,0,1764842400000,1764846000000,93260.00000000,95000,0.05993151,0.18938356,0.24931507
2025-12-04 18:00:00,3495,3495,3495,3495,0,2025-12-04 19:00:00,0,0,1764846000000,1764849600000,92948.31000000,95000,0.05981735,0.18949772,0.24931507
2025-12-04 19:00:00,3215,3215,3215,3215,1.28,2025-12-04 20:00:00,4115.2,1,1764849600000,1764853200000,92990.18000000,95000,0.05970320,0.18961187,0.24931507
2025-12-04 20:00:00,3030,3075,3030,3075,0.89,2025-12-04 21:00:00,2723.25,2,1764853200000,1764856800000,92516.38000000,95000,0.05958904,0.18972603,0.24931507
2025-12-04 21:00:00,2825,2825,2775,2775,3.6,2025-12-04 22:00:00,10125.25,4,1764856800000,1764860400000,91894.01000000,95000,0.05947489,0.18984018,0.24931507
2025-12-04 22:00:00,2775,2775,2775,2775,0,2025-12-04 23:00:00,0,0,1764860400000,1764864000000,92971.49000000,95000,0.05936073,0.18995434,0.24931507
2025-12-04 23:00:00,2775,2775,2775,2775,0,2025-12-05 00:00:00,0,0,1764864000000,1764867600000,92431.72000000,95000,0.05924658,0.19006849,0.24931507
2025-12-05 00:00:00,2860,2860,2725,2725,1.76,2025-12-05 01:00:00,4902.65,2,1764867600000,1764871200000,92426.76000000,95000,0.05913242,0.19018265,0.24931507
2025-12-05 01:00:00,2725,2725,2725,2725,0,2025-12-05 02:00:00,0,0,1764871200000,1764874800000,92127.52000000,95000,0.05901826,0.19029680,0.24931507
2025-12-05 02:00:00,2710,2710,2630,2630,1.98,2025-12-05 03:00:00,5253,3,1764874800000,1764878400000,91975.44000000,95000,0.05890411,0.19041096,0.24931507
2025-12-05 03:00:00,2760,2780,2760,2770,2.37,2025-12-05 04:00:00,6565.9,3,1764878400000,1764882000000,92476.25000000,95000,0.05878995,0.19052511,0.24931507
2025-12-05 04:00:00,2770,2770,2770,2770,0,2025-12-05 05:00:00,0,0,1764882000000,1764885600000,92158.23000000,95000,0.05867580,0.19063927,0.24931507
2025-12-05 05:00:00,2770,2770,2770,2770,0,2025-12-05 06:00:00,0,0,1764885600000,1764889200000,92348.78000000,95000,0.05856164,0.19075342,0.24931507
2025-12-05 06:00:00,2770,2770,2770,2770,0,2025-12-05 07:00:00,0,0,1764889200000,1764892800000,92078.06000000,95000,0.05844749,0.19086758,0.24931507
2025-12-05 07:00:00,2770,2770,2770,2770,0,2025-12-05 08:00:00,0,0,1764892800000,1764896400000,92299.08000000,95000,0.05833333,0.19098174,0.24931507
2025-12-05 08:00:00,2770,2770,2770,2770,0,2025-12-05 09:00:00,0,0,1764896400000,1764900000000,92358.03000000,95000,0.05821918,0.19109589,0.24931507
2025-12-05 09:00:00,2770,2770,2770,2770,0,2025-12-05 10:00:00,0,0,1764900000000,1764903600000,92518.40000000,95000,0.05810502,0.19121005,0.24931507
2025-12-05 10:00:00,2770,2770,2770,2770,0,2025-12-05 11:00:00,0,0,1764903600000,1764907200000,92410.70000000,95000,0.05799087,0.19132420,0.24931507
