open_time,open,high,low,close,volume,close_time,amount,trade_count,open_time_unix_ms,close_time_unix_ms,btc_close_price,strike_price_K,time_to_maturity_t2m,current_time_t,contract_duration_T
2025-10-31 15:00:00,25695,25695,25695,25695,0,2025-10-31 16:00:00,0,0,1761897600000,1761901200000,110062.44000000,85000,0.07659817,0.00011416,0.07671233
2025-10-31 16:00:00,25695,25695,25695,25695,0,2025-10-31 17:00:00,0,0,1761901200000,1761904800000,109848.39000000,85000,0.07648402,0.00022831,0.07671233
2025-10-31 17:00:00,25695,25695,25695,25695,0,2025-10-31 18:00:00,0,0,1761904800000,1761908400000,109819.20000000,85000,0.07636986,0.00034247,0.07671233
2025-10-31 18:00:00,25695,25695,25695,25695,0,2025-10-31 19:00:00,0,0,1761908400000,1761912000000,110415.61000000,85000,0.07625571,0.00045662,0.07671233
2025-10-31 19:00:00,25695,25695,25695,25695,0,2025-10-31 20:00:00,0,0,1761912000000,1761915600000,109653.19000000,85000,0.07614155,0.00057078,0.07671233
2025-10-31 20:00:00,25695,25695,25695,25695,0,2025-10-31 21:00:00,0,0,1761915600000,1761919200000,110157.54000000,85000,0.07602740,0.00068493,0.07671233
2025-10-31 21:00:00,25695,25695,25695,25695,0,2025-10-31 22:00:00,0,0,1761919200000,1761922800000,110790.14000000,85000,0.07591324,0.00079909,0.07671233
2025-10-31 22:00:00,25695,25695,25695,25695,0,2025-10-31 23:00:00,0,0,1761922800000,1761926400000,110202.90000000,85000,0.07579909,0.00091324,0.07671233
2025-10-31 23:00:00,25695,25695,25695,25695,0,2025-11-01 00:00:00,0,0,1761926400000,1761930000000,108845.40000000,85000,0.07568493,0.00102740,0.07671233
2025-11-01 00:00:00,24550,24550,24550,24550,0.02,2025-11-01 01:00:00,491,1,1761930000000,1761933600000,109299.98000000,85000,0.07557078,0.00114155,0.07671233
2025-11-01 01:00:00,24550,24550,24550,24550,0,2025-11-01 02:00:00,0,0,1761933600000,1761937200000,109452.35000000,85000,0.07545662,0.00125571,0.07671233
2025-11-01 02:00:00,24550,24550,24550,24550,0,2025-11-01 03:00:00,0,0,1761937200000,1761940800000,109828.78000000,85000,0.07534247,0.00136986,0.07671233
2025-11-01 03:00:00,24550,24550,24550,24550,0,2025-11-01 04:00:00,0,0,1761940800000,1761944400000,109493.85000000,85000,0.07522831,0.00148402,0.07671233
2025-11-01 04:00:00,24550,24550,24550,24550,0,2025-11-01 05:00:00,0,0,1761944400000,1761948000000,109558.48000000,85000,0.07511416,0.00159817,0.07671233
2025-11-01 05:00:00,24550,24550,24550,24550,0,2025-11-01 06:00:00,0,0,1761948000000,1761951600000,109580.09000000,85000,0.07500000,0.00171233,0.07671233
2025-11-01 06:00:00,24550,24550,24550,24550,0,2025-11-01 07:00:00,0,0,1761951600000,1761955200000,109608.01000000,85000,0.07488584,0.00182648,0.07671233
2025-11-01 07:00:00,24550,24550,24550,24550,0,2025-11-01 08:00:00,0,0,1761955200000,1761958800000,109730.78000000,85000,0.07477169,0.00194064,0.07671233
2025-11-01 08:00:00,24550,24550,24550,24550,0,2025-11-01 09:00:00,0,0,1761958800000,1761962400000,109734.11000000,85000,0.07465753,0.00205479,0.07671233
2025-11-01 09:00:00,24550,24550,24550,24550,0,2025-11-01 10:00:00,0,0,1761962400000,1761966000000,109790.27000000,85000,0.07454338,0.00216895,0.07671233
2025-11-01 10:00:00,24550,24550,24550,24550,0,2025-11-01 11:00:00,0,0,1761966000000,1761969600000,110226.37000000,85000,0.07442922,0.00228311,0.07671233
2025-11-01 11:00:00,24550,24550,24550,24550,0,2025-11-01 12:00:00,0,0,1761969600000,1761973200000,110291.67000000,85000,0.07431507,0.00239726,0.07671233
2025-11-01 12:00:00,24550,24550,24550,24550,0,2025-11-01 13:00:00,0,0,1761973200000,1761976800000,110140.79000000,85000,0.07420091,0.00251142,0.07671233
2025-11-01 13:00:00,24550,24550,24550,24550,0,2025-11-01 14:00:00,0,0,1761976800000,1761980400000,110004.82000000,85000,0.07408676,0.00262557,0.07671233
2025-11-01 14:00:00,24550,24550,24550,24550,0,2025-11-01 15:00:00,0,0,1761980400000,1761984000000,110071.40000000,85000,0.07397260,0.00273973,0.07671233
2025-11-01 15:00:00,24550,24550,24550,24550,0,2025-11-01 16:00:00,0,0,1761984000000,1761987600000,110248.88000000,85000,0.07385845,0.00285388,0.07671233
2025-11-01 16:00:00,24550,24550,24550,24550,0,2025-11-01 17:00:00,0,0,1761987600000,1761991200000,109991.29000000,85000,0.07374429,0.00296804,0.07671233
2025-11-01 17:00:00,24550,24550,24550,24550,0,2025-11-01 18:00:00,0,0,1761991200000,1761994800000,110147.83000000,85000,0.07363014,0.00308219,0.07671233
2025-11-01 18:00:00,24550,24550,24550,24550,0,2025-11-01 19:00:00,0,0,1761994800000,1761998400000,110137.59000000,85000,0.07351598,0.00319635,0.07671233
2025-11-01 19:00:00,24550,24550,24550,24550,0,2025-11-01 20:00:00,0,0,1761998400000,1762002000000,110017.27000000,85000,0.07340183,0.00331050,0.07671233
2025-11-01 20:00:00,24550,24550,24550,24550,0,2025-11-01 21:00:00,0,0,1762002000000,1762005600000,109946.27000000,85000,0.07328767,0.00342466,0.07671233
2025-11-01 21:00:00,24550,24550,24550,24550,0,2025-11-01 22:00:00,0,0,1762005600000,1762009200000,109933.85000000,85000,0.07317352,0.00353881,0.07671233
2025-11-01 22:00:00,24550,24550,24550,24550,0,2025-11-01 23:00:00,0,0,1762009200000,1762012800000,110310.65000000,85000,0.07305936,0.00365297,0.07671233
2025-11-01 23:00:00,24550,24550,24550,24550,0,2025-11-02 00:00:00,0,0,1762012800000,1762016400000,110464.33000000,85000,0.07294521,0.00376712,0.07671233
2025-11-02 00:00:00,24550,24550,24550,24550,0,2025-11-02 01:00:00,0,0,1762016400000,1762020000000,110208.97000000,85000,0.07283105,0.00388128,0.07671233
2025-11-02 01:00:00,24550,24550,24550,24550,0,2025-11-02 02:00:00,0,0,1762020000000,1762023600000,110341.27000000,85000,0.07271689,0.00399543,0.07671233
2025-11-02 02:00:00,24550,24550,24550,24550,0,2025-11-02 03:00:00,0,0,1762023600000,1762027200000,110299.99000000,85000,0.07260274,0.00410959,0.07671233
2025-11-02 03:00:00,24550,24550,24550,24550,0,2025-11-02 04:00:00,0,0,1762027200000,1762030800000,110406.20000000,85000,0.07248858,0.00422374,0.07671233
2025-11-02 04:00:00,24550,24550,24550,24550,0,2025-11-02 05:00:00,0,0,1762030800000,1762034400000,109862.85000000,85000,0.07237443,0.00433790,0.07671233
2025-11-02 05:00:00,24550,24550,24550,24550,0,2025-11-02 06:00:00,0,0,1762034400000,1762038000000,110092.78000000,85000,0.07226027,0.00445205,0.07671233
2025-11-02 06:00:00,24550,24550,24550,24550,0,2025-11-02 07:00:00,0,0,1762038000000,1762041600000,110098.10000000,85000,0.07214612,0.00456621,0.07671233
2025-11-02 07:00:00,24550,24550,24550,24550,0,2025-11-02 08:00:00,0,0,1762041600000,1762045200000,109974.09000000,85000,0.07203196,0.00468037,0.07671233
2025-11-02 08:00:00,24550,24550,24550,24550,0,2025-11-02 09:00:00,0,0,1762045200000,1762048800000,109978.01000000,85000,0.07191781,0.00479452,0.07671233
2025-11-02 09:00:00,24550,24550,24550,24550,0,2025-11-02 10:00:00,0,0,1762048800000,1762052400000,110015.77000000,85000,0.07180365,0.00490868,0.07671233
2025-11-02 10:00:00,24550,24550,24550,24550,0,2025-11-02 11:00:00,0,0,1762052400000,1762056000000,110053.23000000,85000,0.07168950,0.00502283,0.07671233
2025-11-02 11:00:00,24550,24550,24550,24550,0,2025-11-02 12:00:00,0,0,1762056000000,1762059600000,110670.27000000,85000,0.07157534,0.00513699,0.07671233
2025-11-02 12:00:00,24550,24550,24550,24550,0,2025-11-02 13:00:00,0,0,1762059600000,1762063200000,110497.98000000,85000,0.07146119,0.00525114,0.07671233
2025-11-02 13:00:00,24550,24550,24550,24550,0,2025-11-02 14:00:00,0,0,1762063200000,1762066800000,110663.89000000,85000,0.07134703,0.00536530,0.07671233
2025-11-02 14:00:00,24550,24550,24550,24550,0,2025-11-02 15:00:00,0,0,1762066800000,1762070400000,110895.53000000,85000,0.07123288,0.00547945,0.07671233
2025-11-02 15:00:00,24550,24550,24550,24550,0,2025-11-02 16:00:00,0,0,1762070400000,1762074000000,110850.17000000,85000,0.07111872,0.00559361,0.07671233
2025-11-02 16:00:00,24550,24550,24550,24550,0,2025-11-02 17:00:00,0,0,1762074000000,1762077600000,110714.00000000,85000,0.07100457,0.00570776,0.07671233
2025-11-02 17:00:00,24550,24550,24550,24550,0,2025-11-02 18:00:00,0,0,1762077600000,1762081200000,110492.00000000,85000,0.07089041,0.00582192,0.07671233
2025-11-02 18:00:00,24550,24550,24550,24550,0,2025-11-02 19:00:00,0,0,1762081200000,1762084800000,111196.99000000,85000,0.07077626,0.00593607,0.07671233
2025-11-02 19:00:00,24550,24550,24550,24550,0,2025-11-02 20:00:00,0,0,1762084800000,1762088400000,110736.24000000,85000,0.07066210,0.00605023,0.07671233
2025-11-02 20:00:00,24550,24550,24550,24550,0,2025-11-02 21:00:00,0,0,1762088400000,1762092000000,110568.65000000,85000,0.07054795,0.00616438,0.07671233
2025-11-02 21:00:00,24550,24550,24550,24550,0,2025-11-02 22:00:00,0,0,1762092000000,1762095600000,110422.24000000,85000,0.07043379,0.00627854,0.07671233
2025-11-02 22:00:00,24550,24550,24550,24550,0,2025-11-02 23:00:00,0,0,1762095600000,1762099200000,110117.48000000,85000,0.07031963,0.00639269,0.07671233
2025-11-02 23:00:00,24550,24550,24550,24550,0,2025-11-03 00:00:00,0,0,1762099200000,1762102800000,110115.34000000,85000,0.07020548,0.00650685,0.07671233
2025-11-03 00:00:00,24550,24550,24550,24550,0,2025-11-03 01:00:00,0,0,1762102800000,1762106400000,110190.40000000,85000,0.07009132,0.00662100,0.07671233
2025-11-03 01:00:00,24550,24550,24550,24550,0,2025-11-03 02:00:00,0,0,1762106400000,1762110000000,110331.00000000,85000,0.06997717,0.00673516,0.07671233
2025-11-03 02:00:00,24550,24550,24550,24550,0,2025-11-03 03:00:00,0,0,1762110000000,1762113600000,110180.84000000,85000,0.06986301,0.00684932,0.07671233
2025-11-03 03:00:00,24550,24550,24550,24550,0,2025-11-03 04:00:00,0,0,1762113600000,1762117200000,110086.70000000,85000,0.06974886,0.00696347,0.07671233
2025-11-03 04:00:00,24550,24550,24550,24550,0,2025-11-03 05:00:00,0,0,1762117200000,1762120800000,109990.90000000,85000,0.06963470,0.00707763,0.07671233
2025-11-03 05:00:00,24550,24550,24550,24550,0,2025-11-03 06:00:00,0,0,1762120800000,1762124400000,109899.99000000,85000,0.06952055,0.00719178,0.07671233
2025-11-03 06:00:00,24550,24550,24550,24550,0,2025-11-03 07:00:00,0,0,1762124400000,1762128000000,110540.68000000,85000,0.06940639,0.00730594,0.07671233
2025-11-03 07:00:00,24550,24550,24550,24550,0,2025-11-03 08:00:00,0,0,1762128000000,1762131600000,109757.11000000,85000,0.06929224,0.00742009,0.07671233
2025-11-03 08:00:00,24550,24550,24550,24550,0,2025-11-03 09:00:00,0,0,1762131600000,1762135200000,109665.50000000,85000,0.06917808,0.00753425,0.07671233
2025-11-03 09:00:00,24550,24550,24550,24550,0,2025-11-03 10:00:00,0,0,1762135200000,1762138800000,109033.83000000,85000,0.06906393,0.00764840,0.07671233
2025-11-03 10:00:00,24550,24550,24550,24550,0,2025-11-03 11:00:00,0,0,1762138800000,1762142400000,107937.45000000,85000,0.06894977,0.00776256,0.07671233
2025-11-03 11:00:00,24550,24550,24550,24550,0,2025-11-03 12:00:00,0,0,1762142400000,1762146000000,107900.37000000,85000,0.06883562,0.00787671,0.07671233
2025-11-03 12:00:00,24550,24550,24550,24550,0,2025-11-03 13:00:00,0,0,1762146000000,1762149600000,107606.75000000,85000,0.06872146,0.00799087,0.07671233
2025-11-03 13:00:00,24550,24550,24550,24550,0,2025-11-03 14:00:00,0,0,1762149600000,1762153200000,107494.23000000,85000,0.06860731,0.00810502,0.07671233
2025-11-03 14:00:00,24550,24550,24550,24550,0,2025-11-03 15:00:00,0,0,1762153200000,1762156800000,107468.23000000,85000,0.06849315,0.00821918,0.07671233
2025-11-03 15:00:00,24550,24550,24550,24550,0,2025-11-03 16:00:00,0,0,1762156800000,1762160400000,107586.97000000,85000,0.06837900,0.00833333,0.07671233
2025-11-03 16:00:00,24550,24550,24550,24550,0,2025-11-03 17:00:00,0,0,1762160400000,1762164000000,107197.94000000,85000,0.06826484,0.00844749,0.07671233
2025-11-03 17:00:00,24550,24550,24550,24550,0,2025-11-03 18:00:00,0,0,1762164000000,1762167600000,106974.99000000,85000,0.06815068,0.00856164,0.07671233
2025-11-03 18:00:00,24550,24550,24550,24550,0,2025-11-03 19:00:00,0,0,1762167600000,1762171200000,107787.42000000,85000,0.06803653,0.00867580,0.07671233
2025-11-03 19:00:00,24550,24550,24550,24550,0,2025-11-03 20:00:00,0,0,1762171200000,1762174800000,107768.90000000,85000,0.06792237,0.00878995,0.07671233
2025-11-03 20:00:00,24550,24550,24550,24550,0,2025-11-03 21:00:00,0,0,1762174800000,1762178400000,107908.68000000,85000,0.06780822,0.00890411,0.07671233
2025-11-03 21:00:00,24550,24550,24550,24550,0,2025-11-03 22:00:00,0,0,1762178400000,1762182000000,108059.99000000,85000,0.06769406,0.00901826,0.07671233
2025-11-03 22:00:00,24550,24550,24550,24550,0,2025-11-03 23:00:00,0,0,1762182000000,1762185600000,105745.71000000,85000,0.06757991,0.00913242,0.07671233
2025-11-03 23:00:00,24550,24550,24550,24550,0,2025-11-04 00:00:00,0,0,1762185600000,1762189200000,106678.44000000,85000,0.06746575,0.00924658,0.07671233
2025-11-04 00:00:00,24550,24550,24550,24550,0,2025-11-04 01:00:00,0,0,1762189200000,1762192800000,107481.19000000,85000,0.06735160,0.00936073,0.07671233
2025-11-04 01:00:00,24550,24550,24550,24550,0,2025-11-04 02:00:00,0,0,1762192800000,1762196400000,106961.62000000,85000,0.06723744,0.00947489,0.07671233
2025-11-04 02:00:00,24550,24550,24550,24550,0,2025-11-04 03:00:00,0,0,1762196400000,1762200000000,107090.00000000,85000,0.06712329,0.00958904,0.07671233
2025-11-04 03:00:00,24550,24550,24550,24550,0,2025-11-04 04:00:00,0,0,1762200000000,1762203600000,106657.55000000,85000,0.06700913,0.00970320,0.07671233
2025-11-04 04:00:00,24550,24550,24550,24550,0,2025-11-04 05:00:00,0,0,1762203600000,1762207200000,106888.71000000,85000,0.06689498,0.00981735,0.07671233
2025-11-04 05:00:00,24550,24550,24550,24550,0,2025-11-04 06:00:00,0,0,1762207200000,1762210800000,106489.95000000,85000,0.06678082,0.00993151,0.07671233
2025-11-04 06:00:00,24550,24550,24550,24550,0,2025-11-04 07:00:00,0,0,1762210800000,1762214400000,106583.04000000,85000,0.06666667,0.01004566,0.07671233
2025-11-04 07:00:00,22095,22095,22095,22095,0.01,2025-11-04 08:00:00,220.95,1,1762214400000,1762218000000,106471.45000000,85000,0.06655251,0.01015982,0.07671233
2025-11-04 08:00:00,22095,22095,22095,22095,0,2025-11-04 09:00:00,0,0,1762218000000,1762221600000,107040.01000000,85000,0.06643836,0.01027397,0.07671233
2025-11-04 09:00:00,22095,22095,22095,22095,0,2025-11-04 10:00:00,0,0,1762221600000,1762225200000,106482.60000000,85000,0.06632420,0.01038813,0.07671233
2025-11-04 10:00:00,22095,22095,22095,22095,0,2025-11-04 11:00:00,0,0,1762225200000,1762228800000,107158.79000000,85000,0.06621005,0.01050228,0.07671233
2025-11-04 11:00:00,22095,22095,22095,22095,0,2025-11-04 12:00:00,0,0,1762228800000,1762232400000,106750.14000000,85000,0.06609589,0.01061644,0.07671233
2025-11-04 12:00:00,22095,22095,22095,22095,0,2025-11-04 13:00:00,0,0,1762232400000,1762236000000,104215.76000000,85000,0.06598174,0.01073059,0.07671233
2025-11-04 13:00:00,22095,22095,22095,22095,0,2025-11-04 14:00:00,0,0,1762236000000,1762239600000,104766.14000000,85000,0.06586758,0.01084475,0.07671233
2025-11-04 14:00:00,22095,22095,22095,22095,0,2025-11-04 15:00:00,0,0,1762239600000,1762243200000,104490.72000000,85000,0.06575342,0.01095890,0.07671233
2025-11-04 15:00:00,22095,22095,22095,22095,0,2025-11-04 16:00:00,0,0,1762243200000,1762246800000,104051.90000000,85000,0.06563927,0.01107306,0.07671233
2025-11-04 16:00:00,22095,22095,22095,22095,0,2025-11-04 17:00:00,0,0,1762246800000,1762250400000,103857.96000000,85000,0.06552511,0.01118721,0.07671233
2025-11-04 17:00:00,22095,22095,22095,22095,0,2025-11-04 18:00:00,0,0,1762250400000,1762254000000,103816.39000000,85000,0.06541096,0.01130137,0.07671233
2025-11-04 18:00:00,22095,22095,22095,22095,0,2025-11-04 19:00:00,0,0,1762254000000,1762257600000,104584.76000000,85000,0.06529680,0.01141553,0.07671233
2025-11-04 19:00:00,22095,22095,22095,22095,0,2025-11-04 20:00:00,0,0,1762257600000,1762261200000,103952.54000000,85000,0.06518265,0.01152968,0.07671233
2025-11-04 20:00:00,22095,22095,22095,22095,0,2025-11-04 21:00:00,0,0,1762261200000,1762264800000,103924.25000000,85000,0.06506849,0.01164384,0.07671233
2025-11-04 21:00:00,22095,22095,22095,22095,0,2025-11-04 22:00:00,0,0,1762264800000,1762268400000,104500.01000000,85000,0.06495434,0.01175799,0.07671233
2025-11-04 22:00:00,22095,22095,22095,22095,0,2025-11-04 23:00:00,0,0,1762268400000,1762272000000,103197.01000000,85000,0.06484018,0.01187215,0.07671233
2025-11-04 23:00:00,22095,22095,22095,22095,0,2025-11-05 00:00:00,0,0,1762272000000,1762275600000,102257.70000000,85000,0.06472603,0.01198630,0.07671233
2025-11-05 00:00:00,22095,22095,22095,22095,0,2025-11-05 01:00:00,0,0,1762275600000,1762279200000,101114.83000000,85000,0.06461187,0.01210046,0.07671233
2025-11-05 01:00:00,22095,22095,22095,22095,0,2025-11-05 02:00:00,0,0,1762279200000,1762282800000,101363.98000000,85000,0.06449772,0.01221461,0.07671233
2025-11-05 02:00:00,22095,22095,22095,22095,0,2025-11-05 03:00:00,0,0,1762282800000,1762286400000,100542.64000000,85000,0.06438356,0.01232877,0.07671233
2025-11-05 03:00:00,22095,22095,22095,22095,0,2025-11-05 04:00:00,0,0,1762286400000,1762290000000,100755.43000000,85000,0.06426941,0.01244292,0.07671233
2025-11-05 04:00:00,22095,22095,22095,22095,0,2025-11-05 05:00:00,0,0,1762290000000,1762293600000,100311.46000000,85000,0.06415525,0.01255708,0.07671233
2025-11-05 05:00:00,22095,22095,22095,22095,0,2025-11-05 06:00:00,0,0,1762293600000,1762297200000,101295.71000000,85000,0.06404110,0.01267123,0.07671233
2025-11-05 06:00:00,22095,22095,22095,22095,0,2025-11-05 07:00:00,0,0,1762297200000,1762300800000,101497.22000000,85000,0.06392694,0.01278539,0.07671233
2025-11-05 07:00:00,22095,22095,22095,22095,0,2025-11-05 08:00:00,0,0,1762300800000,1762304400000,100564.30000000,85000,0.06381279,0.01289954,0.07671233
2025-11-05 08:00:00,22095,22095,22095,22095,0,2025-11-05 09:00:00,0,0,1762304400000,1762308000000,100761.62000000,85000,0.06369863,0.01301370,0.07671233
2025-11-05 09:00:00,22095,22095,22095,22095,0,2025-11-05 10:00:00,0,0,1762308000000,1762311600000,101677.93000000,85000,0.06358447,0.01312785,0.07671233
2025-11-05 10:00:00,22095,22095,22095,22095,0,2025-11-05 11:00:00,0,0,1762311600000,1762315200000,102130.00000000,85000,0.06347032,0.01324201,0.07671233
2025-11-05 11:00:00,22095,22095,22095,22095,0,2025-11-05 12:00:00,0,0,1762315200000,1762318800000,101998.30000000,85000,0.06335616,0.01335616,0.07671233
2025-11-05 12:00:00,22095,22095,22095,22095,0,2025-11-05 13:00:00,0,0,1762318800000,1762322400000,101824.89000000,85000,0.06324201,0.01347032,0.07671233
2025-11-05 13:00:00,22095,22095,22095,22095,0,2025-11-05 14:00:00,0,0,1762322400000,1762326000000,102119.99000000,85000,0.06312785,0.01358447,0.07671233
2025-11-05 14:00:00,22095,22095,22095,22095,0,2025-11-05 15:00:00,0,0,1762326000000,1762329600000,101993.02000000,85000,0.06301370,0.01369863,0.07671233
2025-11-05 15:00:00,22095,22095,22095,22095,0,2025-11-05 16:00:00,0,0,1762329600000,1762333200000,101699.74000000,85000,0.06289954,0.01381279,0.07671233
2025-11-05 16:00:00,22095,22095,22095,22095,0,2025-11-05 17:00:00,0,0,1762333200000,1762336800000,101995.29000000,85000,0.06278539,0.01392694,0.07671233
2025-11-05 17:00:00,22095,22095,22095,22095,0,2025-11-05 18:00:00,0,0,1762336800000,1762340400000,101401.97000000,85000,0.06267123,0.01404110,0.07671233
2025-11-05 18:00:00,22095,22095,22095,22095,0,2025-11-05 19:00:00,0,0,1762340400000,1762344000000,102070.61000000,85000,0.06255708,0.01415525,0.07671233
2025-11-05 19:00:00,22095,22095,22095,22095,0,2025-11-05 20:00:00,0,0,1762344000000,1762347600000,102673.35000000,85000,0.06244292,0.01426941,0.07671233
2025-11-05 20:00:00,22095,22095,22095,22095,0,2025-11-05 21:00:00,0,0,1762347600000,1762351200000,102985.91000000,85000,0.06232877,0.01438356,0.07671233
2025-11-05 21:00:00,22095,22095,22095,22095,0,2025-11-05 22:00:00,0,0,1762351200000,1762354800000,103202.30000000,85000,0.06221461,0.01449772,0.07671233
2025-11-05 22:00:00,22095,22095,22095,22095,0,2025-11-05 23:00:00,0,0,1762354800000,1762358400000,103728.30000000,85000,0.06210046,0.01461187,0.07671233
2025-11-05 23:00:00,22095,22095,22095,22095,0,2025-11-06 00:00:00,0,0,1762358400000,1762362000000,103919.20000000,85000,0.06198630,0.01472603,0.07671233
2025-11-06 00:00:00,22095,22095,22095,22095,0,2025-11-06 01:00:00,0,0,1762362000000,1762365600000,103904.05000000,85000,0.06187215,0.01484018,0.07671233
2025-11-06 01:00:00,22095,22095,22095,22095,0,2025-11-06 02:00:00,0,0,1762365600000,1762369200000,104347.40000000,85000,0.06175799,0.01495434,0.07671233
2025-11-06 02:00:00,22095,22095,22095,22095,0,2025-11-06 03:00:00,0,0,1762369200000,1762372800000,104008.09000000,85000,0.06164384,0.01506849,0.07671233
2025-11-06 03:00:00,22095,22095,22095,22095,0,2025-11-06 04:00:00,0,0,1762372800000,1762376400000,103831.22000000,85000,0.06152968,0.01518265,0.07671233
2025-11-06 04:00:00,22095,22095,22095,22095,0,2025-11-06 05:00:00,0,0,1762376400000,1762380000000,103672.37000000,85000,0.06141553,0.01529680,0.07671233
2025-11-06 05:00:00,22095,22095,22095,22095,0,2025-11-06 06:00:00,0,0,1762380000000,1762383600000,103706.55000000,85000,0.06130137,0.01541096,0.07671233
2025-11-06 06:00:00,22095,22095,22095,22095,0,2025-11-06 07:00:00,0,0,1762383600000,1762387200000,103885.16000000,85000,0.06118721,0.01552511,0.07671233
2025-11-06 07:00:00,22095,22095,22095,22095,0,2025-11-06 08:00:00,0,0,1762387200000,1762390800000,103677.72000000,85000,0.06107306,0.01563927,0.07671233
2025-11-06 08:00:00,22095,22095,22095,22095,0,2025-11-06 09:00:00,0,0,1762390800000,1762394400000,103365.65000000,85000,0.06095890,0.01575342,0.07671233
2025-11-06 09:00:00,22095,22095,22095,22095,0,2025-11-06 10:00:00,0,0,1762394400000,1762398000000,103321.81000000,85000,0.06084475,0.01586758,0.07671233
2025-11-06 10:00:00,22095,22095,22095,22095,0,2025-11-06 11:00:00,0,0,1762398000000,1762401600000,103636.03000000,85000,0.06073059,0.01598174,0.07671233
2025-11-06 11:00:00,22095,22095,22095,22095,0,2025-11-06 12:00:00,0,0,1762401600000,1762405200000,104030.79000000,85000,0.06061644,0.01609589,0.07671233
2025-11-06 12:00:00,22095,22095,22095,22095,0,2025-11-06 13:00:00,0,0,1762405200000,1762408800000,103143.57000000,85000,0.06050228,0.01621005,0.07671233
2025-11-06 13:00:00,22095,22095,22095,22095,0,2025-11-06 14:00:00,0,0,1762408800000,1762412400000,103318.75000000,85000,0.06038813,0.01632420,0.07671233
2025-11-06 14:00:00,22095,22095,22095,22095,0,2025-11-06 15:00:00,0,0,1762412400000,1762416000000,103185.48000000,85000,0.06027397,0.01643836,0.07671233
2025-11-06 15:00:00,22095,22095,22095,22095,0,2025-11-06 16:00:00,0,0,1762416000000,1762419600000,103200.26000000,85000,0.06015982,0.01655251,0.07671233
2025-11-06 16:00:00,22095,22095,22095,22095,0,2025-11-06 17:00:00,0,0,1762419600000,1762423200000,102810.01000000,85000,0.06004566,0.01666667,0.07671233
2025-11-06 17:00:00,22095,22095,22095,22095,0,2025-11-06 18:00:00,0,0,1762423200000,1762426800000,103122.54000000,85000,0.05993151,0.01678082,0.07671233
2025-11-06 18:00:00,22095,22095,22095,22095,0,2025-11-06 19:00:00,0,0,1762426800000,1762430400000,103227.58000000,85000,0.05981735,0.01689498,0.07671233
2025-11-06 19:00:00,22095,22095,22095,22095,0,2025-11-06 20:00:00,0,0,1762430400000,1762434000000,102552.38000000,85000,0.05970320,0.01700913,0.07671233
2025-11-06 20:00:00,22095,22095,22095,22095,0,2025-11-06 21:00:00,0,0,1762434000000,1762437600000,103319.71000000,85000,0.05958904,0.01712329,0.07671233
2025-11-06 21:00:00,22095,22095,22095,22095,0,2025-11-06 22:00:00,0,0,1762437600000,1762441200000,102125.00000000,85000,0.05947489,0.01723744,0.07671233
2025-11-06 22:00:00,22095,22095,22095,22095,0,2025-11-06 23:00:00,0,0,1762441200000,1762444800000,102014.48000000,85000,0.05936073,0.01735160,0.07671233
2025-11-06 23:00:00,22095,22095,22095,22095,0,2025-11-07 00:00:00,0,0,1762444800000,1762448400000,100867.20000000,85000,0.05924658,0.01746575,0.07671233
2025-11-07 00:00:00,22095,22095,22095,22095,0,2025-11-07 01:00:00,0,0,1762448400000,1762452000000,101804.01000000,85000,0.05913242,0.01757991,0.07671233
2025-11-07 01:00:00,22095,22095,22095,22095,0,2025-11-07 02:00:00,0,0,1762452000000,1762455600000,101722.13000000,85000,0.05901826,0.01769406,0.07671233
2025-11-07 02:00:00,22095,22095,22095,22095,0,2025-11-07 03:00:00,0,0,1762455600000,1762459200000,101388.81000000,85000,0.05890411,0.01780822,0.07671233
2025-11-07 03:00:00,22095,22095,22095,22095,0,2025-11-07 04:00:00,0,0,1762459200000,1762462800000,100914.11000000,85000,0.05878995,0.01792237,0.07671233
2025-11-07 04:00:00,22095,22095,22095,22095,0,2025-11-07 05:00:00,0,0,1762462800000,1762466400000,101117.17000000,85000,0.05867580,0.01803653,0.07671233
2025-11-07 05:00:00,22095,22095,22095,22095,0,2025-11-07 06:00:00,0,0,1762466400000,1762470000000,101415.05000000,85000,0.05856164,0.01815068,0.07671233
2025-11-07 06:00:00,22095,22095,22095,22095,0,2025-11-07 07:00:00,0,0,1762470000000,1762473600000,101346.04000000,85000,0.05844749,0.01826484,0.07671233
2025-11-07 07:00:00,22095,22095,22095,22095,0,2025-11-07 08:00:00,0,0,1762473600000,1762477200000,101479.78000000,85000,0.05833333,0.01837900,0.07671233
2025-11-07 08:00:00,22095,22095,22095,22095,0,2025-11-07 09:00:00,0,0,1762477200000,1762480800000,101538.96000000,85000,0.05821918,0.01849315,0.07671233
2025-11-07 09:00:00,22095,22095,22095,22095,0,2025-11-07 10:00:00,0,0,1762480800000,1762484400000,101905.11000000,85000,0.05810502,0.01860731,0.07671233
2025-11-07 10:00:00,22095,22095,22095,22095,0,2025-11-07 11:00:00,0,0,1762484400000,1762488000000,101916.29000000,85000,0.05799087,0.01872146,0.07671233
2025-11-07 11:00:00,22095,22095,22095,22095,0,2025-11-07 12:00:00,0,0,1762488000000,1762491600000,102027.19000000,85000,0.05787671,0.01883562,0.07671233
2025-11-07 12:00:00,22095,22095,22095,22095,0,2025-11-07 13:00:00,0,0,1762491600000,1762495200000,102447.47000000,85000,0.05776256,0.01894977,0.07671233
2025-11-07 13:00:00,22095,22095,22095,22095,0,2025-11-07 14:00:00,0,0,1762495200000,1762498800000,101819.10000000,85000,0.05764840,0.01906393,0.07671233
2025-11-07 14:00:00,22095,22095,22095,22095,0,2025-11-07 15:00:00,0,0,1762498800000,1762502400000,102010.00000000,85000,0.05753425,0.01917808,0.07671233
2025-11-07 15:00:00,22095,22095,22095,22095,0,2025-11-07 16:00:00,0,0,1762502400000,1762506000000,101496.18000000,85000,0.05742009,0.01929224,0.07671233
2025-11-07 16:00:00,22095,22095,22095,22095,0,2025-11-07 17:00:00,0,0,1762506000000,1762509600000,101013.66000000,85000,0.05730594,0.01940639,0.07671233
2025-11-07 17:00:00,22095,22095,22095,22095,0,2025-11-07 18:00:00,0,0,1762509600000,1762513200000,100770.85000000,85000,0.05719178,0.01952055,0.07671233
2025-11-07 18:00:00,22095,22095,22095,22095,0,2025-11-07 19:00:00,0,0,1762513200000,1762516800000,100411.89000000,85000,0.05707763,0.01963470,0.07671233
2025-11-07 19:00:00,22095,22095,22095,22095,0,2025-11-07 20:00:00,0,0,1762516800000,1762520400000,99638.28000000,85000,0.05696347,0.01974886,0.07671233
2025-11-07 20:00:00,22095,22095,22095,22095,0,2025-11-07 21:00:00,0,0,1762520400000,1762524000000,100347.35000000,85000,0.05684932,0.01986301,0.07671233
2025-11-07 21:00:00,22095,22095,22095,22095,0,2025-11-07 22:00:00,0,0,1762524000000,1762527600000,100806.08000000,85000,0.05673516,0.01997717,0.07671233
2025-11-07 22:00:00,22095,22095,22095,22095,0,2025-11-07 23:00:00,0,0,1762527600000,1762531200000,100797.95000000,85000,0.05662100,0.02009132,0.07671233
2025-11-07 23:00:00,22095,22095,22095,22095,0,2025-11-08 00:00:00,0,0,1762531200000,1762534800000,101169.20000000,85000,0.05650685,0.02020548,0.07671233
2025-11-08 00:00:00,22095,22095,22095,22095,0,2025-11-08 01:00:00,0,0,1762534800000,1762538400000,102397.12000000,85000,0.05639269,0.02031963,0.07671233
2025-11-08 01:00:00,22095,22095,22095,22095,0,2025-11-08 02:00:00,0,0,1762538400000,1762542000000,102609.46000000,85000,0.05627854,0.02043379,0.07671233
2025-11-08 02:00:00,22095,22095,22095,22095,0,2025-11-08 03:00:00,0,0,1762542000000,1762545600000,103395.25000000,85000,0.05616438,0.02054795,0.07671233
2025-11-08 03:00:00,22095,22095,22095,22095,0,2025-11-08 04:00:00,0,0,1762545600000,1762549200000,103783.09000000,85000,0.05605023,0.02066210,0.07671233
2025-11-08 04:00:00,22095,22095,22095,22095,0,2025-11-08 05:00:00,0,0,1762549200000,1762552800000,103879.23000000,85000,0.05593607,0.02077626,0.07671233
2025-11-08 05:00:00,22095,22095,22095,22095,0,2025-11-08 06:00:00,0,0,1762552800000,1762556400000,103633.03000000,85000,0.05582192,0.02089041,0.07671233
2025-11-08 06:00:00,22095,22095,22095,22095,0,2025-11-08 07:00:00,0,0,1762556400000,1762560000000,103339.08000000,85000,0.05570776,0.02100457,0.07671233
2025-11-08 07:00:00,22095,22095,22095,22095,0,2025-11-08 08:00:00,0,0,1762560000000,1762563600000,102713.15000000,85000,0.05559361,0.02111872,0.07671233
2025-11-08 08:00:00,22095,22095,22095,22095,0,2025-11-08 09:00:00,0,0,1762563600000,1762567200000,102996.84000000,85000,0.05547945,0.02123288,0.07671233
2025-11-08 09:00:00,22095,22095,22095,22095,0,2025-11-08 10:00:00,0,0,1762567200000,1762570800000,102846.65000000,85000,0.05536530,0.02134703,0.07671233
2025-11-08 10:00:00,22095,22095,22095,22095,0,2025-11-08 11:00:00,0,0,1762570800000,1762574400000,102592.76000000,85000,0.05525114,0.02146119,0.07671233
2025-11-08 11:00:00,22095,22095,22095,22095,0,2025-11-08 12:00:00,0,0,1762574400000,1762578000000,102565.03000000,85000,0.05513699,0.02157534,0.07671233
2025-11-08 12:00:00,22095,22095,22095,22095,0,2025-11-08 13:00:00,0,0,1762578000000,1762581600000,102304.00000000,85000,0.05502283,0.02168950,0.07671233
2025-11-08 13:00:00,22095,22095,22095,22095,0,2025-11-08 14:00:00,0,0,1762581600000,1762585200000,102215.62000000,85000,0.05490868,0.02180365,0.07671233
2025-11-08 14:00:00,22095,22095,22095,22095,0,2025-11-08 15:00:00,0,0,1762585200000,1762588800000,102352.96000000,85000,0.05479452,0.02191781,0.07671233
2025-11-08 15:00:00,22095,22095,22095,22095,0,2025-11-08 16:00:00,0,0,1762588800000,1762592400000,102431.74000000,85000,0.05468037,0.02203196,0.07671233
2025-11-08 16:00:00,22095,22095,22095,22095,0,2025-11-08 17:00:00,0,0,1762592400000,1762596000000,102399.46000000,85000,0.05456621,0.02214612,0.07671233
2025-11-08 17:00:00,22095,22095,22095,22095,0,2025-11-08 18:00:00,0,0,1762596000000,1762599600000,102480.04000000,85000,0.05445205,0.02226027,0.07671233
2025-11-08 18:00:00,22095,22095,22095,22095,0,2025-11-08 19:00:00,0,0,1762599600000,1762603200000,101857.10000000,85000,0.05433790,0.02237443,0.07671233
2025-11-08 19:00:00,22095,22095,22095,22095,0,2025-11-08 20:00:00,0,0,1762603200000,1762606800000,102065.14000000,85000,0.05422374,0.02248858,0.07671233
2025-11-08 20:00:00,22095,22095,22095,22095,0,2025-11-08 21:00:00,0,0,1762606800000,1762610400000,101804.63000000,85000,0.05410959,0.02260274,0.07671233
2025-11-08 21:00:00,22095,22095,22095,22095,0,2025-11-08 22:00:00,0,0,1762610400000,1762614000000,101827.19000000,85000,0.05399543,0.02271689,0.07671233
2025-11-08 22:00:00,22095,22095,22095,22095,0,2025-11-08 23:00:00,0,0,1762614000000,1762617600000,101711.45000000,85000,0.05388128,0.02283105,0.07671233
2025-11-08 23:00:00,22095,22095,22095,22095,0,2025-11-09 00:00:00,0,0,1762617600000,1762621200000,101850.22000000,85000,0.05376712,0.02294521,0.07671233
2025-11-09 00:00:00,22095,22095,22095,22095,0,2025-11-09 01:00:00,0,0,1762621200000,1762624800000,101994.52000000,85000,0.05365297,0.02305936,0.07671233
2025-11-09 01:00:00,22095,22095,22095,22095,0,2025-11-09 02:00:00,0,0,1762624800000,1762628400000,102139.53000000,85000,0.05353881,0.02317352,0.07671233
2025-11-09 02:00:00,22095,22095,22095,22095,0,2025-11-09 03:00:00,0,0,1762628400000,1762632000000,101989.65000000,85000,0.05342466,0.02328767,0.07671233
2025-11-09 03:00:00,22095,22095,22095,22095,0,2025-11-09 04:00:00,0,0,1762632000000,1762635600000,102068.06000000,85000,0.05331050,0.02340183,0.07671233
2025-11-09 04:00:00,22095,22095,22095,22095,0,2025-11-09 05:00:00,0,0,1762635600000,1762639200000,102272.81000000,85000,0.05319635,0.02351598,0.07671233
2025-11-09 05:00:00,22095,22095,22095,22095,0,2025-11-09 06:00:00,0,0,1762639200000,1762642800000,102377.46000000,85000,0.05308219,0.02363014,0.07671233
2025-11-09 06:00:00,22095,22095,22095,22095,0,2025-11-09 07:00:00,0,0,1762642800000,1762646400000,102312.94000000,85000,0.05296804,0.02374429,0.07671233
2025-11-09 07:00:00,22095,22095,22095,22095,0,2025-11-09 08:00:00,0,0,1762646400000,1762650000000,101797.74000000,85000,0.05285388,0.02385845,0.07671233
2025-11-09 08:00:00,22095,22095,22095,22095,0,2025-11-09 09:00:00,0,0,1762650000000,1762653600000,102045.07000000,85000,0.05273973,0.02397260,0.07671233
2025-11-09 09:00:00,22095,22095,22095,22095,0,2025-11-09 10:00:00,0,0,1762653600000,1762657200000,101633.25000000,85000,0.05262557,0.02408676,0.07671233
2025-11-09 10:00:00,22095,22095,22095,22095,0,2025-11-09 11:00:00,0,0,1762657200000,1762660800000,101662.05000000,85000,0.05251142,0.02420091,0.07671233
2025-11-09 11:00:00,22095,22095,22095,22095,0,2025-11-09 12:00:00,0,0,1762660800000,1762664400000,101724.91000000,85000,0.05239726,0.02431507,0.07671233
2025-11-09 12:00:00,22095,22095,22095,22095,0,2025-11-09 13:00:00,0,0,1762664400000,1762668000000,101928.54000000,85000,0.05228311,0.02442922,0.07671233
2025-11-09 13:00:00,22095,22095,22095,22095,0,2025-11-09 14:00:00,0,0,1762668000000,1762671600000,101752.83000000,85000,0.05216895,0.02454338,0.07671233
2025-11-09 14:00:00,22095,22095,22095,22095,0,2025-11-09 15:00:00,0,0,1762671600000,1762675200000,101944.59000000,85000,0.05205479,0.02465753,0.07671233
2025-11-09 15:00:00,22095,22095,22095,22095,0,2025-11-09 16:00:00,0,0,1762675200000,1762678800000,101972.94000000,85000,0.05194064,0.02477169,0.07671233
2025-11-09 16:00:00,22095,22095,22095,22095,0,2025-11-09 17:00:00,0,0,1762678800000,1762682400000,101657.46000000,85000,0.05182648,0.02488584,0.07671233
2025-11-09 17:00:00,22095,22095,22095,22095,0,2025-11-09 18:00:00,0,0,1762682400000,1762686000000,101876.36000000,85000,0.05171233,0.02500000,0.07671233
2025-11-09 18:00:00,22095,22095,22095,22095,0,2025-11-09 19:00:00,0,0,1762686000000,1762689600000,102239.41000000,85000,0.05159817,0.02511416,0.07671233
2025-11-09 19:00:00,22095,22095,22095,22095,0,2025-11-09 20:00:00,0,0,1762689600000,1762693200000,102086.90000000,85000,0.05148402,0.02522831,0.07671233
2025-11-09 20:00:00,22095,22095,22095,22095,0,2025-11-09 21:00:00,0,0,1762693200000,1762696800000,102911.39000000,85000,0.05136986,0.02534247,0.07671233
2025-11-09 21:00:00,22095,22095,22095,22095,0,2025-11-09 22:00:00,0,0,1762696800000,1762700400000,103037.90000000,85000,0.05125571,0.02545662,0.07671233
2025-11-09 22:00:00,22095,22095,22095,22095,0,2025-11-09 23:00:00,0,0,1762700400000,1762704000000,103762.17000000,85000,0.05114155,0.02557078,0.07671233
2025-11-09 23:00:00,22095,22095,22095,22095,0,2025-11-10 00:00:00,0,0,1762704000000,1762707600000,103845.04000000,85000,0.05102740,0.02568493,0.07671233
2025-11-10 00:00:00,22095,22095,22095,22095,0,2025-11-10 01:00:00,0,0,1762707600000,1762711200000,103637.57000000,85000,0.05091324,0.02579909,0.07671233
2025-11-10 01:00:00,22095,22095,22095,22095,0,2025-11-10 02:00:00,0,0,1762711200000,1762714800000,104512.65000000,85000,0.05079909,0.02591324,0.07671233
2025-11-10 02:00:00,22095,22095,22095,22095,0,2025-11-10 03:00:00,0,0,1762714800000,1762718400000,104805.57000000,85000,0.05068493,0.02602740,0.07671233
2025-11-10 03:00:00,22095,22095,22095,22095,0,2025-11-10 04:00:00,0,0,1762718400000,1762722000000,104633.12000000,85000,0.05057078,0.02614155,0.07671233
2025-11-10 04:00:00,22095,22095,22095,22095,0,2025-11-10 05:00:00,0,0,1762722000000,1762725600000,104528.82000000,85000,0.05045662,0.02625571,0.07671233
2025-11-10 05:00:00,22095,22095,22095,22095,0,2025-11-10 06:00:00,0,0,1762725600000,1762729200000,104732.48000000,85000,0.05034247,0.02636986,0.07671233
2025-11-10 06:00:00,22095,22095,22095,22095,0,2025-11-10 07:00:00,0,0,1762729200000,1762732800000,104722.96000000,85000,0.05022831,0.02648402,0.07671233
2025-11-10 07:00:00,22095,22095,22095,22095,0,2025-11-10 08:00:00,0,0,1762732800000,1762736400000,106314.96000000,85000,0.05011416,0.02659817,0.07671233
2025-11-10 08:00:00,22095,22095,22095,22095,0,2025-11-10 09:00:00,0,0,1762736400000,1762740000000,105699.99000000,85000,0.05000000,0.02671233,0.07671233
2025-11-10 09:00:00,22095,22095,22095,22095,0,2025-11-10 10:00:00,0,0,1762740000000,1762743600000,106006.69000000,85000,0.04988584,0.02682648,0.07671233
2025-11-10 10:00:00,22095,22095,22095,22095,0,2025-11-10 11:00:00,0,0,1762743600000,1762747200000,106027.97000000,85000,0.04977169,0.02694064,0.07671233
2025-11-10 11:00:00,22095,22095,22095,22095,0,2025-11-10 12:00:00,0,0,1762747200000,1762750800000,106153.14000000,85000,0.04965753,0.02705479,0.07671233
2025-11-10 12:00:00,22095,22095,22095,22095,0,2025-11-10 13:00:00,0,0,1762750800000,1762754400000,106100.00000000,85000,0.04954338,0.02716895,0.07671233
2025-11-10 13:00:00,22095,22095,22095,22095,0,2025-11-10 14:00:00,0,0,1762754400000,1762758000000,106221.88000000,85000,0.04942922,0.02728311,0.07671233
2025-11-10 14:00:00,22095,22095,22095,22095,0,2025-11-10 15:00:00,0,0,1762758000000,1762761600000,106461.45000000,85000,0.04931507,0.02739726,0.07671233
2025-11-10 15:00:00,22095,22095,22095,22095,0,2025-11-10 16:00:00,0,0,1762761600000,1762765200000,105965.46000000,85000,0.04920091,0.02751142,0.07671233
2025-11-10 16:00:00,22095,22095,22095,22095,0,2025-11-10 17:00:00,0,0,1762765200000,1762768800000,106440.00000000,85000,0.04908676,0.02762557,0.07671233
2025-11-10 17:00:00,22095,22095,22095,22095,0,2025-11-10 18:00:00,0,0,1762768800000,1762772400000,105995.26000000,85000,0.04897260,0.02773973,0.07671233
2025-11-10 18:00:00,22095,22095,22095,22095,0,2025-11-10 19:00:00,0,0,1762772400000,1762776000000,106176.50000000,85000,0.04885845,0.02785388,0.07671233
2025-11-10 19:00:00,22095,22095,22095,22095,0,2025-11-10 20:00:00,0,0,1762776000000,1762779600000,105944.17000000,85000,0.04874429,0.02796804,0.07671233
2025-11-10 20:00:00,22095,22095,22095,22095,0,2025-11-10 21:00:00,0,0,1762779600000,1762783200000,106548.02000000,85000,0.04863014,0.02808219,0.07671233
2025-11-10 21:00:00,22095,22095,22095,22095,0,2025-11-10 22:00:00,0,0,1762783200000,1762786800000,104898.15000000,85000,0.04851598,0.02819635,0.07671233
2025-11-10 22:00:00,22095,22095,22095,22095,0,2025-11-10 23:00:00,0,0,1762786800000,1762790400000,105079.99000000,85000,0.04840183,0.02831050,0.07671233
2025-11-10 23:00:00,22095,22095,22095,22095,0,2025-11-11 00:00:00,0,0,1762790400000,1762794000000,105242.05000000,85000,0.04828767,0.02842466,0.07671233
2025-11-11 00:00:00,22095,22095,22095,22095,0,2025-11-11 01:00:00,0,0,1762794000000,1762797600000,105953.10000000,85000,0.04817352,0.02853881,0.07671233
2025-11-11 01:00:00,22095,22095,22095,22095,0,2025-11-11 02:00:00,0,0,1762797600000,1762801200000,105478.00000000,85000,0.04805936,0.02865297,0.07671233
2025-11-11 02:00:00,22095,22095,22095,22095,0,2025-11-11 03:00:00,0,0,1762801200000,1762804800000,105817.99000000,85000,0.04794521,0.02876712,0.07671233
2025-11-11 03:00:00,22095,22095,22095,22095,0,2025-11-11 04:00:00,0,0,1762804800000,1762808400000,106010.73000000,85000,0.04783105,0.02888128,0.07671233
2025-11-11 04:00:00,22095,22095,22095,22095,0,2025-11-11 05:00:00,0,0,1762808400000,1762812000000,105631.27000000,85000,0.04771689,0.02899543,0.07671233
2025-11-11 05:00:00,22095,22095,22095,22095,0,2025-11-11 06:00:00,0,0,1762812000000,1762815600000,106062.80000000,85000,0.04760274,0.02910959,0.07671233
2025-11-11 06:00:00,22095,22095,22095,22095,0,2025-11-11 07:00:00,0,0,1762815600000,1762819200000,106011.13000000,85000,0.04748858,0.02922374,0.07671233
2025-11-11 07:00:00,22095,22095,22095,22095,0,2025-11-11 08:00:00,0,0,1762819200000,1762822800000,106139.83000000,85000,0.04737443,0.02933790,0.07671233
2025-11-11 08:00:00,22095,22095,22095,22095,0,2025-11-11 09:00:00,0,0,1762822800000,1762826400000,106110.36000000,85000,0.04726027,0.02945205,0.07671233
2025-11-11 09:00:00,22095,22095,22095,22095,0,2025-11-11 10:00:00,0,0,1762826400000,1762830000000,106655.02000000,85000,0.04714612,0.02956621,0.07671233
2025-11-11 10:00:00,22095,22095,22095,22095,0,2025-11-11 11:00:00,0,0,1762830000000,1762833600000,106456.00000000,85000,0.04703196,0.02968037,0.07671233
2025-11-11 11:00:00,22095,22095,22095,22095,0,2025-11-11 12:00:00,0,0,1762833600000,1762837200000,105755.32000000,85000,0.04691781,0.02979452,0.07671233
2025-11-11 12:00:00,22095,22095,22095,22095,0,2025-11-11 13:00:00,0,0,1762837200000,1762840800000,105249.35000000,85000,0.04680365,0.02990868,0.07671233
2025-11-11 13:00:00,22095,22095,22095,22095,0,2025-11-11 14:00:00,0,0,1762840800000,1762844400000,105261.27000000,85000,0.04668950,0.03002283,0.07671233
2025-11-11 14:00:00,22095,22095,22095,22095,0,2025-11-11 15:00:00,0,0,1762844400000,1762848000000,104783.98000000,85000,0.04657534,0.03013699,0.07671233
2025-11-11 15:00:00,22095,22095,22095,22095,0,2025-11-11 16:00:00,0,0,1762848000000,1762851600000,105157.80000000,85000,0.04646119,0.03025114,0.07671233
2025-11-11 16:00:00,22095,22095,22095,22095,0,2025-11-11 17:00:00,0,0,1762851600000,1762855200000,104971.63000000,85000,0.04634703,0.03036530,0.07671233
2025-11-11 17:00:00,22095,22095,22095,22095,0,2025-11-11 18:00:00,0,0,1762855200000,1762858800000,105176.38000000,85000,0.04623288,0.03047945,0.07671233
2025-11-11 18:00:00,22095,22095,22095,22095,0,2025-11-11 19:00:00,0,0,1762858800000,1762862400000,105311.90000000,85000,0.04611872,0.03059361,0.07671233
2025-11-11 19:00:00,22095,22095,22095,22095,0,2025-11-11 20:00:00,0,0,1762862400000,1762866000000,104530.83000000,85000,0.04600457,0.03070776,0.07671233
2025-11-11 20:00:00,22095,22095,22095,22095,0,2025-11-11 21:00:00,0,0,1762866000000,1762869600000,104390.92000000,85000,0.04589041,0.03082192,0.07671233
2025-11-11 21:00:00,22095,22095,22095,22095,0,2025-11-11 22:00:00,0,0,1762869600000,1762873200000,104560.16000000,85000,0.04577626,0.03093607,0.07671233
2025-11-11 22:00:00,22095,22095,22095,22095,0,2025-11-11 23:00:00,0,0,1762873200000,1762876800000,103455.99000000,85000,0.04566210,0.03105023,0.07671233
2025-11-11 23:00:00,22095,22095,22095,22095,0,2025-11-12 00:00:00,0,0,1762876800000,1762880400000,103399.43000000,85000,0.04554795,0.03116438,0.07671233
2025-11-12 00:00:00,22095,22095,22095,22095,0,2025-11-12 01:00:00,0,0,1762880400000,1762884000000,103338.99000000,85000,0.04543379,0.03127854,0.07671233
2025-11-12 01:00:00,22095,22095,22095,22095,0,2025-11-12 02:00:00,0,0,1762884000000,1762887600000,103401.07000000,85000,0.04531963,0.03139269,0.07671233
2025-11-12 02:00:00,22095,22095,22095,22095,0,2025-11-12 03:00:00,0,0,1762887600000,1762891200000,103126.39000000,85000,0.04520548,0.03150685,0.07671233
2025-11-12 03:00:00,22095,22095,22095,22095,0,2025-11-12 04:00:00,0,0,1762891200000,1762894800000,102809.27000000,85000,0.04509132,0.03162100,0.07671233
2025-11-12 04:00:00,22095,22095,22095,22095,0,2025-11-12 05:00:00,0,0,1762894800000,1762898400000,102633.92000000,85000,0.04497717,0.03173516,0.07671233
2025-11-12 05:00:00,22095,22095,22095,22095,0,2025-11-12 06:00:00,0,0,1762898400000,1762902000000,103000.01000000,85000,0.04486301,0.03184932,0.07671233
2025-11-12 06:00:00,22095,22095,22095,22095,0,2025-11-12 07:00:00,0,0,1762902000000,1762905600000,103058.99000000,85000,0.04474886,0.03196347,0.07671233
2025-11-12 07:00:00,22095,22095,22095,22095,0,2025-11-12 08:00:00,0,0,1762905600000,1762909200000,102885.99000000,85000,0.04463470,0.03207763,0.07671233
2025-11-12 08:00:00,22095,22095,22095,22095,0,2025-11-12 09:00:00,0,0,1762909200000,1762912800000,103254.64000000,85000,0.04452055,0.03219178,0.07671233
2025-11-12 09:00:00,22095,22095,22095,22095,0,2025-11-12 10:00:00,0,0,1762912800000,1762916400000,103151.66000000,85000,0.04440639,0.03230594,0.07671233
2025-11-12 10:00:00,22095,22095,22095,22095,0,2025-11-12 11:00:00,0,0,1762916400000,1762920000000,103310.00000000,85000,0.04429224,0.03242009,0.07671233
2025-11-12 11:00:00,22095,22095,22095,22095,0,2025-11-12 12:00:00,0,0,1762920000000,1762923600000,103246.87000000,85000,0.04417808,0.03253425,0.07671233
2025-11-12 12:00:00,22095,22095,22095,22095,0,2025-11-12 13:00:00,0,0,1762923600000,1762927200000,103385.30000000,85000,0.04406393,0.03264840,0.07671233
2025-11-12 13:00:00,22095,22095,22095,22095,0,2025-11-12 14:00:00,0,0,1762927200000,1762930800000,103366.97000000,85000,0.04394977,0.03276256,0.07671233
2025-11-12 14:00:00,22095,22095,22095,22095,0,2025-11-12 15:00:00,0,0,1762930800000,1762934400000,103112.66000000,85000,0.04383562,0.03287671,0.07671233
2025-11-12 15:00:00,22095,22095,22095,22095,0,2025-11-12 16:00:00,0,0,1762934400000,1762938000000,104147.24000000,85000,0.04372146,0.03299087,0.07671233
2025-11-12 16:00:00,22095,22095,22095,22095,0,2025-11-12 17:00:00,0,0,1762938000000,1762941600000,104521.56000000,85000,0.04360731,0.03310502,0.07671233
2025-11-12 17:00:00,22095,22095,22095,22095,0,2025-11-12 18:00:00,0,0,1762941600000,1762945200000,104899.99000000,85000,0.04349315,0.03321918,0.07671233
2025-11-12 18:00:00,22095,22095,22095,22095,0,2025-11-12 19:00:00,0,0,1762945200000,1762948800000,105020.83000000,85000,0.04337900,0.03333333,0.07671233
2025-11-12 19:00:00,22095,22095,22095,22095,0,2025-11-12 20:00:00,0,0,1762948800000,1762952400000,104993.74000000,85000,0.04326484,0.03344749,0.07671233
2025-11-12 20:00:00,22095,22095,22095,22095,0,2025-11-12 21:00:00,0,0,1762952400000,1762956000000,105039.99000000,85000,0.04315068,0.03356164,0.07671233
2025-11-12 21:00:00,22095,22095,22095,22095,0,2025-11-12 22:00:00,0,0,1762956000000,1762959600000,103990.40000000,85000,0.04303653,0.03367580,0.07671233
2025-11-12 22:00:00,22095,22095,22095,22095,0,2025-11-12 23:00:00,0,0,1762959600000,1762963200000,102173.51000000,85000,0.04292237,0.03378995,0.07671233
2025-11-12 23:00:00,22095,22095,22095,22095,0,2025-11-13 00:00:00,0,0,1762963200000,1762966800000,101442.61000000,85000,0.04280822,0.03390411,0.07671233
2025-11-13 00:00:00,22095,22095,22095,22095,0,2025-11-13 01:00:00,0,0,1762966800000,1762970400000,101748.02000000,85000,0.04269406,0.03401826,0.07671233
2025-11-13 01:00:00,22095,22095,22095,22095,0,2025-11-13 02:00:00,0,0,1762970400000,1762974000000,101542.17000000,85000,0.04257991,0.03413242,0.07671233
2025-11-13 02:00:00,22095,22095,22095,22095,0,2025-11-13 03:00:00,0,0,1762974000000,1762977600000,101297.31000000,85000,0.04246575,0.03424658,0.07671233
2025-11-13 03:00:00,22095,22095,22095,22095,0,2025-11-13 04:00:00,0,0,1762977600000,1762981200000,101539.01000000,85000,0.04235160,0.03436073,0.07671233
2025-11-13 04:00:00,22095,22095,22095,22095,0,2025-11-13 05:00:00,0,0,1762981200000,1762984800000,101920.47000000,85000,0.04223744,0.03447489,0.07671233
2025-11-13 05:00:00,22095,22095,22095,22095,0,2025-11-13 06:00:00,0,0,1762984800000,1762988400000,101978.96000000,85000,0.04212329,0.03458904,0.07671233
2025-11-13 06:00:00,22095,22095,22095,22095,0,2025-11-13 07:00:00,0,0,1762988400000,1762992000000,101654.37000000,85000,0.04200913,0.03470320,0.07671233
2025-11-13 07:00:00,22095,22095,22095,22095,0,2025-11-13 08:00:00,0,0,1762992000000,1762995600000,101854.58000000,85000,0.04189498,0.03481735,0.07671233
2025-11-13 08:00:00,22095,22095,22095,22095,0,2025-11-13 09:00:00,0,0,1762995600000,1762999200000,102007.00000000,85000,0.04178082,0.03493151,0.07671233
2025-11-13 09:00:00,22095,22095,22095,22095,0,2025-11-13 10:00:00,0,0,1762999200000,1763002800000,102064.41000000,85000,0.04166667,0.03504566,0.07671233
2025-11-13 10:00:00,22095,22095,22095,22095,0,2025-11-13 11:00:00,0,0,1763002800000,1763006400000,102130.21000000,85000,0.04155251,0.03515982,0.07671233
2025-11-13 11:00:00,22095,22095,22095,22095,0,2025-11-13 12:00:00,0,0,1763006400000,1763010000000,102120.00000000,85000,0.04143836,0.03527397,0.07671233
2025-11-13 12:00:00,22095,22095,22095,22095,0,2025-11-13 13:00:00,0,0,1763010000000,1763013600000,103135.84000000,85000,0.04132420,0.03538813,0.07671233
2025-11-13 13:00:00,22095,22095,22095,22095,0,2025-11-13 14:00:00,0,0,1763013600000,1763017200000,103590.74000000,85000,0.04121005,0.03550228,0.07671233
2025-11-13 14:00:00,22095,22095,22095,22095,0,2025-11-13 15:00:00,0,0,1763017200000,1763020800000,103475.66000000,85000,0.04109589,0.03561644,0.07671233
2025-11-13 15:00:00,22095,22095,22095,22095,0,2025-11-13 16:00:00,0,0,1763020800000,1763024400000,103684.06000000,85000,0.04098174,0.03573059,0.07671233
2025-11-13 16:00:00,22095,22095,22095,22095,0,2025-11-13 17:00:00,0,0,1763024400000,1763028000000,102827.00000000,85000,0.04086758,0.03584475,0.07671233
2025-11-13 17:00:00,22095,22095,22095,22095,0,2025-11-13 18:00:00,0,0,1763028000000,1763031600000,102991.22000000,85000,0.04075342,0.03595890,0.07671233
2025-11-13 18:00:00,22095,22095,22095,22095,0,2025-11-13 19:00:00,0,0,1763031600000,1763035200000,102936.50000000,85000,0.04063927,0.03607306,0.07671233
2025-11-13 19:00:00,22095,22095,22095,22095,0,2025-11-13 20:00:00,0,0,1763035200000,1763038800000,103143.45000000,85000,0.04052511,0.03618721,0.07671233
2025-11-13 20:00:00,22095,22095,22095,22095,0,2025-11-13 21:00:00,0,0,1763038800000,1763042400000,102326.48000000,85000,0.04041096,0.03630137,0.07671233
2025-11-13 21:00:00,22095,22095,22095,22095,0,2025-11-13 22:00:00,0,0,1763042400000,1763046000000,102873.14000000,85000,0.04029680,0.03641553,0.07671233
2025-11-13 22:00:00,22095,22095,22095,22095,0,2025-11-13 23:00:00,0,0,1763046000000,1763049600000,101382.64000000,85000,0.04018265,0.03652968,0.07671233
2025-11-13 23:00:00,22095,22095,22095,22095,0,2025-11-14 00:00:00,0,0,1763049600000,1763053200000,100633.13000000,85000,0.04006849,0.03664384,0.07671233
2025-11-14 00:00:00,22095,22095,22095,22095,0,2025-11-14 01:00:00,0,0,1763053200000,1763056800000,99659.99000000,85000,0.03995434,0.03675799,0.07671233
2025-11-14 01:00:00,22095,22095,22095,22095,0,2025-11-14 02:00:00,0,0,1763056800000,1763060400000,98591.78000000,85000,0.03984018,0.03687215,0.07671233
2025-11-14 02:00:00,22095,22095,22095,22095,0,2025-11-14 03:00:00,0,0,1763060400000,1763064000000,98682.14000000,85000,0.03972603,0.03698630,0.07671233
2025-11-14 03:00:00,22095,22095,22095,22095,0,2025-11-14 04:00:00,0,0,1763064000000,1763067600000,98162.11000000,85000,0.03961187,0.03710046,0.07671233
2025-11-14 04:00:00,22095,22095,22095,22095,0,2025-11-14 05:00:00,0,0,1763067600000,1763071200000,98817.36000000,85000,0.03949772,0.03721461,0.07671233
2025-11-14 05:00:00,22095,22095,22095,22095,0,2025-11-14 06:00:00,0,0,1763071200000,1763074800000,99851.82000000,85000,0.03938356,0.03732877,0.07671233
2025-11-14 06:00:00,22095,22095,22095,22095,0,2025-11-14 07:00:00,0,0,1763074800000,1763078400000,99692.02000000,85000,0.03926941,0.03744292,0.07671233
2025-11-14 07:00:00,22095,22095,22095,22095,0,2025-11-14 08:00:00,0,0,1763078400000,1763082000000,98973.95000000,85000,0.03915525,0.03755708,0.07671233
2025-11-14 08:00:00,22095,22095,22095,22095,0,2025-11-14 09:00:00,0,0,1763082000000,1763085600000,99255.60000000,85000,0.03904110,0.03767123,0.07671233
2025-11-14 09:00:00,22095,22095,22095,22095,0,2025-11-14 10:00:00,0,0,1763085600000,1763089200000,99620.00000000,85000,0.03892694,0.03778539,0.07671233
2025-11-14 10:00:00,22095,22095,22095,22095,0,2025-11-14 11:00:00,0,0,1763089200000,1763092800000,99139.38000000,85000,0.03881279,0.03789954,0.07671233
2025-11-14 11:00:00,22095,22095,22095,22095,0,2025-11-14 12:00:00,0,0,1763092800000,1763096400000,97823.98000000,85000,0.03869863,0.03801370,0.07671233
2025-11-14 12:00:00,22095,22095,22095,22095,0,2025-11-14 13:00:00,0,0,1763096400000,1763100000000,97523.98000000,85000,0.03858447,0.03812785,0.07671233
2025-11-14 13:00:00,22095,22095,22095,22095,0,2025-11-14 14:00:00,0,0,1763100000000,1763103600000,97569.13000000,85000,0.03847032,0.03824201,0.07671233
2025-11-14 14:00:00,22095,22095,22095,22095,0,2025-11-14 15:00:00,0,0,1763103600000,1763107200000,97151.98000000,85000,0.03835616,0.03835616,0.07671233
2025-11-14 15:00:00,22095,22095,22095,22095,0,2025-11-14 16:00:00,0,0,1763107200000,1763110800000,97377.41000000,85000,0.03824201,0.03847032,0.07671233
2025-11-14 16:00:00,22095,22095,22095,22095,0,2025-11-14 17:00:00,0,0,1763110800000,1763114400000,96839.93000000,85000,0.03812785,0.03858447,0.07671233
2025-11-14 17:00:00,22095,22095,22095,22095,0,2025-11-14 18:00:00,0,0,1763114400000,1763118000000,96752.20000000,85000,0.03801370,0.03869863,0.07671233
2025-11-14 18:00:00,22095,22095,22095,22095,0,2025-11-14 19:00:00,0,0,1763118000000,1763121600000,96167.44000000,85000,0.03789954,0.03881279,0.07671233
2025-11-14 19:00:00,22095,22095,22095,22095,0,2025-11-14 20:00:00,0,0,1763121600000,1763125200000,95350.75000000,85000,0.03778539,0.03892694,0.07671233
2025-11-14 20:00:00,22095,22095,22095,22095,0,2025-11-14 21:00:00,0,0,1763125200000,1763128800000,95243.95000000,85000,0.03767123,0.03904110,0.07671233
2025-11-14 21:00:00,22095,22095,22095,22095,0,2025-11-14 22:00:00,0,0,1763128800000,1763132400000,96542.38000000,85000,0.03755708,0.03915525,0.07671233
2025-11-14 22:00:00,22095,22095,22095,22095,0,2025-11-14 23:00:00,0,0,1763132400000,1763136000000,96796.14000000,85000,0.03744292,0.03926941,0.07671233
2025-11-14 23:00:00,22095,22095,22095,22095,0,2025-11-15 00:00:00,0,0,1763136000000,1763139600000,97011.22000000,85000,0.03732877,0.03938356,0.07671233
2025-11-15 00:00:00,22095,22095,22095,22095,0,2025-11-15 01:00:00,0,0,1763139600000,1763143200000,95842.56000000,85000,0.03721461,0.03949772,0.07671233
2025-11-15 01:00:00,22095,22095,22095,22095,0,2025-11-15 02:00:00,0,0,1763143200000,1763146800000,95075.53000000,85000,0.03710046,0.03961187,0.07671233
2025-11-15 02:00:00,22095,22095,22095,22095,0,2025-11-15 03:00:00,0,0,1763146800000,1763150400000,95778.29000000,85000,0.03698630,0.03972603,0.07671233
2025-11-15 03:00:00,11415,11415,11415,11415,0.01,2025-11-15 04:00:00,114.15,1,1763150400000,1763154000000,94377.47000000,85000,0.03687215,0.03984018,0.07671233
2025-11-15 04:00:00,11415,11415,11415,11415,0,2025-11-15 05:00:00,0,0,1763154000000,1763157600000,95059.47000000,85000,0.03675799,0.03995434,0.07671233
2025-11-15 05:00:00,11415,11415,11415,11415,0,2025-11-15 06:00:00,0,0,1763157600000,1763161200000,95179.99000000,85000,0.03664384,0.04006849,0.07671233
2025-11-15 06:00:00,11415,11415,11415,11415,0,2025-11-15 07:00:00,0,0,1763161200000,1763164800000,94594.00000000,85000,0.03652968,0.04018265,0.07671233
2025-11-15 07:00:00,11415,11415,11415,11415,0,2025-11-15 08:00:00,0,0,1763164800000,1763168400000,95149.35000000,85000,0.03641553,0.04029680,0.07671233
2025-11-15 08:00:00,11415,11415,11415,11415,0,2025-11-15 09:00:00,0,0,1763168400000,1763172000000,95650.17000000,85000,0.03630137,0.04041096,0.07671233
2025-11-15 09:00:00,11415,11415,11415,11415,0,2025-11-15 10:00:00,0,0,1763172000000,1763175600000,96482.77000000,85000,0.03618721,0.04052511,0.07671233
2025-11-15 10:00:00,11415,11415,11415,11415,0,2025-11-15 11:00:00,0,0,1763175600000,1763179200000,96417.12000000,85000,0.03607306,0.04063927,0.07671233
2025-11-15 11:00:00,11415,11415,11415,11415,0,2025-11-15 12:00:00,0,0,1763179200000,1763182800000,96112.14000000,85000,0.03595890,0.04075342,0.07671233
2025-11-15 12:00:00,11415,11415,11415,11415,0,2025-11-15 13:00:00,0,0,1763182800000,1763186400000,96342.18000000,85000,0.03584475,0.04086758,0.07671233
2025-11-15 13:00:00,11415,11415,11415,11415,0,2025-11-15 14:00:00,0,0,1763186400000,1763190000000,96121.27000000,85000,0.03573059,0.04098174,0.07671233
2025-11-15 14:00:00,11415,11415,11415,11415,0,2025-11-15 15:00:00,0,0,1763190000000,1763193600000,96333.86000000,85000,0.03561644,0.04109589,0.07671233
2025-11-15 15:00:00,11415,11415,11415,11415,0,2025-11-15 16:00:00,0,0,1763193600000,1763197200000,95910.88000000,85000,0.03550228,0.04121005,0.07671233
2025-11-15 16:00:00,11415,11415,11415,11415,0,2025-11-15 17:00:00,0,0,1763197200000,1763200800000,95808.44000000,85000,0.03538813,0.04132420,0.07671233
2025-11-15 17:00:00,11415,11415,11415,11415,0,2025-11-15 18:00:00,0,0,1763200800000,1763204400000,95952.13000000,85000,0.03527397,0.04143836,0.07671233
2025-11-15 18:00:00,11415,11415,11415,11415,0,2025-11-15 19:00:00,0,0,1763204400000,1763208000000,95696.87000000,85000,0.03515982,0.04155251,0.07671233
2025-11-15 19:00:00,11415,11415,11415,11415,0,2025-11-15 20:00:00,0,0,1763208000000,1763211600000,95814.08000000,85000,0.03504566,0.04166667,0.07671233
2025-11-15 20:00:00,11415,11415,11415,11415,0,2025-11-15 21:00:00,0,0,1763211600000,1763215200000,96370.16000000,85000,0.03493151,0.04178082,0.07671233
2025-11-15 21:00:00,11415,11415,11415,11415,0,2025-11-15 22:00:00,0,0,1763215200000,1763218800000,96254.25000000,85000,0.03481735,0.04189498,0.07671233
2025-11-15 22:00:00,11415,11415,11415,11415,0,2025-11-15 23:00:00,0,0,1763218800000,1763222400000,96260.00000000,85000,0.03470320,0.04200913,0.07671233
2025-11-15 23:00:00,11415,11415,11415,11415,0,2025-11-16 00:00:00,0,0,1763222400000,1763226000000,96162.84000000,85000,0.03458904,0.04212329,0.07671233
2025-11-16 00:00:00,11415,11415,11415,11415,0,2025-11-16 01:00:00,0,0,1763226000000,1763229600000,96238.50000000,85000,0.03447489,0.04223744,0.07671233
2025-11-16 01:00:00,11415,11415,11415,11415,0,2025-11-16 02:00:00,0,0,1763229600000,1763233200000,96052.99000000,85000,0.03436073,0.04235160,0.07671233
2025-11-16 02:00:00,11415,11415,11415,11415,0,2025-11-16 03:00:00,0,0,1763233200000,1763236800000,96012.01000000,85000,0.03424658,0.04246575,0.07671233
2025-11-16 03:00:00,11415,11415,11415,11415,0,2025-11-16 04:00:00,0,0,1763236800000,1763240400000,95277.52000000,85000,0.03413242,0.04257991,0.07671233
2025-11-16 04:00:00,11415,11415,11415,11415,0,2025-11-16 05:00:00,0,0,1763240400000,1763244000000,95279.99000000,85000,0.03401826,0.04269406,0.07671233
2025-11-16 05:00:00,11415,11415,11415,11415,0,2025-11-16 06:00:00,0,0,1763244000000,1763247600000,95619.62000000,85000,0.03390411,0.04280822,0.07671233
2025-11-16 06:00:00,11415,11415,11415,11415,0,2025-11-16 07:00:00,0,0,1763247600000,1763251200000,95596.24000000,85000,0.03378995,0.04292237,0.07671233
2025-11-16 07:00:00,11415,11415,11415,11415,0,2025-11-16 08:00:00,0,0,1763251200000,1763254800000,95362.00000000,85000,0.03367580,0.04303653,0.07671233
2025-11-16 08:00:00,11415,11415,11415,11415,0,2025-11-16 09:00:00,0,0,1763254800000,1763258400000,95276.62000000,85000,0.03356164,0.04315068,0.07671233
2025-11-16 09:00:00,11415,11415,11415,11415,0,2025-11-16 10:00:00,0,0,1763258400000,1763262000000,95963.88000000,85000,0.03344749,0.04326484,0.07671233
2025-11-16 10:00:00,11415,11415,11415,11415,0,2025-11-16 11:00:00,0,0,1763262000000,1763265600000,95825.02000000,85000,0.03333333,0.04337900,0.07671233
2025-11-16 11:00:00,11415,11415,11415,11415,0,2025-11-16 12:00:00,0,0,1763265600000,1763269200000,95821.79000000,85000,0.03321918,0.04349315,0.07671233
2025-11-16 12:00:00,11415,11415,11415,11415,0,2025-11-16 13:00:00,0,0,1763269200000,1763272800000,95881.82000000,85000,0.03310502,0.04360731,0.07671233
2025-11-16 13:00:00,11415,11415,11415,11415,0,2025-11-16 14:00:00,0,0,1763272800000,1763276400000,95813.53000000,85000,0.03299087,0.04372146,0.07671233
2025-11-16 14:00:00,11415,11415,11415,11415,0,2025-11-16 15:00:00,0,0,1763276400000,1763280000000,96099.99000000,85000,0.03287671,0.04383562,0.07671233
2025-11-16 15:00:00,11415,11415,11415,11415,0,2025-11-16 16:00:00,0,0,1763280000000,1763283600000,96116.94000000,85000,0.03276256,0.04394977,0.07671233
2025-11-16 16:00:00,11415,11415,11415,11415,0,2025-11-16 17:00:00,0,0,1763283600000,1763287200000,96629.75000000,85000,0.03264840,0.04406393,0.07671233
2025-11-16 17:00:00,11415,11415,11415,11415,0,2025-11-16 18:00:00,0,0,1763287200000,1763290800000,96444.71000000,85000,0.03253425,0.04417808,0.07671233
2025-11-16 18:00:00,11415,11415,11415,11415,0,2025-11-16 19:00:00,0,0,1763290800000,1763294400000,95627.13000000,85000,0.03242009,0.04429224,0.07671233
2025-11-16 19:00:00,11415,11415,11415,11415,0,2025-11-16 20:00:00,0,0,1763294400000,1763298000000,95743.90000000,85000,0.03230594,0.04440639,0.07671233
2025-11-16 20:00:00,11415,11415,11415,11415,0,2025-11-16 21:00:00,0,0,1763298000000,1763301600000,95420.44000000,85000,0.03219178,0.04452055,0.07671233
2025-11-16 21:00:00,11415,11415,11415,11415,0,2025-11-16 22:00:00,0,0,1763301600000,1763305200000,95531.13000000,85000,0.03207763,0.04463470,0.07671233
2025-11-16 22:00:00,11415,11415,11415,11415,0,2025-11-16 23:00:00,0,0,1763305200000,1763308800000,94573.46000000,85000,0.03196347,0.04474886,0.07671233
2025-11-16 23:00:00,11415,11415,11415,11415,0,2025-11-17 00:00:00,0,0,1763308800000,1763312400000,94224.47000000,85000,0.03184932,0.04486301,0.07671233
2025-11-17 00:00:00,11415,11415,11415,11415,0,2025-11-17 01:00:00,0,0,1763312400000,1763316000000,94357.67000000,85000,0.03173516,0.04497717,0.07671233
2025-11-17 01:00:00,11415,11415,11415,11415,0,2025-11-17 02:00:00,0,0,1763316000000,1763319600000,94049.64000000,85000,0.03162100,0.04509132,0.07671233
2025-11-17 02:00:00,11415,11415,11415,11415,0,2025-11-17 03:00:00,0,0,1763319600000,1763323200000,94020.00000000,85000,0.03150685,0.04520548,0.07671233
2025-11-17 03:00:00,11415,11415,11415,11415,0,2025-11-17 04:00:00,0,0,1763323200000,1763326800000,94090.00000000,85000,0.03139269,0.04531963,0.07671233
2025-11-17 04:00:00,11415,11415,11415,11415,0,2025-11-17 05:00:00,0,0,1763326800000,1763330400000,93505.22000000,85000,0.03127854,0.04543379,0.07671233
2025-11-17 05:00:00,11415,11415,11415,11415,0,2025-11-17 06:00:00,0,0,1763330400000,1763334000000,94183.36000000,85000,0.03116438,0.04554795,0.07671233
2025-11-17 06:00:00,11415,11415,11415,11415,0,2025-11-17 07:00:00,0,0,1763334000000,1763337600000,94261.44000000,85000,0.03105023,0.04566210,0.07671233
2025-11-17 07:00:00,11415,11415,11415,11415,0,2025-11-17 08:00:00,0,0,1763337600000,1763341200000,95290.01000000,85000,0.03093607,0.04577626,0.07671233
2025-11-17 08:00:00,11415,11415,11415,11415,0,2025-11-17 09:00:00,0,0,1763341200000,1763344800000,94768.02000000,85000,0.03082192,0.04589041,0.07671233
2025-11-17 09:00:00,11415,11415,11415,11415,0,2025-11-17 10:00:00,0,0,1763344800000,1763348400000,94976.18000000,85000,0.03070776,0.04600457,0.07671233
2025-11-17 10:00:00,11415,11415,11415,11415,0,2025-11-17 11:00:00,0,0,1763348400000,1763352000000,95496.77000000,85000,0.03059361,0.04611872,0.07671233
2025-11-17 11:00:00,11415,11415,11415,11415,0,2025-11-17 12:00:00,0,0,1763352000000,1763355600000,95096.74000000,85000,0.03047945,0.04623288,0.07671233
2025-11-17 12:00:00,11415,11415,11415,11415,0,2025-11-17 13:00:00,0,0,1763355600000,1763359200000,95122.76000000,85000,0.03036530,0.04634703,0.07671233
2025-11-17 13:00:00,11415,11415,11415,11415,0,2025-11-17 14:00:00,0,0,1763359200000,1763362800000,95282.36000000,85000,0.03025114,0.04646119,0.07671233
2025-11-17 14:00:00,11415,11415,11415,11415,0,2025-11-17 15:00:00,0,0,1763362800000,1763366400000,95653.77000000,85000,0.03013699,0.04657534,0.07671233
2025-11-17 15:00:00,11415,11415,11415,11415,0,2025-11-17 16:00:00,0,0,1763366400000,1763370000000,95619.06000000,85000,0.03002283,0.04668950,0.07671233
2025-11-17 16:00:00,11415,11415,11415,11415,0,2025-11-17 17:00:00,0,0,1763370000000,1763373600000,95656.21000000,85000,0.02990868,0.04680365,0.07671233
2025-11-17 17:00:00,11415,11415,11415,11415,0,2025-11-17 18:00:00,0,0,1763373600000,1763377200000,95651.70000000,85000,0.02979452,0.04691781,0.07671233
2025-11-17 18:00:00,11415,11415,11415,11415,0,2025-11-17 19:00:00,0,0,1763377200000,1763380800000,95565.38000000,85000,0.02968037,0.04703196,0.07671233
2025-11-17 19:00:00,11415,11415,11415,11415,0,2025-11-17 20:00:00,0,0,1763380800000,1763384400000,95312.23000000,85000,0.02956621,0.04714612,0.07671233
2025-11-17 20:00:00,11415,11415,11415,11415,0,2025-11-17 21:00:00,0,0,1763384400000,1763388000000,93959.79000000,85000,0.02945205,0.04726027,0.07671233
2025-11-17 21:00:00,11415,11415,11415,11415,0,2025-11-17 22:00:00,0,0,1763388000000,1763391600000,94769.32000000,85000,0.02933790,0.04737443,0.07671233
2025-11-17 22:00:00,11415,11415,11415,11415,0,2025-11-17 23:00:00,0,0,1763391600000,1763395200000,93959.67000000,85000,0.02922374,0.04748858,0.07671233
2025-11-17 23:00:00,11415,11415,11415,11415,0,2025-11-18 00:00:00,0,0,1763395200000,1763398800000,94306.00000000,85000,0.02910959,0.04760274,0.07671233
2025-11-18 00:00:00,11415,11415,11415,11415,0,2025-11-18 01:00:00,0,0,1763398800000,1763402400000,92767.49000000,85000,0.02899543,0.04771689,0.07671233
2025-11-18 01:00:00,11415,11415,11415,11415,0,2025-11-18 02:00:00,0,0,1763402400000,1763406000000,92549.01000000,85000,0.02888128,0.04783105,0.07671233
2025-11-18 02:00:00,11415,11415,11415,11415,0,2025-11-18 03:00:00,0,0,1763406000000,1763409600000,91678.93000000,85000,0.02876712,0.04794521,0.07671233
2025-11-18 03:00:00,11415,11415,11415,11415,0,2025-11-18 04:00:00,0,0,1763409600000,1763413200000,91920.59000000,85000,0.02865297,0.04805936,0.07671233
2025-11-18 04:00:00,11415,11415,11415,11415,0,2025-11-18 05:00:00,0,0,1763413200000,1763416800000,91959.71000000,85000,0.02853881,0.04817352,0.07671233
2025-11-18 05:00:00,11415,11415,11415,11415,0,2025-11-18 06:00:00,0,0,1763416800000,1763420400000,92247.63000000,85000,0.02842466,0.04828767,0.07671233
2025-11-18 06:00:00,11415,11415,11415,11415,0,2025-11-18 07:00:00,0,0,1763420400000,1763424000000,92215.14000000,85000,0.02831050,0.04840183,0.07671233
2025-11-18 07:00:00,11415,11415,11415,11415,0,2025-11-18 08:00:00,0,0,1763424000000,1763427600000,92169.86000000,85000,0.02819635,0.04851598,0.07671233
2025-11-18 08:00:00,11415,11415,11415,11415,0,2025-11-18 09:00:00,0,0,1763427600000,1763431200000,91714.29000000,85000,0.02808219,0.04863014,0.07671233
2025-11-18 09:00:00,11415,11415,11415,11415,0,2025-11-18 10:00:00,0,0,1763431200000,1763434800000,90866.01000000,85000,0.02796804,0.04874429,0.07671233
2025-11-18 10:00:00,11415,11415,11415,11415,0,2025-11-18 11:00:00,0,0,1763434800000,1763438400000,90842.72000000,85000,0.02785388,0.04885845,0.07671233
2025-11-18 11:00:00,11415,11415,11415,11415,0,2025-11-18 12:00:00,0,0,1763438400000,1763442000000,90081.90000000,85000,0.02773973,0.04897260,0.07671233
2025-11-18 12:00:00,11415,11415,11415,11415,0,2025-11-18 13:00:00,0,0,1763442000000,1763445600000,90221.33000000,85000,0.02762557,0.04908676,0.07671233
2025-11-18 13:00:00,11415,11415,11415,11415,0,2025-11-18 14:00:00,0,0,1763445600000,1763449200000,89651.30000000,85000,0.02751142,0.04920091,0.07671233
2025-11-18 14:00:00,11415,11415,11415,11415,0,2025-11-18 15:00:00,0,0,1763449200000,1763452800000,90512.10000000,85000,0.02739726,0.04931507,0.07671233
2025-11-18 15:00:00,11415,11415,11415,11415,0,2025-11-18 16:00:00,0,0,1763452800000,1763456400000,91220.00000000,85000,0.02728311,0.04942922,0.07671233
2025-11-18 16:00:00,11415,11415,11415,11415,0,2025-11-18 17:00:00,0,0,1763456400000,1763460000000,91400.01000000,85000,0.02716895,0.04954338,0.07671233
2025-11-18 17:00:00,11415,11415,11415,11415,0,2025-11-18 18:00:00,0,0,1763460000000,1763463600000,91585.02000000,85000,0.02705479,0.04965753,0.07671233
2025-11-18 18:00:00,11415,11415,11415,11415,0,2025-11-18 19:00:00,0,0,1763463600000,1763467200000,91517.82000000,85000,0.02694064,0.04977169,0.07671233
2025-11-18 19:00:00,11415,11415,11415,11415,0,2025-11-18 20:00:00,0,0,1763467200000,1763470800000,91518.54000000,85000,0.02682648,0.04988584,0.07671233
2025-11-18 20:00:00,11415,11415,11415,11415,0,2025-11-18 21:00:00,0,0,1763470800000,1763474400000,91476.56000000,85000,0.02671233,0.05000000,0.07671233
2025-11-18 21:00:00,11415,11415,11415,11415,0,2025-11-18 22:00:00,0,0,1763474400000,1763478000000,91359.29000000,85000,0.02659817,0.05011416,0.07671233
2025-11-18 22:00:00,11415,11415,11415,11415,0,2025-11-18 23:00:00,0,0,1763478000000,1763481600000,92910.10000000,85000,0.02648402,0.05022831,0.07671233
2025-11-18 23:00:00,11415,11415,11415,11415,0,2025-11-19 00:00:00,0,0,1763481600000,1763485200000,93499.16000000,85000,0.02636986,0.05034247,0.07671233
2025-11-19 00:00:00,11415,11415,11415,11415,0,2025-11-19 01:00:00,0,0,1763485200000,1763488800000,93256.92000000,85000,0.02625571,0.05045662,0.07671233
2025-11-19 01:00:00,11415,11415,11415,11415,0,2025-11-19 02:00:00,0,0,1763488800000,1763492400000,93331.08000000,85000,0.02614155,0.05057078,0.07671233
2025-11-19 02:00:00,11415,11415,11415,11415,0,2025-11-19 03:00:00,0,0,1763492400000,1763496000000,93195.61000000,85000,0.02602740,0.05068493,0.07671233
2025-11-19 03:00:00,11415,11415,11415,11415,0,2025-11-19 04:00:00,0,0,1763496000000,1763499600000,92783.36000000,85000,0.02591324,0.05079909,0.07671233
2025-11-19 04:00:00,11415,11415,11415,11415,0,2025-11-19 05:00:00,0,0,1763499600000,1763503200000,92491.59000000,85000,0.02579909,0.05091324,0.07671233
2025-11-19 05:00:00,11415,11415,11415,11415,0,2025-11-19 06:00:00,0,0,1763503200000,1763506800000,93160.00000000,85000,0.02568493,0.05102740,0.07671233
2025-11-19 06:00:00,11415,11415,11415,11415,0,2025-11-19 07:00:00,0,0,1763506800000,1763510400000,92960.83000000,85000,0.02557078,0.05114155,0.07671233
2025-11-19 07:00:00,11415,11415,11415,11415,0,2025-11-19 08:00:00,0,0,1763510400000,1763514000000,92416.51000000,85000,0.02545662,0.05125571,0.07671233
2025-11-19 08:00:00,11415,11415,11415,11415,0,2025-11-19 09:00:00,0,0,1763514000000,1763517600000,92439.99000000,85000,0.02534247,0.05136986,0.07671233
2025-11-19 09:00:00,11415,11415,11415,11415,0,2025-11-19 10:00:00,0,0,1763517600000,1763521200000,92569.12000000,85000,0.02522831,0.05148402,0.07671233
2025-11-19 10:00:00,11415,11415,11415,11415,0,2025-11-19 11:00:00,0,0,1763521200000,1763524800000,91874.52000000,85000,0.02511416,0.05159817,0.07671233
2025-11-19 11:00:00,11415,11415,11415,11415,0,2025-11-19 12:00:00,0,0,1763524800000,1763528400000,91163.20000000,85000,0.02500000,0.05171233,0.07671233
2025-11-19 12:00:00,11415,11415,11415,11415,0,2025-11-19 13:00:00,0,0,1763528400000,1763532000000,90459.99000000,85000,0.02488584,0.05182648,0.07671233
2025-11-19 13:00:00,11415,11415,11415,11415,0,2025-11-19 14:00:00,0,0,1763532000000,1763535600000,90990.87000000,85000,0.02477169,0.05194064,0.07671233
2025-11-19 14:00:00,11415,11415,11415,11415,0,2025-11-19 15:00:00,0,0,1763535600000,1763539200000,91863.64000000,85000,0.02465753,0.05205479,0.07671233
2025-11-19 15:00:00,11415,11415,11415,11415,0,2025-11-19 16:00:00,0,0,1763539200000,1763542800000,91470.44000000,85000,0.02454338,0.05216895,0.07671233
2025-11-19 16:00:00,11415,11415,11415,11415,0,2025-11-19 17:00:00,0,0,1763542800000,1763546400000,91513.72000000,85000,0.02442922,0.05228311,0.07671233
2025-11-19 17:00:00,11415,11415,11415,11415,0,2025-11-19 18:00:00,0,0,1763546400000,1763550000000,91314.75000000,85000,0.02431507,0.05239726,0.07671233
2025-11-19 18:00:00,11415,11415,11415,11415,0,2025-11-19 19:00:00,0,0,1763550000000,1763553600000,91410.22000000,85000,0.02420091,0.05251142,0.07671233
2025-11-19 19:00:00,11415,11415,11415,11415,0,2025-11-19 20:00:00,0,0,1763553600000,1763557200000,91780.00000000,85000,0.02408676,0.05262557,0.07671233
2025-11-19 20:00:00,11415,11415,11415,11415,0,2025-11-19 21:00:00,0,0,1763557200000,1763560800000,91405.02000000,85000,0.02397260,0.05273973,0.07671233
2025-11-19 21:00:00,11415,11415,11415,11415,0,2025-11-19 22:00:00,0,0,1763560800000,1763564400000,91713.44000000,85000,0.02385845,0.05285388,0.07671233
2025-11-19 22:00:00,11415,11415,11415,11415,0,2025-11-19 23:00:00,0,0,1763564400000,1763568000000,89951.70000000,85000,0.02374429,0.05296804,0.07671233
2025-11-19 23:00:00,11415,11415,11415,11415,0,2025-11-20 00:00:00,0,0,1763568000000,1763571600000,89905.78000000,85000,0.02363014,0.05308219,0.07671233
2025-11-20 00:00:00,11415,11415,11415,11415,0,2025-11-20 01:00:00,0,0,1763571600000,1763575200000,89500.01000000,85000,0.02351598,0.05319635,0.07671233
2025-11-20 01:00:00,11415,11415,11415,11415,0,2025-11-20 02:00:00,0,0,1763575200000,1763578800000,89237.83000000,85000,0.02340183,0.05331050,0.07671233
2025-11-20 02:00:00,11415,11415,11415,11415,0,2025-11-20 03:00:00,0,0,1763578800000,1763582400000,88884.56000000,85000,0.02328767,0.05342466,0.07671233
2025-11-20 03:00:00,11415,11415,11415,11415,0,2025-11-20 04:00:00,0,0,1763582400000,1763586000000,89516.91000000,85000,0.02317352,0.05353881,0.07671233
2025-11-20 04:00:00,11415,11415,11415,11415,0,2025-11-20 05:00:00,0,0,1763586000000,1763589600000,90600.68000000,85000,0.02305936,0.05365297,0.07671233
2025-11-20 05:00:00,11415,11415,11415,11415,0,2025-11-20 06:00:00,0,0,1763589600000,1763593200000,90480.56000000,85000,0.02294521,0.05376712,0.07671233
2025-11-20 06:00:00,11415,11415,11415,11415,0,2025-11-20 07:00:00,0,0,1763593200000,1763596800000,91554.96000000,85000,0.02283105,0.05388128,0.07671233
2025-11-20 07:00:00,11415,11415,11415,11415,0,2025-11-20 08:00:00,0,0,1763596800000,1763600400000,91891.32000000,85000,0.02271689,0.05399543,0.07671233
2025-11-20 08:00:00,11415,11415,11415,11415,0,2025-11-20 09:00:00,0,0,1763600400000,1763604000000,92590.13000000,85000,0.02260274,0.05410959,0.07671233
2025-11-20 09:00:00,11415,11415,11415,11415,0,2025-11-20 10:00:00,0,0,1763604000000,1763607600000,92592.84000000,85000,0.02248858,0.05422374,0.07671233
2025-11-20 10:00:00,11415,11415,11415,11415,0,2025-11-20 11:00:00,0,0,1763607600000,1763611200000,92440.32000000,85000,0.02237443,0.05433790,0.07671233
2025-11-20 11:00:00,11415,11415,11415,11415,0,2025-11-20 12:00:00,0,0,1763611200000,1763614800000,92962.83000000,85000,0.02226027,0.05445205,0.07671233
2025-11-20 12:00:00,11415,11415,11415,11415,0,2025-11-20 13:00:00,0,0,1763614800000,1763618400000,92616.20000000,85000,0.02214612,0.05456621,0.07671233
2025-11-20 13:00:00,11415,11415,11415,11415,0,2025-11-20 14:00:00,0,0,1763618400000,1763622000000,91974.70000000,85000,0.02203196,0.05468037,0.07671233
2025-11-20 14:00:00,11415,11415,11415,11415,0,2025-11-20 15:00:00,0,0,1763622000000,1763625600000,92320.18000000,85000,0.02191781,0.05479452,0.07671233
2025-11-20 15:00:00,11415,11415,11415,11415,0,2025-11-20 16:00:00,0,0,1763625600000,1763629200000,92128.22000000,85000,0.02180365,0.05490868,0.07671233
2025-11-20 16:00:00,11415,11415,11415,11415,0,2025-11-20 17:00:00,0,0,1763629200000,1763632800000,91950.00000000,85000,0.02168950,0.05502283,0.07671233
2025-11-20 17:00:00,11415,11415,11415,11415,0,2025-11-20 18:00:00,0,0,1763632800000,1763636400000,91801.39000000,85000,0.02157534,0.05513699,0.07671233
2025-11-20 18:00:00,11415,11415,11415,11415,0,2025-11-20 19:00:00,0,0,1763636400000,1763640000000,91934.00000000,85000,0.02146119,0.05525114,0.07671233
2025-11-20 19:00:00,11415,11415,11415,11415,0,2025-11-20 20:00:00,0,0,1763640000000,1763643600000,91839.25000000,85000,0.02134703,0.05536530,0.07671233
2025-11-20 20:00:00,11415,11415,11415,11415,0,2025-11-20 21:00:00,0,0,1763643600000,1763647200000,91529.36000000,85000,0.02123288,0.05547945,0.07671233
2025-11-20 21:00:00,11415,11415,11415,11415,0,2025-11-20 22:00:00,0,0,1763647200000,1763650800000,91103.19000000,85000,0.02111872,0.05559361,0.07671233
2025-11-20 22:00:00,11415,11415,11415,11415,0,2025-11-20 23:00:00,0,0,1763650800000,1763654400000,89869.88000000,85000,0.02100457,0.05570776,0.07671233
2025-11-20 23:00:00,11415,11415,11415,11415,0,2025-11-21 00:00:00,0,0,1763654400000,1763658000000,87878.10000000,85000,0.02089041,0.05582192,0.07671233
2025-11-21 00:00:00,4190,4190,4030,4125,0.23,2025-11-21 01:00:00,932.3,3,1763658000000,1763661600000,87233.81000000,85000,0.02077626,0.05593607,0.07671233
2025-11-21 01:00:00,4130,4130,4130,4130,0.97,2025-11-21 02:00:00,4006.1,1,1763661600000,1763665200000,86486.27000000,85000,0.02066210,0.05605023,0.07671233
2025-11-21 02:00:00,3625,3760,3535,3760,3.3,2025-11-21 03:00:00,12207.4,5,1763665200000,1763668800000,86921.28000000,85000,0.02054795,0.05616438,0.07671233
2025-11-21 03:00:00,3820,3970,3820,3970,1.99,2025-11-21 04:00:00,7898.8,3,1763668800000,1763672400000,86462.97000000,85000,0.02043379,0.05627854,0.07671233
2025-11-21 04:00:00,4045,4045,4045,4045,1.08,2025-11-21 05:00:00,4368.6,1,1763672400000,1763676000000,87282.60000000,85000,0.02031963,0.05639269,0.07671233
2025-11-21 05:00:00,4045,4045,4045,4045,0,2025-11-21 06:00:00,0,0,1763676000000,1763679600000,88065.97000000,85000,0.02020548,0.05650685,0.07671233
2025-11-21 06:00:00,3970,3970,3885,3885,2.18,2025-11-21 07:00:00,8484.6,6,1763679600000,1763683200000,86637.23000000,85000,0.02009132,0.05662100,0.07671233
2025-11-21 07:00:00,3885,3885,3885,3885,0,2025-11-21 08:00:00,0,0,1763683200000,1763686800000,87285.24000000,85000,0.01997717,0.05673516,0.07671233
2025-11-21 08:00:00,3950,3950,3950,3950,2,2025-11-21 09:00:00,7900,1,1763686800000,1763690400000,87049.86000000,85000,0.01986301,0.05684932,0.07671233
2025-11-21 09:00:00,3785,3785,3300,3390,7.54,2025-11-21 10:00:00,25754.25,7,1763690400000,1763694000000,85444.93000000,85000,0.01974886,0.05696347,0.07671233
2025-11-21 10:00:00,3170,3330,3170,3280,4.01,2025-11-21 11:00:00,13251.7,6,1763694000000,1763697600000,85821.34000000,85000,0.01963470,0.05707763,0.07671233
2025-11-21 11:00:00,3165,3165,3085,3085,3.03,2025-11-21 12:00:00,9582.55,6,1763697600000,1763701200000,86053.09000000,85000,0.01952055,0.05719178,0.07671233
2025-11-21 12:00:00,3345,3365,3325,3325,5.91,2025-11-21 13:00:00,19765.35,9,1763701200000,1763704800000,86195.08000000,85000,0.01940639,0.05730594,0.07671233
2025-11-21 13:00:00,3085,3085,3085,3085,0.01,2025-11-21 14:00:00,30.85,1,1763704800000,1763708400000,85581.30000000,85000,0.01929224,0.05742009,0.07671233
2025-11-21 14:00:00,2875,2875,2300,2400,4.97,2025-11-21 15:00:00,12716.45,6,1763708400000,1763712000000,84049.39000000,85000,0.01917808,0.05753425,0.07671233
2025-11-21 15:00:00,2505,2505,2120,2120,3.74,2025-11-21 16:00:00,8193.8,7,1763712000000,1763715600000,83643.45000000,85000,0.01906393,0.05764840,0.07671233
2025-11-21 16:00:00,1805,1805,1805,1805,0.01,2025-11-21 17:00:00,18.05,1,1763715600000,1763719200000,82207.84000000,85000,0.01894977,0.05776256,0.07671233
2025-11-21 17:00:00,1745,1745,1720,1720,0.3,2025-11-21 18:00:00,519.05,3,1763719200000,1763722800000,82703.61000000,85000,0.01883562,0.05787671,0.07671233
2025-11-21 18:00:00,2035,2070,1760,1775,2.05,2025-11-21 19:00:00,4164.75,6,1763722800000,1763726400000,82309.66000000,85000,0.01872146,0.05799087,0.07671233
2025-11-21 19:00:00,1500,2255,1430,2255,3.33,2025-11-21 20:00:00,7323.7,5,1763726400000,1763730000000,83285.35000000,85000,0.01860731,0.05810502,0.07671233
2025-11-21 20:00:00,2525,2525,2300,2300,0.12,2025-11-21 21:00:00,280.5,2,1763730000000,1763733600000,84115.28000000,85000,0.01849315,0.05821918,0.07671233
2025-11-21 21:00:00,2340,3100,2340,3100,2.81,2025-11-21 22:00:00,6732.25,5,1763733600000,1763737200000,84850.00000000,85000,0.01837900,0.05833333,0.07671233
2025-11-21 22:00:00,2640,2640,2090,2090,5.97,2025-11-21 23:00:00,14636,5,1763737200000,1763740800000,82932.47000000,85000,0.01826484,0.05844749,0.07671233
2025-11-21 23:00:00,1935,2055,1880,2055,2.1,2025-11-22 00:00:00,4067.15,3,1763740800000,1763744400000,84919.59000000,85000,0.01815068,0.05856164,0.07671233
2025-11-22 00:00:00,2825,3100,2825,2930,4.78,2025-11-22 01:00:00,14314.8,6,1763744400000,1763748000000,84877.07000000,85000,0.01803653,0.05867580,0.07671233
2025-11-22 01:00:00,2930,2930,2930,2930,0,2025-11-22 02:00:00,0,0,1763748000000,1763751600000,84577.11000000,85000,0.01792237,0.05878995,0.07671233
2025-11-22 02:00:00,2595,2635,2595,2635,5.31,2025-11-22 03:00:00,13859.45,4,1763751600000,1763755200000,84209.30000000,85000,0.01780822,0.05890411,0.07671233
2025-11-22 03:00:00,2635,2635,2635,2635,0,2025-11-22 04:00:00,0,0,1763755200000,1763758800000,84571.20000000,85000,0.01769406,0.05901826,0.07671233
2025-11-22 04:00:00,2445,2445,2445,2445,0.01,2025-11-22 05:00:00,24.45,1,1763758800000,1763762400000,85182.14000000,85000,0.01757991,0.05913242,0.07671233
2025-11-22 05:00:00,2445,2445,2445,2445,0,2025-11-22 06:00:00,0,0,1763762400000,1763766000000,84284.42000000,85000,0.01746575,0.05924658,0.07671233
2025-11-22 06:00:00,2445,2445,2445,2445,0,2025-11-22 07:00:00,0,0,1763766000000,1763769600000,85129.43000000,85000,0.01735160,0.05936073,0.07671233
2025-11-22 07:00:00,2680,2680,2425,2425,0.42,2025-11-22 08:00:00,1116.1,5,1763769600000,1763773200000,84739.93000000,85000,0.01723744,0.05947489,0.07671233
2025-11-22 08:00:00,2435,2570,2435,2570,1.59,2025-11-22 09:00:00,4074.15,2,1763773200000,1763776800000,85174.28000000,85000,0.01712329,0.05958904,0.07671233
2025-11-22 09:00:00,2570,2570,2570,2570,0,2025-11-22 10:00:00,0,0,1763776800000,1763780400000,84528.99000000,85000,0.01700913,0.05970320,0.07671233
2025-11-22 10:00:00,2570,2570,2570,2570,0,2025-11-22 11:00:00,0,0,1763780400000,1763784000000,84440.47000000,85000,0.01689498,0.05981735,0.07671233
2025-11-22 11:00:00,2035,2035,2035,2035,1.21,2025-11-22 12:00:00,2462.35,1,1763784000000,1763787600000,84246.88000000,85000,0.01678082,0.05993151,0.07671233
2025-11-22 12:00:00,2035,2035,2035,2035,0,2025-11-22 13:00:00,0,0,1763787600000,1763791200000,84280.92000000,85000,0.01666667,0.06004566,0.07671233
2025-11-22 13:00:00,2325,2325,2325,2325,4.11,2025-11-22 14:00:00,9555.75,3,1763791200000,1763794800000,84636.00000000,85000,0.01655251,0.06015982,0.07671233
2025-11-22 14:00:00,2325,2325,2325,2325,0,2025-11-22 15:00:00,0,0,1763794800000,1763798400000,84580.06000000,85000,0.01643836,0.06027397,0.07671233
2025-11-22 15:00:00,2140,2140,2140,2140,0.14,2025-11-22 16:00:00,299.6,1,1763798400000,1763802000000,84016.77000000,85000,0.01632420,0.06038813,0.07671233
2025-11-22 16:00:00,1925,1925,1925,1925,0.05,2025-11-22 17:00:00,96.25,1,1763802000000,1763805600000,83929.52000000,85000,0.01621005,0.06050228,0.07671233
2025-11-22 17:00:00,1825,1825,1825,1825,3,2025-11-22 18:00:00,5475,2,1763805600000,1763809200000,83693.25000000,85000,0.01609589,0.06061644,0.07671233
2025-11-22 18:00:00,1825,1825,1825,1825,0,2025-11-22 19:00:00,0,0,1763809200000,1763812800000,84098.94000000,85000,0.01598174,0.06073059,0.07671233
2025-11-22 19:00:00,1825,1825,1825,1825,0,2025-11-22 20:00:00,0,0,1763812800000,1763816400000,83884.00000000,85000,0.01586758,0.06084475,0.07671233
2025-11-22 20:00:00,1825,1825,1825,1825,0,2025-11-22 21:00:00,0,0,1763816400000,1763820000000,83947.89000000,85000,0.01575342,0.06095890,0.07671233
2025-11-22 21:00:00,1930,1940,1930,1940,0.02,2025-11-22 22:00:00,38.7,2,1763820000000,1763823600000,84494.40000000,85000,0.01563927,0.06107306,0.07671233
2025-11-22 22:00:00,1940,1940,1940,1940,0,2025-11-22 23:00:00,0,0,1763823600000,1763827200000,84284.01000000,85000,0.01552511,0.06118721,0.07671233
2025-11-22 23:00:00,1940,1940,1940,1940,0,2025-11-23 00:00:00,0,0,1763827200000,1763830800000,84694.66000000,85000,0.01541096,0.06130137,0.07671233
2025-11-23 00:00:00,1940,1940,1940,1940,0,2025-11-23 01:00:00,0,0,1763830800000,1763834400000,84554.20000000,85000,0.01529680,0.06141553,0.07671233
2025-11-23 01:00:00,1940,1940,1940,1940,0,2025-11-23 02:00:00,0,0,1763834400000,1763838000000,84659.79000000,85000,0.01518265,0.06152968,0.07671233
2025-11-23 02:00:00,1940,1940,1940,1940,0,2025-11-23 03:00:00,0,0,1763838000000,1763841600000,84609.76000000,85000,0.01506849,0.06164384,0.07671233
2025-11-23 03:00:00,1940,1940,1940,1940,0,2025-11-23 04:00:00,0,0,1763841600000,1763845200000,84474.41000000,85000,0.01495434,0.06175799,0.07671233
2025-11-23 04:00:00,1940,1940,1940,1940,0,2025-11-23 05:00:00,0,0,1763845200000,1763848800000,84411.30000000,85000,0.01484018,0.06187215,0.07671233
2025-11-23 05:00:00,1940,1940,1940,1940,0,2025-11-23 06:00:00,0,0,1763848800000,1763852400000,85072.88000000,85000,0.01472603,0.06198630,0.07671233
2025-11-23 06:00:00,2230,2230,2230,2230,0.07,2025-11-23 07:00:00,156.1,2,1763852400000,1763856000000,84739.74000000,85000,0.01461187,0.06210046,0.07671233
2025-11-23 07:00:00,2300,2515,2300,2515,0.02,2025-11-23 08:00:00,48.15,2,1763856000000,1763859600000,84971.74000000,85000,0.01449772,0.06221461,0.07671233
2025-11-23 08:00:00,2665,2875,2665,2875,0.02,2025-11-23 09:00:00,55.4,2,1763859600000,1763863200000,85879.83000000,85000,0.01438356,0.06232877,0.07671233
2025-11-23 09:00:00,2985,3010,2985,3010,1.06,2025-11-23 10:00:00,3164.35,2,1763863200000,1763866800000,86000.34000000,85000,0.01426941,0.06244292,0.07671233
2025-11-23 10:00:00,2890,2955,2890,2955,1.01,2025-11-23 11:00:00,2983.9,2,1763866800000,1763870400000,86308.54000000,85000,0.01415525,0.06255708,0.07671233
2025-11-23 11:00:00,2955,2955,2955,2955,0,2025-11-23 12:00:00,0,0,1763870400000,1763874000000,86548.20000000,85000,0.01404110,0.06267123,0.07671233
2025-11-23 12:00:00,2955,2955,2955,2955,0,2025-11-23 13:00:00,0,0,1763874000000,1763877600000,86358.28000000,85000,0.01392694,0.06278539,0.07671233
2025-11-23 13:00:00,2955,2955,2955,2955,0,2025-11-23 14:00:00,0,0,1763877600000,1763881200000,85864.68000000,85000,0.01381279,0.06289954,0.07671233
2025-11-23 14:00:00,2955,2955,2955,2955,0,2025-11-23 15:00:00,0,0,1763881200000,1763884800000,85782.19000000,85000,0.01369863,0.06301370,0.07671233
2025-11-23 15:00:00,2955,2955,2955,2955,0,2025-11-23 16:00:00,0,0,1763884800000,1763888400000,86137.19000000,85000,0.01358447,0.06312785,0.07671233
2025-11-23 16:00:00,3265,3265,3265,3265,0.13,2025-11-23 17:00:00,424.45,1,1763888400000,1763892000000,86393.02000000,85000,0.01347032,0.06324201,0.07671233
2025-11-23 17:00:00,3180,3180,3180,3180,0.01,2025-11-23 18:00:00,31.8,1,1763892000000,1763895600000,86066.23000000,85000,0.01335616,0.06335616,0.07671233
2025-11-23 18:00:00,3180,3180,3180,3180,0,2025-11-23 19:00:00,0,0,1763895600000,1763899200000,86331.28000000,85000,0.01324201,0.06347032,0.07671233
2025-11-23 19:00:00,3495,3495,3330,3330,1.06,2025-11-23 20:00:00,3531.45,2,1763899200000,1763902800000,86530.04000000,85000,0.01312785,0.06358447,0.07671233
2025-11-23 20:00:00,3330,3330,3330,3330,0,2025-11-23 21:00:00,0,0,1763902800000,1763906400000,86928.31000000,85000,0.01301370,0.06369863,0.07671233
2025-11-23 21:00:00,3330,3330,3330,3330,0,2025-11-23 22:00:00,0,0,1763906400000,1763910000000,86547.40000000,85000,0.01289954,0.06381279,0.07671233
2025-11-23 22:00:00,3330,3330,3330,3330,0,2025-11-23 23:00:00,0,0,1763910000000,1763913600000,87087.44000000,85000,0.01278539,0.06392694,0.07671233
2025-11-23 23:00:00,3330,3330,3330,3330,0,2025-11-24 00:00:00,0,0,1763913600000,1763917200000,86685.60000000,85000,0.01267123,0.06404110,0.07671233
2025-11-24 00:00:00,3315,3315,3315,3315,1.56,2025-11-24 01:00:00,5171.4,1,1763917200000,1763920800000,86746.51000000,85000,0.01255708,0.06415525,0.07671233
2025-11-24 01:00:00,3315,3315,3315,3315,0,2025-11-24 02:00:00,0,0,1763920800000,1763924400000,86995.02000000,85000,0.01244292,0.06426941,0.07671233
2025-11-24 02:00:00,3315,3315,3315,3315,0,2025-11-24 03:00:00,0,0,1763924400000,1763928000000,87325.01000000,85000,0.01232877,0.06438356,0.07671233
2025-11-24 03:00:00,3315,3315,3315,3315,0,2025-11-24 04:00:00,0,0,1763928000000,1763931600000,87483.36000000,85000,0.01221461,0.06449772,0.07671233
2025-11-24 04:00:00,3315,3315,3315,3315,0,2025-11-24 05:00:00,0,0,1763931600000,1763935200000,87992.02000000,85000,0.01210046,0.06461187,0.07671233
2025-11-24 05:00:00,3315,3315,3315,3315,0,2025-11-24 06:00:00,0,0,1763935200000,1763938800000,88004.00000000,85000,0.01198630,0.06472603,0.07671233
2025-11-24 06:00:00,3315,3315,3315,3315,0,2025-11-24 07:00:00,0,0,1763938800000,1763942400000,86830.00000000,85000,0.01187215,0.06484018,0.07671233
2025-11-24 07:00:00,3000,3355,3000,3355,5.05,2025-11-24 08:00:00,15920.2,4,1763942400000,1763946000000,86740.64000000,85000,0.01175799,0.06495434,0.07671233
2025-11-24 08:00:00,3355,3355,3130,3210,6.51,2025-11-24 09:00:00,21001.05,7,1763946000000,1763949600000,87068.51000000,85000,0.01164384,0.06506849,0.07671233
2025-11-24 09:00:00,3210,3210,3210,3210,0,2025-11-24 10:00:00,0,0,1763949600000,1763953200000,87518.22000000,85000,0.01152968,0.06518265,0.07671233
2025-11-24 10:00:00,3210,3210,3210,3210,0,2025-11-24 11:00:00,0,0,1763953200000,1763956800000,87460.02000000,85000,0.01141553,0.06529680,0.07671233
2025-11-24 11:00:00,3015,3015,3015,3015,1.19,2025-11-24 12:00:00,3587.85,1,1763956800000,1763960400000,86738.37000000,85000,0.01130137,0.06541096,0.07671233
2025-11-24 12:00:00,3015,3015,3015,3015,0,2025-11-24 13:00:00,0,0,1763960400000,1763964000000,87468.29000000,85000,0.01118721,0.06552511,0.07671233
2025-11-24 13:00:00,3015,3015,3015,3015,0,2025-11-24 14:00:00,0,0,1763964000000,1763967600000,86910.78000000,85000,0.01107306,0.06563927,0.07671233
2025-11-24 14:00:00,3015,3015,3015,3015,0,2025-11-24 15:00:00,0,0,1763967600000,1763971200000,87050.39000000,85000,0.01095890,0.06575342,0.07671233
2025-11-24 15:00:00,3125,3125,3125,3125,0.2,2025-11-24 16:00:00,625,3,1763971200000,1763974800000,86961.51000000,85000,0.01084475,0.06586758,0.07671233
2025-11-24 16:00:00,2615,2615,2615,2615,0.01,2025-11-24 17:00:00,26.15,1,1763974800000,1763978400000,85944.91000000,85000,0.01073059,0.06598174,0.07671233
2025-11-24 17:00:00,2615,2615,2615,2615,0,2025-11-24 18:00:00,0,0,1763978400000,1763982000000,86049.74000000,85000,0.01061644,0.06609589,0.07671233
2025-11-24 18:00:00,2840,2840,2840,2840,0.02,2025-11-24 19:00:00,56.8,1,1763982000000,1763985600000,86264.72000000,85000,0.01050228,0.06621005,0.07671233
2025-11-24 19:00:00,2840,2840,2840,2840,0,2025-11-24 20:00:00,0,0,1763985600000,1763989200000,86003.00000000,85000,0.01038813,0.06632420,0.07671233
2025-11-24 20:00:00,2675,2700,2675,2700,0.91,2025-11-24 21:00:00,2447.75,2,1763989200000,1763992800000,86160.00000000,85000,0.01027397,0.06643836,0.07671233
2025-11-24 21:00:00,2660,2660,2525,2525,5,2025-11-24 22:00:00,13030,3,1763992800000,1763996400000,86171.14000000,85000,0.01015982,0.06655251,0.07671233
2025-11-24 22:00:00,2890,2890,2585,2815,5.02,2025-11-24 23:00:00,13591.95,5,1763996400000,1764000000000,86616.44000000,85000,0.01004566,0.06666667,0.07671233
2025-11-24 23:00:00,2815,2815,2815,2815,0,2025-11-25 00:00:00,0,0,1764000000000,1764003600000,87174.50000000,85000,0.00993151,0.06678082,0.07671233
2025-11-25 00:00:00,2815,2815,2815,2815,0,2025-11-25 01:00:00,0,0,1764003600000,1764007200000,88369.91000000,85000,0.00981735,0.06689498,0.07671233
2025-11-25 01:00:00,2815,2815,2815,2815,0,2025-11-25 02:00:00,0,0,1764007200000,1764010800000,88715.31000000,85000,0.00970320,0.06700913,0.07671233
2025-11-25 02:00:00,2815,2815,2815,2815,0,2025-11-25 03:00:00,0,0,1764010800000,1764014400000,88327.29000000,85000,0.00958904,0.06712329,0.07671233
2025-11-25 03:00:00,2815,2815,2815,2815,0,2025-11-25 04:00:00,0,0,1764014400000,1764018000000,89089.06000000,85000,0.00947489,0.06723744,0.07671233
2025-11-25 04:00:00,2815,2815,2815,2815,0,2025-11-25 05:00:00,0,0,1764018000000,1764021600000,88766.15000000,85000,0.00936073,0.06735160,0.07671233
2025-11-25 05:00:00,2815,2815,2815,2815,0,2025-11-25 06:00:00,0,0,1764021600000,1764025200000,88636.54000000,85000,0.00924658,0.06746575,0.07671233
2025-11-25 06:00:00,2815,2815,2815,2815,0,2025-11-25 07:00:00,0,0,1764025200000,1764028800000,88300.01000000,85000,0.00913242,0.06757991,0.07671233
2025-11-25 07:00:00,3800,3800,3800,3800,0.09,2025-11-25 08:00:00,342,1,1764028800000,1764032400000,88100.00000000,85000,0.00901826,0.06769406,0.07671233
2025-11-25 08:00:00,3800,3800,3800,3800,0,2025-11-25 09:00:00,0,0,1764032400000,1764036000000,87732.83000000,85000,0.00890411,0.06780822,0.07671233
2025-11-25 09:00:00,3800,3800,3800,3800,0,2025-11-25 10:00:00,0,0,1764036000000,1764039600000,87909.40000000,85000,0.00878995,0.06792237,0.07671233
2025-11-25 10:00:00,3800,3800,3800,3800,0,2025-11-25 11:00:00,0,0,1764039600000,1764043200000,87822.12000000,85000,0.00867580,0.06803653,0.07671233
2025-11-25 11:00:00,3800,3800,3800,3800,0,2025-11-25 12:00:00,0,0,1764043200000,1764046800000,88341.14000000,85000,0.00856164,0.06815068,0.07671233
2025-11-25 12:00:00,3800,3800,3800,3800,0,2025-11-25 13:00:00,0,0,1764046800000,1764050400000,88120.82000000,85000,0.00844749,0.06826484,0.07671233
2025-11-25 13:00:00,3800,3800,3800,3800,0,2025-11-25 14:00:00,0,0,1764050400000,1764054000000,88003.97000000,85000,0.00833333,0.06837900,0.07671233
2025-11-25 14:00:00,3800,3800,3800,3800,0,2025-11-25 15:00:00,0,0,1764054000000,1764057600000,87384.81000000,85000,0.00821918,0.06849315,0.07671233
2025-11-25 15:00:00,3800,3800,3800,3800,0,2025-11-25 16:00:00,0,0,1764057600000,1764061200000,87009.82000000,85000,0.00810502,0.06860731,0.07671233
2025-11-25 16:00:00,3800,3800,3800,3800,0,2025-11-25 17:00:00,0,0,1764061200000,1764064800000,87231.76000000,85000,0.00799087,0.06872146,0.07671233
2025-11-25 17:00:00,3800,3800,3800,3800,0,2025-11-25 18:00:00,0,0,1764064800000,1764068400000,87411.01000000,85000,0.00787671,0.06883562,0.07671233
2025-11-25 18:00:00,3800,3800,3800,3800,0,2025-11-25 19:00:00,0,0,1764068400000,1764072000000,87361.71000000,85000,0.00776256,0.06894977,0.07671233
2025-11-25 19:00:00,3800,3800,3800,3800,0,2025-11-25 20:00:00,0,0,1764072000000,1764075600000,87509.99000000,85000,0.00764840,0.06906393,0.07671233
2025-11-25 20:00:00,3800,3800,3800,3800,0,2025-11-25 21:00:00,0,0,1764075600000,1764079200000,87083.01000000,85000,0.00753425,0.06917808,0.07671233
2025-11-25 21:00:00,2495,2495,2265,2265,3.01,2025-11-25 22:00:00,6819.95,2,1764079200000,1764082800000,86741.55000000,85000,0.00742009,0.06929224,0.07671233
2025-11-25 22:00:00,2265,2265,2265,2265,0,2025-11-25 23:00:00,0,0,1764082800000,1764086400000,86988.94000000,85000,0.00730594,0.06940639,0.07671233
2025-11-25 23:00:00,2265,2265,2265,2265,0,2025-11-26 00:00:00,0,0,1764086400000,1764090000000,87121.31000000,85000,0.00719178,0.06952055,0.07671233
2025-11-26 00:00:00,3475,3475,3475,3475,0.01,2025-11-26 01:00:00,34.75,1,1764090000000,1764093600000,87625.89000000,85000,0.00707763,0.06963470,0.07671233
2025-11-26 01:00:00,3475,3475,3475,3475,0,2025-11-26 02:00:00,0,0,1764093600000,1764097200000,87239.29000000,85000,0.00696347,0.06974886,0.07671233
2025-11-26 02:00:00,3475,3475,3475,3475,0,2025-11-26 03:00:00,0,0,1764097200000,1764100800000,86882.85000000,85000,0.00684932,0.06986301,0.07671233
2025-11-26 03:00:00,3475,3475,3475,3475,0,2025-11-26 04:00:00,0,0,1764100800000,1764104400000,87382.70000000,85000,0.00673516,0.06997717,0.07671233
2025-11-26 04:00:00,3475,3475,3475,3475,0,2025-11-26 05:00:00,0,0,1764104400000,1764108000000,87032.37000000,85000,0.00662100,0.07009132,0.07671233
2025-11-26 05:00:00,3475,3475,3475,3475,0,2025-11-26 06:00:00,0,0,1764108000000,1764111600000,87642.41000000,85000,0.00650685,0.07020548,0.07671233
2025-11-26 06:00:00,3475,3475,3475,3475,0,2025-11-26 07:00:00,0,0,1764111600000,1764115200000,87369.96000000,85000,0.00639269,0.07031963,0.07671233
2025-11-26 07:00:00,3475,3475,3475,3475,0,2025-11-26 08:00:00,0,0,1764115200000,1764118800000,87573.51000000,85000,0.00627854,0.07043379,0.07671233
2025-11-26 08:00:00,3475,3475,3475,3475,0,2025-11-26 09:00:00,0,0,1764118800000,1764122400000,87921.94000000,85000,0.00616438,0.07054795,0.07671233
2025-11-26 09:00:00,3475,3475,3475,3475,0,2025-11-26 10:00:00,0,0,1764122400000,1764126000000,87711.82000000,85000,0.00605023,0.07066210,0.07671233
2025-11-26 10:00:00,3475,3475,3475,3475,0,2025-11-26 11:00:00,0,0,1764126000000,1764129600000,87119.92000000,85000,0.00593607,0.07077626,0.07671233
2025-11-26 11:00:00,3475,3475,3475,3475,0,2025-11-26 12:00:00,0,0,1764129600000,1764133200000,87230.23000000,85000,0.00582192,0.07089041,0.07671233
2025-11-26 12:00:00,3475,3475,3475,3475,0,2025-11-26 13:00:00,0,0,1764133200000,1764136800000,87519.53000000,85000,0.00570776,0.07100457,0.07671233
2025-11-26 13:00:00,3475,3475,3475,3475,0,2025-11-26 14:00:00,0,0,1764136800000,1764140400000,87794.00000000,85000,0.00559361,0.07111872,0.07671233
2025-11-26 14:00:00,3475,3475,3475,3475,0,2025-11-26 15:00:00,0,0,1764140400000,1764144000000,87935.05000000,85000,0.00547945,0.07123288,0.07671233
2025-11-26 15:00:00,3475,3475,3475,3475,0,2025-11-26 16:00:00,0,0,1764144000000,1764147600000,87424.80000000,85000,0.00536530,0.07134703,0.07671233
2025-11-26 16:00:00,3475,3475,3475,3475,0,2025-11-26 17:00:00,0,0,1764147600000,1764151200000,86825.27000000,85000,0.00525114,0.07146119,0.07671233
2025-11-26 17:00:00,3475,3475,3475,3475,0,2025-11-26 18:00:00,0,0,1764151200000,1764154800000,86955.17000000,85000,0.00513699,0.07157534,0.07671233
2025-11-26 18:00:00,3475,3475,3475,3475,0,2025-11-26 19:00:00,0,0,1764154800000,1764158400000,87095.79000000,85000,0.00502283,0.07168950,0.07671233
2025-11-26 19:00:00,3475,3475,3475,3475,0,2025-11-26 20:00:00,0,0,1764158400000,1764162000000,86643.08000000,85000,0.00490868,0.07180365,0.07671233
2025-11-26 20:00:00,2320,2320,2320,2320,0.01,2025-11-26 21:00:00,23.2,1,1764162000000,1764165600000,87128.51000000,85000,0.00479452,0.07191781,0.07671233
2025-11-26 21:00:00,2895,2895,2895,2895,0.01,2025-11-26 22:00:00,28.95,1,1764165600000,1764169200000,86899.73000000,85000,0.00468037,0.07203196,0.07671233
2025-11-26 22:00:00,2895,2895,2895,2895,0,2025-11-26 23:00:00,0,0,1764169200000,1764172800000,86978.00000000,85000,0.00456621,0.07214612,0.07671233
2025-11-26 23:00:00,2895,2895,2895,2895,0,2025-11-27 00:00:00,0,0,1764172800000,1764176400000,87820.01000000,85000,0.00445205,0.07226027,0.07671233
2025-11-27 00:00:00,2895,2895,2895,2895,0,2025-11-27 01:00:00,0,0,1764176400000,1764180000000,89830.79000000,85000,0.00433790,0.07237443,0.07671233
2025-11-27 01:00:00,2895,2895,2895,2895,0,2025-11-27 02:00:00,0,0,1764180000000,1764183600000,90145.69000000,85000,0.00422374,0.07248858,0.07671233
2025-11-27 02:00:00,2895,2895,2895,2895,0,2025-11-27 03:00:00,0,0,1764183600000,1764187200000,89957.36000000,85000,0.00410959,0.07260274,0.07671233
2025-11-27 03:00:00,2895,2895,2895,2895,0,2025-11-27 04:00:00,0,0,1764187200000,1764190800000,89866.82000000,85000,0.00399543,0.07271689,0.07671233
2025-11-27 04:00:00,2895,2895,2895,2895,0,2025-11-27 05:00:00,0,0,1764190800000,1764194400000,90195.99000000,85000,0.00388128,0.07283105,0.07671233
2025-11-27 05:00:00,2895,2895,2895,2895,0,2025-11-27 06:00:00,0,0,1764194400000,1764198000000,90386.57000000,85000,0.00376712,0.07294521,0.07671233
2025-11-27 06:00:00,2895,2895,2895,2895,0,2025-11-27 07:00:00,0,0,1764198000000,1764201600000,90484.02000000,85000,0.00365297,0.07305936,0.07671233
2025-11-27 07:00:00,2895,2895,2895,2895,0,2025-11-27 08:00:00,0,0,1764201600000,1764205200000,90485.85000000,85000,0.00353881,0.07317352,0.07671233
2025-11-27 08:00:00,2895,2895,2895,2895,0,2025-11-27 09:00:00,0,0,1764205200000,1764208800000,91145.78000000,85000,0.00342466,0.07328767,0.07671233
2025-11-27 09:00:00,2895,2895,2895,2895,0,2025-11-27 10:00:00,0,0,1764208800000,1764212400000,91389.21000000,85000,0.00331050,0.07340183,0.07671233
2025-11-27 10:00:00,2895,2895,2895,2895,0,2025-11-27 11:00:00,0,0,1764212400000,1764216000000,91091.68000000,85000,0.00319635,0.07351598,0.07671233
2025-11-27 11:00:00,2895,2895,2895,2895,0,2025-11-27 12:00:00,0,0,1764216000000,1764219600000,91277.06000000,85000,0.00308219,0.07363014,0.07671233
2025-11-27 12:00:00,2895,2895,2895,2895,0,2025-11-27 13:00:00,0,0,1764219600000,1764223200000,90967.54000000,85000,0.00296804,0.07374429,0.07671233
2025-11-27 13:00:00,2895,2895,2895,2895,0,2025-11-27 14:00:00,0,0,1764223200000,1764226800000,91244.58000000,85000,0.00285388,0.07385845,0.07671233
2025-11-27 14:00:00,2895,2895,2895,2895,0,2025-11-27 15:00:00,0,0,1764226800000,1764230400000,91408.34000000,85000,0.00273973,0.07397260,0.07671233
2025-11-27 15:00:00,2895,2895,2895,2895,0,2025-11-27 16:00:00,0,0,1764230400000,1764234000000,91492.02000000,85000,0.00262557,0.07408676,0.07671233
2025-11-27 16:00:00,2895,2895,2895,2895,0,2025-11-27 17:00:00,0,0,1764234000000,1764237600000,91561.67000000,85000,0.00251142,0.07420091,0.07671233
2025-11-27 17:00:00,2895,2895,2895,2895,0,2025-11-27 18:00:00,0,0,1764237600000,1764241200000,91613.51000000,85000,0.00239726,0.07431507,0.07671233
2025-11-27 18:00:00,2895,2895,2895,2895,0,2025-11-27 19:00:00,0,0,1764241200000,1764244800000,91371.88000000,85000,0.00228311,0.07442922,0.07671233
2025-11-27 19:00:00,2895,2895,2895,2895,0,2025-11-27 20:00:00,0,0,1764244800000,1764248400000,90986.56000000,85000,0.00216895,0.07454338,0.07671233
2025-11-27 20:00:00,2895,2895,2895,2895,0,2025-11-27 21:00:00,0,0,1764248400000,1764252000000,90852.78000000,85000,0.00205479,0.07465753,0.07671233
2025-11-27 21:00:00,2895,2895,2895,2895,0,2025-11-27 22:00:00,0,0,1764252000000,1764255600000,90789.68000000,85000,0.00194064,0.07477169,0.07671233
2025-11-27 22:00:00,2895,2895,2895,2895,0,2025-11-27 23:00:00,0,0,1764255600000,1764259200000,90958.30000000,85000,0.00182648,0.07488584,0.07671233
2025-11-27 23:00:00,2895,2895,2895,2895,0,2025-11-28 00:00:00,0,0,1764259200000,1764262800000,91467.13000000,85000,0.00171233,0.07500000,0.07671233
2025-11-28 00:00:00,2895,2895,2895,2895,0,2025-11-28 01:00:00,0,0,1764262800000,1764266400000,91479.30000000,85000,0.00159817,0.07511416,0.07671233
2025-11-28 01:00:00,2895,2895,2895,2895,0,2025-11-28 02:00:00,0,0,1764266400000,1764270000000,91791.99000000,85000,0.00148402,0.07522831,0.07671233
2025-11-28 02:00:00,2895,2895,2895,2895,0,2025-11-28 03:00:00,0,0,1764270000000,1764273600000,91528.21000000,85000,0.00136986,0.07534247,0.07671233
2025-11-28 03:00:00,2895,2895,2895,2895,0,2025-11-28 04:00:00,0,0,1764273600000,1764277200000,91433.17000000,85000,0.00125571,0.07545662,0.07671233
2025-11-28 04:00:00,2895,2895,2895,2895,0,2025-11-28 05:00:00,0,0,1764277200000,1764280800000,91416.99000000,85000,0.00114155,0.07557078,0.07671233
2025-11-28 05:00:00,2895,2895,2895,2895,0,2025-11-28 06:00:00,0,0,1764280800000,1764284400000,91317.65000000,85000,0.00102740,0.07568493,0.07671233
2025-11-28 06:00:00,2895,2895,2895,2895,0,2025-11-28 07:00:00,0,0,1764284400000,1764288000000,91333.95000000,85000,0.00091324,0.07579909,0.07671233
2025-11-28 07:00:00,2895,2895,2895,2895,0,2025-11-28 08:00:00,0,0,1764288000000,1764291600000,91207.34000000,85000,0.00079909,0.07591324,0.07671233
2025-11-28 08:00:00,2895,2895,2895,2895,0,2025-11-28 09:00:00,0,0,1764291600000,1764295200000,90804.56000000,85000,0.00068493,0.07602740,0.07671233
2025-11-28 09:00:00,2895,2895,2895,2895,0,2025-11-28 10:00:00,0,0,1764295200000,1764298800000,91083.08000000,85000,0.00057078,0.07614155,0.07671233
2025-11-28 10:00:00,2895,2895,2895,2895,0,2025-11-28 11:00:00,0,0,1764298800000,1764302400000,91208.85000000,85000,0.00045662,0.07625571,0.07671233
2025-11-28 11:00:00,2895,2895,2895,2895,0,2025-11-28 12:00:00,0,0,1764302400000,1764306000000,91424.02000000,85000,0.00034247,0.07636986,0.07671233
2025-11-28 12:00:00,2895,2895,2895,2895,0,2025-11-28 13:00:00,0,0,1764306000000,1764309600000,91612.09000000,85000,0.00022831,0.07648402,0.07671233
2025-11-28 13:00:00,2895,2895,2895,2895,0,2025-11-28 14:00:00,0,0,1764309600000,1764313200000,91300.69000000,85000,0.00011416,0.07659817,0.07671233
2025-11-28 14:00:00,2895,2895,2895,2895,0,2025-11-28 15:00:00,0,0,1764313200000,1764316800000,90910.87000000,85000,0.00000000,0.07671233,0.07671233
2025-11-28 15:00:00,2895,2895,2895,2895,0,2025-11-28 16:00:00,0,0,1764316800000,1764320400000,91690.00000000,85000,-0.00011416,0.07682648,0.07671233
