open_time,open,high,low,close,volume,close_time,amount,trade_count,open_time_unix_ms,close_time_unix_ms,btc_close_price,strike_price_K,time_to_maturity_t2m,current_time_t,contract_duration_T
2025-10-26 09:00:00,15935,15935,15935,15935,0,2025-10-26 10:00:00,0,0,1761444000000,1761447600000,111448.85000000,100000,0.16769406,0.08162100,0.24931507
2025-10-26 10:00:00,15935,15935,15935,15935,0,2025-10-26 11:00:00,0,0,1761447600000,1761451200000,111260.46000000,100000,0.16757991,0.08173516,0.24931507
2025-10-26 11:00:00,15935,15935,15935,15935,0,2025-10-26 12:00:00,0,0,1761451200000,1761454800000,111430.40000000,100000,0.16746575,0.08184932,0.24931507
2025-10-26 12:00:00,15935,15935,15935,15935,0,2025-10-26 13:00:00,0,0,1761454800000,1761458400000,111615.32000000,100000,0.16735160,0.08196347,0.24931507
2025-10-26 13:00:00,15935,15935,15935,15935,0,2025-10-26 14:00:00,0,0,1761458400000,1761462000000,111635.95000000,100000,0.16723744,0.08207763,0.24931507
2025-10-26 14:00:00,15935,15935,15935,15935,0,2025-10-26 15:00:00,0,0,1761462000000,1761465600000,111723.98000000,100000,0.16712329,0.08219178,0.24931507
2025-10-26 15:00:00,15935,15935,15935,15935,0,2025-10-26 16:00:00,0,0,1761465600000,1761469200000,111776.94000000,100000,0.16700913,0.08230594,0.24931507
2025-10-26 16:00:00,15935,15935,15935,15935,0,2025-10-26 17:00:00,0,0,1761469200000,1761472800000,112528.83000000,100000,0.16689498,0.08242009,0.24931507
2025-10-26 17:00:00,15935,15935,15935,15935,0,2025-10-26 18:00:00,0,0,1761472800000,1761476400000,112477.10000000,100000,0.16678082,0.08253425,0.24931507
2025-10-26 18:00:00,15935,15935,15935,15935,0,2025-10-26 19:00:00,0,0,1761476400000,1761480000000,113286.09000000,100000,0.16666667,0.08264840,0.24931507
2025-10-26 19:00:00,15935,15935,15935,15935,0,2025-10-26 20:00:00,0,0,1761480000000,1761483600000,113575.05000000,100000,0.16655251,0.08276256,0.24931507
2025-10-26 20:00:00,15935,15935,15935,15935,0,2025-10-26 21:00:00,0,0,1761483600000,1761487200000,113711.53000000,100000,0.16643836,0.08287671,0.24931507
2025-10-26 21:00:00,15935,15935,15935,15935,0,2025-10-26 22:00:00,0,0,1761487200000,1761490800000,113575.36000000,100000,0.16632420,0.08299087,0.24931507
2025-10-26 22:00:00,15935,15935,15935,15935,0,2025-10-26 23:00:00,0,0,1761490800000,1761494400000,113694.97000000,100000,0.16621005,0.08310502,0.24931507
2025-10-26 23:00:00,15935,15935,15935,15935,0,2025-10-27 00:00:00,0,0,1761494400000,1761498000000,113517.53000000,100000,0.16609589,0.08321918,0.24931507
2025-10-27 00:00:00,15935,15935,15935,15935,0,2025-10-27 01:00:00,0,0,1761498000000,1761501600000,113442.13000000,100000,0.16598174,0.08333333,0.24931507
2025-10-27 01:00:00,15935,15935,15935,15935,0,2025-10-27 02:00:00,0,0,1761501600000,1761505200000,113575.15000000,100000,0.16586758,0.08344749,0.24931507
2025-10-27 02:00:00,15935,15935,15935,15935,0,2025-10-27 03:00:00,0,0,1761505200000,1761508800000,113585.99000000,100000,0.16575342,0.08356164,0.24931507
2025-10-27 03:00:00,15935,15935,15935,15935,0,2025-10-27 04:00:00,0,0,1761508800000,1761512400000,113320.80000000,100000,0.16563927,0.08367580,0.24931507
2025-10-27 04:00:00,15935,15935,15935,15935,0,2025-10-27 05:00:00,0,0,1761512400000,1761516000000,113497.06000000,100000,0.16552511,0.08378995,0.24931507
2025-10-27 05:00:00,15935,15935,15935,15935,0,2025-10-27 06:00:00,0,0,1761516000000,1761519600000,114681.33000000,100000,0.16541096,0.08390411,0.24931507
2025-10-27 06:00:00,15935,15935,15935,15935,0,2025-10-27 07:00:00,0,0,1761519600000,1761523200000,114559.40000000,100000,0.16529680,0.08401826,0.24931507
2025-10-27 07:00:00,15935,15935,15935,15935,0,2025-10-27 08:00:00,0,0,1761523200000,1761526800000,114767.29000000,100000,0.16518265,0.08413242,0.24931507
2025-10-27 08:00:00,15935,15935,15935,15935,0,2025-10-27 09:00:00,0,0,1761526800000,1761530400000,115284.01000000,100000,0.16506849,0.08424658,0.24931507
2025-10-27 09:00:00,15935,15935,15935,15935,0,2025-10-27 10:00:00,0,0,1761530400000,1761534000000,114883.39000000,100000,0.16495434,0.08436073,0.24931507
2025-10-27 10:00:00,15935,15935,15935,15935,0,2025-10-27 11:00:00,0,0,1761534000000,1761537600000,114958.51000000,100000,0.16484018,0.08447489,0.24931507
2025-10-27 11:00:00,15935,15935,15935,15935,0,2025-10-27 12:00:00,0,0,1761537600000,1761541200000,115256.44000000,100000,0.16472603,0.08458904,0.24931507
2025-10-27 12:00:00,15935,15935,15935,15935,0,2025-10-27 13:00:00,0,0,1761541200000,1761544800000,115556.57000000,100000,0.16461187,0.08470320,0.24931507
2025-10-27 13:00:00,15935,15935,15935,15935,0,2025-10-27 14:00:00,0,0,1761544800000,1761548400000,116053.49000000,100000,0.16449772,0.08481735,0.24931507
2025-10-27 14:00:00,15935,15935,15935,15935,0,2025-10-27 15:00:00,0,0,1761548400000,1761552000000,115554.60000000,100000,0.16438356,0.08493151,0.24931507
2025-10-27 15:00:00,15935,15935,15935,15935,0,2025-10-27 16:00:00,0,0,1761552000000,1761555600000,115014.88000000,100000,0.16426941,0.08504566,0.24931507
2025-10-27 16:00:00,15935,15935,15935,15935,0,2025-10-27 17:00:00,0,0,1761555600000,1761559200000,115254.01000000,100000,0.16415525,0.08515982,0.24931507
2025-10-27 17:00:00,18920,18920,18920,18920,0.01,2025-10-27 18:00:00,189.2,1,1761559200000,1761562800000,115447.94000000,100000,0.16404110,0.08527397,0.24931507
2025-10-27 18:00:00,18920,18920,18920,18920,0,2025-10-27 19:00:00,0,0,1761562800000,1761566400000,115362.02000000,100000,0.16392694,0.08538813,0.24931507
2025-10-27 19:00:00,18920,18920,18920,18920,0,2025-10-27 20:00:00,0,0,1761566400000,1761570000000,115065.67000000,100000,0.16381279,0.08550228,0.24931507
2025-10-27 20:00:00,18920,18920,18920,18920,0,2025-10-27 21:00:00,0,0,1761570000000,1761573600000,115264.28000000,100000,0.16369863,0.08561644,0.24931507
2025-10-27 21:00:00,18920,18920,18920,18920,0,2025-10-27 22:00:00,0,0,1761573600000,1761577200000,114810.05000000,100000,0.16358447,0.08573059,0.24931507
2025-10-27 22:00:00,18920,18920,18920,18920,0,2025-10-27 23:00:00,0,0,1761577200000,1761580800000,114969.68000000,100000,0.16347032,0.08584475,0.24931507
2025-10-27 23:00:00,18920,18920,18920,18920,0,2025-10-28 00:00:00,0,0,1761580800000,1761584400000,115497.57000000,100000,0.16335616,0.08595890,0.24931507
2025-10-28 00:00:00,18920,18920,18920,18920,0,2025-10-28 01:00:00,0,0,1761584400000,1761588000000,115706.06000000,100000,0.16324201,0.08607306,0.24931507
2025-10-28 01:00:00,18920,18920,18920,18920,0,2025-10-28 02:00:00,0,0,1761588000000,1761591600000,115342.19000000,100000,0.16312785,0.08618721,0.24931507
2025-10-28 02:00:00,18920,18920,18920,18920,0,2025-10-28 03:00:00,0,0,1761591600000,1761595200000,114942.64000000,100000,0.16301370,0.08630137,0.24931507
2025-10-28 03:00:00,18920,18920,18920,18920,0,2025-10-28 04:00:00,0,0,1761595200000,1761598800000,114455.17000000,100000,0.16289954,0.08641553,0.24931507
2025-10-28 04:00:00,18920,18920,18920,18920,0,2025-10-28 05:00:00,0,0,1761598800000,1761602400000,114302.70000000,100000,0.16278539,0.08652968,0.24931507
2025-10-28 05:00:00,18920,18920,18920,18920,0,2025-10-28 06:00:00,0,0,1761602400000,1761606000000,114112.51000000,100000,0.16267123,0.08664384,0.24931507
2025-10-28 06:00:00,18920,18920,18920,18920,0,2025-10-28 07:00:00,0,0,1761606000000,1761609600000,114107.65000000,100000,0.16255708,0.08675799,0.24931507
2025-10-28 07:00:00,18920,18920,18920,18920,0,2025-10-28 08:00:00,0,0,1761609600000,1761613200000,113961.67000000,100000,0.16244292,0.08687215,0.24931507
2025-10-28 08:00:00,18920,18920,18920,18920,0,2025-10-28 09:00:00,0,0,1761613200000,1761616800000,114424.76000000,100000,0.16232877,0.08698630,0.24931507
2025-10-28 09:00:00,18920,18920,18920,18920,0,2025-10-28 10:00:00,0,0,1761616800000,1761620400000,113936.94000000,100000,0.16221461,0.08710046,0.24931507
2025-10-28 10:00:00,18920,18920,18920,18920,0,2025-10-28 11:00:00,0,0,1761620400000,1761624000000,113908.24000000,100000,0.16210046,0.08721461,0.24931507
2025-10-28 11:00:00,18920,18920,18920,18920,0,2025-10-28 12:00:00,0,0,1761624000000,1761627600000,113964.59000000,100000,0.16198630,0.08732877,0.24931507
2025-10-28 12:00:00,18920,18920,18920,18920,0,2025-10-28 13:00:00,0,0,1761627600000,1761631200000,113605.31000000,100000,0.16187215,0.08744292,0.24931507
2025-10-28 13:00:00,18920,18920,18920,18920,0,2025-10-28 14:00:00,0,0,1761631200000,1761634800000,114115.52000000,100000,0.16175799,0.08755708,0.24931507
2025-10-28 14:00:00,18920,18920,18920,18920,0,2025-10-28 15:00:00,0,0,1761634800000,1761638400000,114188.37000000,100000,0.16164384,0.08767123,0.24931507
2025-10-28 15:00:00,18920,18920,18920,18920,0,2025-10-28 16:00:00,0,0,1761638400000,1761642000000,114427.23000000,100000,0.16152968,0.08778539,0.24931507
2025-10-28 16:00:00,18920,18920,18920,18920,0,2025-10-28 17:00:00,0,0,1761642000000,1761645600000,114528.60000000,100000,0.16141553,0.08789954,0.24931507
2025-10-28 17:00:00,18920,18920,18920,18920,0,2025-10-28 18:00:00,0,0,1761645600000,1761649200000,114595.71000000,100000,0.16130137,0.08801370,0.24931507
2025-10-28 18:00:00,18920,18920,18920,18920,0,2025-10-28 19:00:00,0,0,1761649200000,1761652800000,114357.73000000,100000,0.16118721,0.08812785,0.24931507
2025-10-28 19:00:00,18920,18920,18920,18920,0,2025-10-28 20:00:00,0,0,1761652800000,1761656400000,114449.55000000,100000,0.16107306,0.08824201,0.24931507
2025-10-28 20:00:00,18920,18920,18920,18920,0,2025-10-28 21:00:00,0,0,1761656400000,1761660000000,115522.90000000,100000,0.16095890,0.08835616,0.24931507
2025-10-28 21:00:00,18920,18920,18920,18920,0,2025-10-28 22:00:00,0,0,1761660000000,1761663600000,115068.17000000,100000,0.16084475,0.08847032,0.24931507
2025-10-28 22:00:00,18920,18920,18920,18920,0,2025-10-28 23:00:00,0,0,1761663600000,1761667200000,114641.38000000,100000,0.16073059,0.08858447,0.24931507
2025-10-28 23:00:00,18920,18920,18920,18920,0,2025-10-29 00:00:00,0,0,1761667200000,1761670800000,115341.59000000,100000,0.16061644,0.08869863,0.24931507
2025-10-29 00:00:00,18920,18920,18920,18920,0,2025-10-29 01:00:00,0,0,1761670800000,1761674400000,115290.00000000,100000,0.16050228,0.08881279,0.24931507
2025-10-29 01:00:00,18920,18920,18920,18920,0,2025-10-29 02:00:00,0,0,1761674400000,1761678000000,115022.80000000,100000,0.16038813,0.08892694,0.24931507
2025-10-29 02:00:00,18920,18920,18920,18920,0,2025-10-29 03:00:00,0,0,1761678000000,1761681600000,113689.99000000,100000,0.16027397,0.08904110,0.24931507
2025-10-29 03:00:00,18920,18920,18920,18920,0,2025-10-29 04:00:00,0,0,1761681600000,1761685200000,112808.05000000,100000,0.16015982,0.08915525,0.24931507
2025-10-29 04:00:00,18920,18920,18920,18920,0,2025-10-29 05:00:00,0,0,1761685200000,1761688800000,112994.40000000,100000,0.16004566,0.08926941,0.24931507
2025-10-29 05:00:00,18920,18920,18920,18920,0,2025-10-29 06:00:00,0,0,1761688800000,1761692400000,113224.08000000,100000,0.15993151,0.08938356,0.24931507
2025-10-29 06:00:00,18920,18920,18920,18920,0,2025-10-29 07:00:00,0,0,1761692400000,1761696000000,112898.45000000,100000,0.15981735,0.08949772,0.24931507
2025-10-29 07:00:00,18920,18920,18920,18920,0,2025-10-29 08:00:00,0,0,1761696000000,1761699600000,112442.88000000,100000,0.15970320,0.08961187,0.24931507
2025-10-29 08:00:00,18920,18920,18920,18920,0,2025-10-29 09:00:00,0,0,1761699600000,1761703200000,112500.03000000,100000,0.15958904,0.08972603,0.24931507
2025-10-29 09:00:00,18920,18920,18920,18920,0,2025-10-29 10:00:00,0,0,1761703200000,1761706800000,112666.75000000,100000,0.15947489,0.08984018,0.24931507
2025-10-29 10:00:00,18920,18920,18920,18920,0,2025-10-29 11:00:00,0,0,1761706800000,1761710400000,112523.49000000,100000,0.15936073,0.08995434,0.24931507
2025-10-29 11:00:00,18920,18920,18920,18920,0,2025-10-29 12:00:00,0,0,1761710400000,1761714000000,112810.55000000,100000,0.15924658,0.09006849,0.24931507
2025-10-29 12:00:00,18920,18920,18920,18920,0,2025-10-29 13:00:00,0,0,1761714000000,1761717600000,113039.10000000,100000,0.15913242,0.09018265,0.24931507
2025-10-29 13:00:00,18920,18920,18920,18920,0,2025-10-29 14:00:00,0,0,1761717600000,1761721200000,113284.20000000,100000,0.15901826,0.09029680,0.24931507
2025-10-29 14:00:00,18920,18920,18920,18920,0,2025-10-29 15:00:00,0,0,1761721200000,1761724800000,113577.90000000,100000,0.15890411,0.09041096,0.24931507
2025-10-29 15:00:00,18920,18920,18920,18920,0,2025-10-29 16:00:00,0,0,1761724800000,1761728400000,113070.94000000,100000,0.15878995,0.09052511,0.24931507
2025-10-29 16:00:00,18920,18920,18920,18920,0,2025-10-29 17:00:00,0,0,1761728400000,1761732000000,112974.44000000,100000,0.15867580,0.09063927,0.24931507
2025-10-29 17:00:00,18920,18920,18920,18920,0,2025-10-29 18:00:00,0,0,1761732000000,1761735600000,112870.01000000,100000,0.15856164,0.09075342,0.24931507
2025-10-29 18:00:00,18920,18920,18920,18920,0,2025-10-29 19:00:00,0,0,1761735600000,1761739200000,113132.36000000,100000,0.15844749,0.09086758,0.24931507
2025-10-29 19:00:00,18920,18920,18920,18920,0,2025-10-29 20:00:00,0,0,1761739200000,1761742800000,113139.13000000,100000,0.15833333,0.09098174,0.24931507
2025-10-29 20:00:00,18920,18920,18920,18920,0,2025-10-29 21:00:00,0,0,1761742800000,1761746400000,112873.07000000,100000,0.15821918,0.09109589,0.24931507
2025-10-29 21:00:00,18920,18920,18920,18920,0,2025-10-29 22:00:00,0,0,1761746400000,1761750000000,112488.44000000,100000,0.15810502,0.09121005,0.24931507
2025-10-29 22:00:00,18920,18920,18920,18920,0,2025-10-29 23:00:00,0,0,1761750000000,1761753600000,111509.74000000,100000,0.15799087,0.09132420,0.24931507
2025-10-29 23:00:00,18920,18920,18920,18920,0,2025-10-30 00:00:00,0,0,1761753600000,1761757200000,111106.35000000,100000,0.15787671,0.09143836,0.24931507
2025-10-30 00:00:00,18920,18920,18920,18920,0,2025-10-30 01:00:00,0,0,1761757200000,1761760800000,111883.49000000,100000,0.15776256,0.09155251,0.24931507
2025-10-30 01:00:00,18920,18920,18920,18920,0,2025-10-30 02:00:00,0,0,1761760800000,1761764400000,110806.38000000,100000,0.15764840,0.09166667,0.24931507
2025-10-30 02:00:00,18920,18920,18920,18920,0,2025-10-30 03:00:00,0,0,1761764400000,1761768000000,110640.00000000,100000,0.15753425,0.09178082,0.24931507
2025-10-30 03:00:00,18920,18920,18920,18920,0,2025-10-30 04:00:00,0,0,1761768000000,1761771600000,111433.46000000,100000,0.15742009,0.09189498,0.24931507
2025-10-30 04:00:00,18920,18920,18920,18920,0,2025-10-30 05:00:00,0,0,1761771600000,1761775200000,111617.26000000,100000,0.15730594,0.09200913,0.24931507
2025-10-30 05:00:00,18920,18920,18920,18920,0,2025-10-30 06:00:00,0,0,1761775200000,1761778800000,111028.20000000,100000,0.15719178,0.09212329,0.24931507
2025-10-30 06:00:00,18920,18920,18920,18920,0,2025-10-30 07:00:00,0,0,1761778800000,1761782400000,110021.29000000,100000,0.15707763,0.09223744,0.24931507
2025-10-30 07:00:00,18920,18920,18920,18920,0,2025-10-30 08:00:00,0,0,1761782400000,1761786000000,110559.48000000,100000,0.15696347,0.09235160,0.24931507
2025-10-30 08:00:00,18920,18920,18920,18920,0,2025-10-30 09:00:00,0,0,1761786000000,1761789600000,110460.76000000,100000,0.15684932,0.09246575,0.24931507
2025-10-30 09:00:00,18920,18920,18920,18920,0,2025-10-30 10:00:00,0,0,1761789600000,1761793200000,110985.92000000,100000,0.15673516,0.09257991,0.24931507
2025-10-30 10:00:00,15035,15035,15035,15035,0.01,2025-10-30 11:00:00,150.35,1,1761793200000,1761796800000,110751.47000000,100000,0.15662100,0.09269406,0.24931507
2025-10-30 11:00:00,15035,15035,15035,15035,0,2025-10-30 12:00:00,0,0,1761796800000,1761800400000,108575.27000000,100000,0.15650685,0.09280822,0.24931507
2025-10-30 12:00:00,15035,15035,15035,15035,0,2025-10-30 13:00:00,0,0,1761800400000,1761804000000,110248.29000000,100000,0.15639269,0.09292237,0.24931507
2025-10-30 13:00:00,15035,15035,15035,15035,0,2025-10-30 14:00:00,0,0,1761804000000,1761807600000,110768.01000000,100000,0.15627854,0.09303653,0.24931507
2025-10-30 14:00:00,15035,15035,15035,15035,0,2025-10-30 15:00:00,0,0,1761807600000,1761811200000,111366.72000000,100000,0.15616438,0.09315068,0.24931507
2025-10-30 15:00:00,15035,15035,15035,15035,0,2025-10-30 16:00:00,0,0,1761811200000,1761814800000,110714.31000000,100000,0.15605023,0.09326484,0.24931507
2025-10-30 16:00:00,15035,15035,15035,15035,0,2025-10-30 17:00:00,0,0,1761814800000,1761818400000,110171.69000000,100000,0.15593607,0.09337900,0.24931507
2025-10-30 17:00:00,15035,15035,15035,15035,0,2025-10-30 18:00:00,0,0,1761818400000,1761822000000,110105.75000000,100000,0.15582192,0.09349315,0.24931507
2025-10-30 18:00:00,15035,15035,15035,15035,0,2025-10-30 19:00:00,0,0,1761822000000,1761825600000,109717.29000000,100000,0.15570776,0.09360731,0.24931507
2025-10-30 19:00:00,15035,15035,15035,15035,0,2025-10-30 20:00:00,0,0,1761825600000,1761829200000,108387.86000000,100000,0.15559361,0.09372146,0.24931507
2025-10-30 20:00:00,15035,15035,15035,15035,0,2025-10-30 21:00:00,0,0,1761829200000,1761832800000,107627.16000000,100000,0.15547945,0.09383562,0.24931507
2025-10-30 21:00:00,15035,15035,15035,15035,0,2025-10-30 22:00:00,0,0,1761832800000,1761836400000,108285.54000000,100000,0.15536530,0.09394977,0.24931507
2025-10-30 22:00:00,15035,15035,15035,15035,0,2025-10-30 23:00:00,0,0,1761836400000,1761840000000,107711.56000000,100000,0.15525114,0.09406393,0.24931507
2025-10-30 23:00:00,15035,15035,15035,15035,0,2025-10-31 00:00:00,0,0,1761840000000,1761843600000,108144.57000000,100000,0.15513699,0.09417808,0.24931507
2025-10-31 00:00:00,15035,15035,15035,15035,0,2025-10-31 01:00:00,0,0,1761843600000,1761847200000,107486.69000000,100000,0.15502283,0.09429224,0.24931507
2025-10-31 01:00:00,15035,15035,15035,15035,0,2025-10-31 02:00:00,0,0,1761847200000,1761850800000,106837.09000000,100000,0.15490868,0.09440639,0.24931507
2025-10-31 02:00:00,15035,15035,15035,15035,0,2025-10-31 03:00:00,0,0,1761850800000,1761854400000,106536.39000000,100000,0.15479452,0.09452055,0.24931507
2025-10-31 03:00:00,15035,15035,15035,15035,0,2025-10-31 04:00:00,0,0,1761854400000,1761858000000,107510.91000000,100000,0.15468037,0.09463470,0.24931507
2025-10-31 04:00:00,15035,15035,15035,15035,0,2025-10-31 05:00:00,0,0,1761858000000,1761861600000,107907.68000000,100000,0.15456621,0.09474886,0.24931507
2025-10-31 05:00:00,15035,15035,15035,15035,0,2025-10-31 06:00:00,0,0,1761861600000,1761865200000,107912.81000000,100000,0.15445205,0.09486301,0.24931507
2025-10-31 06:00:00,15035,15035,15035,15035,0,2025-10-31 07:00:00,0,0,1761865200000,1761868800000,108322.88000000,100000,0.15433790,0.09497717,0.24931507
2025-10-31 07:00:00,15035,15035,15035,15035,0,2025-10-31 08:00:00,0,0,1761868800000,1761872400000,109317.21000000,100000,0.15422374,0.09509132,0.24931507
2025-10-31 08:00:00,15035,15035,15035,15035,0,2025-10-31 09:00:00,0,0,1761872400000,1761876000000,109619.77000000,100000,0.15410959,0.09520548,0.24931507
2025-10-31 09:00:00,15035,15035,15035,15035,0,2025-10-31 10:00:00,0,0,1761876000000,1761879600000,108857.99000000,100000,0.15399543,0.09531963,0.24931507
2025-10-31 10:00:00,15035,15035,15035,15035,0,2025-10-31 11:00:00,0,0,1761879600000,1761883200000,109227.86000000,100000,0.15388128,0.09543379,0.24931507
2025-10-31 11:00:00,15035,15035,15035,15035,0,2025-10-31 12:00:00,0,0,1761883200000,1761886800000,110084.02000000,100000,0.15376712,0.09554795,0.24931507
2025-10-31 12:00:00,15035,15035,15035,15035,0,2025-10-31 13:00:00,0,0,1761886800000,1761890400000,109899.15000000,100000,0.15365297,0.09566210,0.24931507
2025-10-31 13:00:00,15035,15035,15035,15035,0,2025-10-31 14:00:00,0,0,1761890400000,1761894000000,109650.00000000,100000,0.15353881,0.09577626,0.24931507
2025-10-31 14:00:00,15035,15035,15035,15035,0,2025-10-31 15:00:00,0,0,1761894000000,1761897600000,109449.31000000,100000,0.15342466,0.09589041,0.24931507
2025-10-31 15:00:00,15035,15035,15035,15035,0,2025-10-31 16:00:00,0,0,1761897600000,1761901200000,110062.44000000,100000,0.15331050,0.09600457,0.24931507
2025-10-31 16:00:00,15035,15035,15035,15035,0,2025-10-31 17:00:00,0,0,1761901200000,1761904800000,109848.39000000,100000,0.15319635,0.09611872,0.24931507
2025-10-31 17:00:00,15035,15035,15035,15035,0,2025-10-31 18:00:00,0,0,1761904800000,1761908400000,109819.20000000,100000,0.15308219,0.09623288,0.24931507
2025-10-31 18:00:00,15035,15035,15035,15035,0,2025-10-31 19:00:00,0,0,1761908400000,1761912000000,110415.61000000,100000,0.15296804,0.09634703,0.24931507
2025-10-31 19:00:00,15035,15035,15035,15035,0,2025-10-31 20:00:00,0,0,1761912000000,1761915600000,109653.19000000,100000,0.15285388,0.09646119,0.24931507
2025-10-31 20:00:00,15035,15035,15035,15035,0,2025-10-31 21:00:00,0,0,1761915600000,1761919200000,110157.54000000,100000,0.15273973,0.09657534,0.24931507
2025-10-31 21:00:00,15035,15035,15035,15035,0,2025-10-31 22:00:00,0,0,1761919200000,1761922800000,110790.14000000,100000,0.15262557,0.09668950,0.24931507
2025-10-31 22:00:00,15035,15035,15035,15035,0,2025-10-31 23:00:00,0,0,1761922800000,1761926400000,110202.90000000,100000,0.15251142,0.09680365,0.24931507
2025-10-31 23:00:00,15035,15035,15035,15035,0,2025-11-01 00:00:00,0,0,1761926400000,1761930000000,108845.40000000,100000,0.15239726,0.09691781,0.24931507
2025-11-01 00:00:00,15035,15035,15035,15035,0,2025-11-01 01:00:00,0,0,1761930000000,1761933600000,109299.98000000,100000,0.15228311,0.09703196,0.24931507
2025-11-01 01:00:00,15035,15035,15035,15035,0,2025-11-01 02:00:00,0,0,1761933600000,1761937200000,109452.35000000,100000,0.15216895,0.09714612,0.24931507
2025-11-01 02:00:00,15035,15035,15035,15035,0,2025-11-01 03:00:00,0,0,1761937200000,1761940800000,109828.78000000,100000,0.15205479,0.09726027,0.24931507
2025-11-01 03:00:00,15035,15035,15035,15035,0,2025-11-01 04:00:00,0,0,1761940800000,1761944400000,109493.85000000,100000,0.15194064,0.09737443,0.24931507
2025-11-01 04:00:00,15035,15035,15035,15035,0,2025-11-01 05:00:00,0,0,1761944400000,1761948000000,109558.48000000,100000,0.15182648,0.09748858,0.24931507
2025-11-01 05:00:00,15035,15035,15035,15035,0,2025-11-01 06:00:00,0,0,1761948000000,1761951600000,109580.09000000,100000,0.15171233,0.09760274,0.24931507
2025-11-01 06:00:00,15035,15035,15035,15035,0,2025-11-01 07:00:00,0,0,1761951600000,1761955200000,109608.01000000,100000,0.15159817,0.09771689,0.24931507
2025-11-01 07:00:00,15035,15035,15035,15035,0,2025-11-01 08:00:00,0,0,1761955200000,1761958800000,109730.78000000,100000,0.15148402,0.09783105,0.24931507
2025-11-01 08:00:00,15035,15035,15035,15035,0,2025-11-01 09:00:00,0,0,1761958800000,1761962400000,109734.11000000,100000,0.15136986,0.09794521,0.24931507
2025-11-01 09:00:00,15035,15035,15035,15035,0,2025-11-01 10:00:00,0,0,1761962400000,1761966000000,109790.27000000,100000,0.15125571,0.09805936,0.24931507
2025-11-01 10:00:00,15035,15035,15035,15035,0,2025-11-01 11:00:00,0,0,1761966000000,1761969600000,110226.37000000,100000,0.15114155,0.09817352,0.24931507
2025-11-01 11:00:00,15035,15035,15035,15035,0,2025-11-01 12:00:00,0,0,1761969600000,1761973200000,110291.67000000,100000,0.15102740,0.09828767,0.24931507
2025-11-01 12:00:00,15035,15035,15035,15035,0,2025-11-01 13:00:00,0,0,1761973200000,1761976800000,110140.79000000,100000,0.15091324,0.09840183,0.24931507
2025-11-01 13:00:00,15035,15035,15035,15035,0,2025-11-01 14:00:00,0,0,1761976800000,1761980400000,110004.82000000,100000,0.15079909,0.09851598,0.24931507
2025-11-01 14:00:00,15035,15035,15035,15035,0,2025-11-01 15:00:00,0,0,1761980400000,1761984000000,110071.40000000,100000,0.15068493,0.09863014,0.24931507
2025-11-01 15:00:00,15035,15035,15035,15035,0,2025-11-01 16:00:00,0,0,1761984000000,1761987600000,110248.88000000,100000,0.15057078,0.09874429,0.24931507
2025-11-01 16:00:00,15035,15035,15035,15035,0,2025-11-01 17:00:00,0,0,1761987600000,1761991200000,109991.29000000,100000,0.15045662,0.09885845,0.24931507
2025-11-01 17:00:00,15035,15035,15035,15035,0,2025-11-01 18:00:00,0,0,1761991200000,1761994800000,110147.83000000,100000,0.15034247,0.09897260,0.24931507
2025-11-01 18:00:00,15035,15035,15035,15035,0,2025-11-01 19:00:00,0,0,1761994800000,1761998400000,110137.59000000,100000,0.15022831,0.09908676,0.24931507
2025-11-01 19:00:00,15035,15035,15035,15035,0,2025-11-01 20:00:00,0,0,1761998400000,1762002000000,110017.27000000,100000,0.15011416,0.09920091,0.24931507
2025-11-01 20:00:00,15035,15035,15035,15035,0,2025-11-01 21:00:00,0,0,1762002000000,1762005600000,109946.27000000,100000,0.15000000,0.09931507,0.24931507
2025-11-01 21:00:00,15035,15035,15035,15035,0,2025-11-01 22:00:00,0,0,1762005600000,1762009200000,109933.85000000,100000,0.14988584,0.09942922,0.24931507
2025-11-01 22:00:00,15035,15035,15035,15035,0,2025-11-01 23:00:00,0,0,1762009200000,1762012800000,110310.65000000,100000,0.14977169,0.09954338,0.24931507
2025-11-01 23:00:00,15035,15035,15035,15035,0,2025-11-02 00:00:00,0,0,1762012800000,1762016400000,110464.33000000,100000,0.14965753,0.09965753,0.24931507
2025-11-02 00:00:00,15035,15035,15035,15035,0,2025-11-02 01:00:00,0,0,1762016400000,1762020000000,110208.97000000,100000,0.14954338,0.09977169,0.24931507
2025-11-02 01:00:00,15035,15035,15035,15035,0,2025-11-02 02:00:00,0,0,1762020000000,1762023600000,110341.27000000,100000,0.14942922,0.09988584,0.24931507
2025-11-02 02:00:00,15035,15035,15035,15035,0,2025-11-02 03:00:00,0,0,1762023600000,1762027200000,110299.99000000,100000,0.14931507,0.10000000,0.24931507
2025-11-02 03:00:00,15035,15035,15035,15035,0,2025-11-02 04:00:00,0,0,1762027200000,1762030800000,110406.20000000,100000,0.14920091,0.10011416,0.24931507
2025-11-02 04:00:00,15035,15035,15035,15035,0,2025-11-02 05:00:00,0,0,1762030800000,1762034400000,109862.85000000,100000,0.14908676,0.10022831,0.24931507
2025-11-02 05:00:00,15035,15035,15035,15035,0,2025-11-02 06:00:00,0,0,1762034400000,1762038000000,110092.78000000,100000,0.14897260,0.10034247,0.24931507
2025-11-02 06:00:00,15035,15035,15035,15035,0,2025-11-02 07:00:00,0,0,1762038000000,1762041600000,110098.10000000,100000,0.14885845,0.10045662,0.24931507
2025-11-02 07:00:00,15035,15035,15035,15035,0,2025-11-02 08:00:00,0,0,1762041600000,1762045200000,109974.09000000,100000,0.14874429,0.10057078,0.24931507
2025-11-02 08:00:00,15035,15035,15035,15035,0,2025-11-02 09:00:00,0,0,1762045200000,1762048800000,109978.01000000,100000,0.14863014,0.10068493,0.24931507
2025-11-02 09:00:00,15035,15035,15035,15035,0,2025-11-02 10:00:00,0,0,1762048800000,1762052400000,110015.77000000,100000,0.14851598,0.10079909,0.24931507
2025-11-02 10:00:00,15035,15035,15035,15035,0,2025-11-02 11:00:00,0,0,1762052400000,1762056000000,110053.23000000,100000,0.14840183,0.10091324,0.24931507
2025-11-02 11:00:00,15035,15035,15035,15035,0,2025-11-02 12:00:00,0,0,1762056000000,1762059600000,110670.27000000,100000,0.14828767,0.10102740,0.24931507
2025-11-02 12:00:00,15035,15035,15035,15035,0,2025-11-02 13:00:00,0,0,1762059600000,1762063200000,110497.98000000,100000,0.14817352,0.10114155,0.24931507
2025-11-02 13:00:00,15035,15035,15035,15035,0,2025-11-02 14:00:00,0,0,1762063200000,1762066800000,110663.89000000,100000,0.14805936,0.10125571,0.24931507
2025-11-02 14:00:00,15035,15035,15035,15035,0,2025-11-02 15:00:00,0,0,1762066800000,1762070400000,110895.53000000,100000,0.14794521,0.10136986,0.24931507
2025-11-02 15:00:00,15035,15035,15035,15035,0,2025-11-02 16:00:00,0,0,1762070400000,1762074000000,110850.17000000,100000,0.14783105,0.10148402,0.24931507
2025-11-02 16:00:00,15035,15035,15035,15035,0,2025-11-02 17:00:00,0,0,1762074000000,1762077600000,110714.00000000,100000,0.14771689,0.10159817,0.24931507
2025-11-02 17:00:00,15035,15035,15035,15035,0,2025-11-02 18:00:00,0,0,1762077600000,1762081200000,110492.00000000,100000,0.14760274,0.10171233,0.24931507
2025-11-02 18:00:00,15035,15035,15035,15035,0,2025-11-02 19:00:00,0,0,1762081200000,1762084800000,111196.99000000,100000,0.14748858,0.10182648,0.24931507
2025-11-02 19:00:00,15035,15035,15035,15035,0,2025-11-02 20:00:00,0,0,1762084800000,1762088400000,110736.24000000,100000,0.14737443,0.10194064,0.24931507
2025-11-02 20:00:00,15035,15035,15035,15035,0,2025-11-02 21:00:00,0,0,1762088400000,1762092000000,110568.65000000,100000,0.14726027,0.10205479,0.24931507
2025-11-02 21:00:00,15035,15035,15035,15035,0,2025-11-02 22:00:00,0,0,1762092000000,1762095600000,110422.24000000,100000,0.14714612,0.10216895,0.24931507
2025-11-02 22:00:00,15035,15035,15035,15035,0,2025-11-02 23:00:00,0,0,1762095600000,1762099200000,110117.48000000,100000,0.14703196,0.10228311,0.24931507
2025-11-02 23:00:00,15035,15035,15035,15035,0,2025-11-03 00:00:00,0,0,1762099200000,1762102800000,110115.34000000,100000,0.14691781,0.10239726,0.24931507
2025-11-03 00:00:00,15035,15035,15035,15035,0,2025-11-03 01:00:00,0,0,1762102800000,1762106400000,110190.40000000,100000,0.14680365,0.10251142,0.24931507
2025-11-03 01:00:00,15035,15035,15035,15035,0,2025-11-03 02:00:00,0,0,1762106400000,1762110000000,110331.00000000,100000,0.14668950,0.10262557,0.24931507
2025-11-03 02:00:00,15035,15035,15035,15035,0,2025-11-03 03:00:00,0,0,1762110000000,1762113600000,110180.84000000,100000,0.14657534,0.10273973,0.24931507
2025-11-03 03:00:00,15035,15035,15035,15035,0,2025-11-03 04:00:00,0,0,1762113600000,1762117200000,110086.70000000,100000,0.14646119,0.10285388,0.24931507
2025-11-03 04:00:00,15035,15035,15035,15035,0,2025-11-03 05:00:00,0,0,1762117200000,1762120800000,109990.90000000,100000,0.14634703,0.10296804,0.24931507
2025-11-03 05:00:00,15035,15035,15035,15035,0,2025-11-03 06:00:00,0,0,1762120800000,1762124400000,109899.99000000,100000,0.14623288,0.10308219,0.24931507
2025-11-03 06:00:00,15035,15035,15035,15035,0,2025-11-03 07:00:00,0,0,1762124400000,1762128000000,110540.68000000,100000,0.14611872,0.10319635,0.24931507
2025-11-03 07:00:00,15035,15035,15035,15035,0,2025-11-03 08:00:00,0,0,1762128000000,1762131600000,109757.11000000,100000,0.14600457,0.10331050,0.24931507
2025-11-03 08:00:00,15035,15035,15035,15035,0,2025-11-03 09:00:00,0,0,1762131600000,1762135200000,109665.50000000,100000,0.14589041,0.10342466,0.24931507
2025-11-03 09:00:00,15035,15035,15035,15035,0,2025-11-03 10:00:00,0,0,1762135200000,1762138800000,109033.83000000,100000,0.14577626,0.10353881,0.24931507
2025-11-03 10:00:00,15035,15035,15035,15035,0,2025-11-03 11:00:00,0,0,1762138800000,1762142400000,107937.45000000,100000,0.14566210,0.10365297,0.24931507
2025-11-03 11:00:00,15035,15035,15035,15035,0,2025-11-03 12:00:00,0,0,1762142400000,1762146000000,107900.37000000,100000,0.14554795,0.10376712,0.24931507
2025-11-03 12:00:00,15035,15035,15035,15035,0,2025-11-03 13:00:00,0,0,1762146000000,1762149600000,107606.75000000,100000,0.14543379,0.10388128,0.24931507
2025-11-03 13:00:00,15035,15035,15035,15035,0,2025-11-03 14:00:00,0,0,1762149600000,1762153200000,107494.23000000,100000,0.14531963,0.10399543,0.24931507
2025-11-03 14:00:00,15035,15035,15035,15035,0,2025-11-03 15:00:00,0,0,1762153200000,1762156800000,107468.23000000,100000,0.14520548,0.10410959,0.24931507
2025-11-03 15:00:00,15035,15035,15035,15035,0,2025-11-03 16:00:00,0,0,1762156800000,1762160400000,107586.97000000,100000,0.14509132,0.10422374,0.24931507
2025-11-03 16:00:00,15035,15035,15035,15035,0,2025-11-03 17:00:00,0,0,1762160400000,1762164000000,107197.94000000,100000,0.14497717,0.10433790,0.24931507
2025-11-03 17:00:00,15035,15035,15035,15035,0,2025-11-03 18:00:00,0,0,1762164000000,1762167600000,106974.99000000,100000,0.14486301,0.10445205,0.24931507
2025-11-03 18:00:00,15035,15035,15035,15035,0,2025-11-03 19:00:00,0,0,1762167600000,1762171200000,107787.42000000,100000,0.14474886,0.10456621,0.24931507
2025-11-03 19:00:00,15035,15035,15035,15035,0,2025-11-03 20:00:00,0,0,1762171200000,1762174800000,107768.90000000,100000,0.14463470,0.10468037,0.24931507
2025-11-03 20:00:00,15035,15035,15035,15035,0,2025-11-03 21:00:00,0,0,1762174800000,1762178400000,107908.68000000,100000,0.14452055,0.10479452,0.24931507
2025-11-03 21:00:00,15035,15035,15035,15035,0,2025-11-03 22:00:00,0,0,1762178400000,1762182000000,108059.99000000,100000,0.14440639,0.10490868,0.24931507
2025-11-03 22:00:00,15035,15035,15035,15035,0,2025-11-03 23:00:00,0,0,1762182000000,1762185600000,105745.71000000,100000,0.14429224,0.10502283,0.24931507
2025-11-03 23:00:00,15035,15035,15035,15035,0,2025-11-04 00:00:00,0,0,1762185600000,1762189200000,106678.44000000,100000,0.14417808,0.10513699,0.24931507
2025-11-04 00:00:00,15035,15035,15035,15035,0,2025-11-04 01:00:00,0,0,1762189200000,1762192800000,107481.19000000,100000,0.14406393,0.10525114,0.24931507
2025-11-04 01:00:00,15035,15035,15035,15035,0,2025-11-04 02:00:00,0,0,1762192800000,1762196400000,106961.62000000,100000,0.14394977,0.10536530,0.24931507
2025-11-04 02:00:00,15035,15035,15035,15035,0,2025-11-04 03:00:00,0,0,1762196400000,1762200000000,107090.00000000,100000,0.14383562,0.10547945,0.24931507
2025-11-04 03:00:00,15035,15035,15035,15035,0,2025-11-04 04:00:00,0,0,1762200000000,1762203600000,106657.55000000,100000,0.14372146,0.10559361,0.24931507
2025-11-04 04:00:00,15035,15035,15035,15035,0,2025-11-04 05:00:00,0,0,1762203600000,1762207200000,106888.71000000,100000,0.14360731,0.10570776,0.24931507
2025-11-04 05:00:00,15035,15035,15035,15035,0,2025-11-04 06:00:00,0,0,1762207200000,1762210800000,106489.95000000,100000,0.14349315,0.10582192,0.24931507
2025-11-04 06:00:00,15035,15035,15035,15035,0,2025-11-04 07:00:00,0,0,1762210800000,1762214400000,106583.04000000,100000,0.14337900,0.10593607,0.24931507
2025-11-04 07:00:00,15035,15035,15035,15035,0,2025-11-04 08:00:00,0,0,1762214400000,1762218000000,106471.45000000,100000,0.14326484,0.10605023,0.24931507
2025-11-04 08:00:00,15035,15035,15035,15035,0,2025-11-04 09:00:00,0,0,1762218000000,1762221600000,107040.01000000,100000,0.14315068,0.10616438,0.24931507
2025-11-04 09:00:00,15035,15035,15035,15035,0,2025-11-04 10:00:00,0,0,1762221600000,1762225200000,106482.60000000,100000,0.14303653,0.10627854,0.24931507
2025-11-04 10:00:00,15035,15035,15035,15035,0,2025-11-04 11:00:00,0,0,1762225200000,1762228800000,107158.79000000,100000,0.14292237,0.10639269,0.24931507
2025-11-04 11:00:00,15035,15035,15035,15035,0,2025-11-04 12:00:00,0,0,1762228800000,1762232400000,106750.14000000,100000,0.14280822,0.10650685,0.24931507
2025-11-04 12:00:00,15035,15035,15035,15035,0,2025-11-04 13:00:00,0,0,1762232400000,1762236000000,104215.76000000,100000,0.14269406,0.10662100,0.24931507
2025-11-04 13:00:00,15035,15035,15035,15035,0,2025-11-04 14:00:00,0,0,1762236000000,1762239600000,104766.14000000,100000,0.14257991,0.10673516,0.24931507
2025-11-04 14:00:00,15035,15035,15035,15035,0,2025-11-04 15:00:00,0,0,1762239600000,1762243200000,104490.72000000,100000,0.14246575,0.10684932,0.24931507
2025-11-04 15:00:00,15035,15035,15035,15035,0,2025-11-04 16:00:00,0,0,1762243200000,1762246800000,104051.90000000,100000,0.14235160,0.10696347,0.24931507
2025-11-04 16:00:00,15035,15035,15035,15035,0,2025-11-04 17:00:00,0,0,1762246800000,1762250400000,103857.96000000,100000,0.14223744,0.10707763,0.24931507
2025-11-04 17:00:00,15035,15035,15035,15035,0,2025-11-04 18:00:00,0,0,1762250400000,1762254000000,103816.39000000,100000,0.14212329,0.10719178,0.24931507
2025-11-04 18:00:00,15035,15035,15035,15035,0,2025-11-04 19:00:00,0,0,1762254000000,1762257600000,104584.76000000,100000,0.14200913,0.10730594,0.24931507
2025-11-04 19:00:00,15035,15035,15035,15035,0,2025-11-04 20:00:00,0,0,1762257600000,1762261200000,103952.54000000,100000,0.14189498,0.10742009,0.24931507
2025-11-04 20:00:00,15035,15035,15035,15035,0,2025-11-04 21:00:00,0,0,1762261200000,1762264800000,103924.25000000,100000,0.14178082,0.10753425,0.24931507
2025-11-04 21:00:00,15035,15035,15035,15035,0,2025-11-04 22:00:00,0,0,1762264800000,1762268400000,104500.01000000,100000,0.14166667,0.10764840,0.24931507
2025-11-04 22:00:00,15035,15035,15035,15035,0,2025-11-04 23:00:00,0,0,1762268400000,1762272000000,103197.01000000,100000,0.14155251,0.10776256,0.24931507
2025-11-04 23:00:00,15035,15035,15035,15035,0,2025-11-05 00:00:00,0,0,1762272000000,1762275600000,102257.70000000,100000,0.14143836,0.10787671,0.24931507
2025-11-05 00:00:00,8330,8330,8000,8210,0.09,2025-11-05 01:00:00,737.4,4,1762275600000,1762279200000,101114.83000000,100000,0.14132420,0.10799087,0.24931507
2025-11-05 01:00:00,8025,8025,8025,8025,0.04,2025-11-05 02:00:00,321,1,1762279200000,1762282800000,101363.98000000,100000,0.14121005,0.10810502,0.24931507
2025-11-05 02:00:00,8025,8025,8025,8025,0,2025-11-05 03:00:00,0,0,1762282800000,1762286400000,100542.64000000,100000,0.14109589,0.10821918,0.24931507
2025-11-05 03:00:00,7575,7575,7570,7570,0.49,2025-11-05 04:00:00,3711.65,3,1762286400000,1762290000000,100755.43000000,100000,0.14098174,0.10833333,0.24931507
2025-11-05 04:00:00,7570,7570,7570,7570,0,2025-11-05 05:00:00,0,0,1762290000000,1762293600000,100311.46000000,100000,0.14086758,0.10844749,0.24931507
2025-11-05 05:00:00,7570,7570,7570,7570,0,2025-11-05 06:00:00,0,0,1762293600000,1762297200000,101295.71000000,100000,0.14075342,0.10856164,0.24931507
2025-11-05 06:00:00,7780,7940,7780,7940,0.03,2025-11-05 07:00:00,236.6,2,1762297200000,1762300800000,101497.22000000,100000,0.14063927,0.10867580,0.24931507
2025-11-05 07:00:00,7905,7905,7905,7905,0.01,2025-11-05 08:00:00,79.05,1,1762300800000,1762304400000,100564.30000000,100000,0.14052511,0.10878995,0.24931507
2025-11-05 08:00:00,6900,7700,6900,7700,0.06,2025-11-05 09:00:00,438,2,1762304400000,1762308000000,100761.62000000,100000,0.14041096,0.10890411,0.24931507
2025-11-05 09:00:00,7700,7700,7700,7700,0,2025-11-05 10:00:00,0,0,1762308000000,1762311600000,101677.93000000,100000,0.14029680,0.10901826,0.24931507
2025-11-05 10:00:00,8470,8470,8470,8470,2,2025-11-05 11:00:00,16940,1,1762311600000,1762315200000,102130.00000000,100000,0.14018265,0.10913242,0.24931507
2025-11-05 11:00:00,8470,8470,8470,8470,0,2025-11-05 12:00:00,0,0,1762315200000,1762318800000,101998.30000000,100000,0.14006849,0.10924658,0.24931507
2025-11-05 12:00:00,8470,8470,8470,8470,0,2025-11-05 13:00:00,0,0,1762318800000,1762322400000,101824.89000000,100000,0.13995434,0.10936073,0.24931507
2025-11-05 13:00:00,8470,8470,8470,8470,0,2025-11-05 14:00:00,0,0,1762322400000,1762326000000,102119.99000000,100000,0.13984018,0.10947489,0.24931507
2025-11-05 14:00:00,8470,8470,8470,8470,0,2025-11-05 15:00:00,0,0,1762326000000,1762329600000,101993.02000000,100000,0.13972603,0.10958904,0.24931507
2025-11-05 15:00:00,8470,8470,8470,8470,0,2025-11-05 16:00:00,0,0,1762329600000,1762333200000,101699.74000000,100000,0.13961187,0.10970320,0.24931507
2025-11-05 16:00:00,8325,8325,8325,8325,2,2025-11-05 17:00:00,16650,1,1762333200000,1762336800000,101995.29000000,100000,0.13949772,0.10981735,0.24931507
2025-11-05 17:00:00,8365,8365,8365,8365,1.67,2025-11-05 18:00:00,13969.55,1,1762336800000,1762340400000,101401.97000000,100000,0.13938356,0.10993151,0.24931507
2025-11-05 18:00:00,8365,8365,8365,8365,0,2025-11-05 19:00:00,0,0,1762340400000,1762344000000,102070.61000000,100000,0.13926941,0.11004566,0.24931507
2025-11-05 19:00:00,8365,8365,8365,8365,0,2025-11-05 20:00:00,0,0,1762344000000,1762347600000,102673.35000000,100000,0.13915525,0.11015982,0.24931507
2025-11-05 20:00:00,8365,8365,8365,8365,0,2025-11-05 21:00:00,0,0,1762347600000,1762351200000,102985.91000000,100000,0.13904110,0.11027397,0.24931507
2025-11-05 21:00:00,8365,8365,8365,8365,0,2025-11-05 22:00:00,0,0,1762351200000,1762354800000,103202.30000000,100000,0.13892694,0.11038813,0.24931507
2025-11-05 22:00:00,8365,8365,8365,8365,0,2025-11-05 23:00:00,0,0,1762354800000,1762358400000,103728.30000000,100000,0.13881279,0.11050228,0.24931507
2025-11-05 23:00:00,8365,8365,8365,8365,0,2025-11-06 00:00:00,0,0,1762358400000,1762362000000,103919.20000000,100000,0.13869863,0.11061644,0.24931507
2025-11-06 00:00:00,8365,8365,8365,8365,0,2025-11-06 01:00:00,0,0,1762362000000,1762365600000,103904.05000000,100000,0.13858447,0.11073059,0.24931507
2025-11-06 01:00:00,8365,8365,8365,8365,0,2025-11-06 02:00:00,0,0,1762365600000,1762369200000,104347.40000000,100000,0.13847032,0.11084475,0.24931507
2025-11-06 02:00:00,8365,8365,8365,8365,0,2025-11-06 03:00:00,0,0,1762369200000,1762372800000,104008.09000000,100000,0.13835616,0.11095890,0.24931507
2025-11-06 03:00:00,8365,8365,8365,8365,0,2025-11-06 04:00:00,0,0,1762372800000,1762376400000,103831.22000000,100000,0.13824201,0.11107306,0.24931507
2025-11-06 04:00:00,8365,8365,8365,8365,0,2025-11-06 05:00:00,0,0,1762376400000,1762380000000,103672.37000000,100000,0.13812785,0.11118721,0.24931507
2025-11-06 05:00:00,8365,8365,8365,8365,0,2025-11-06 06:00:00,0,0,1762380000000,1762383600000,103706.55000000,100000,0.13801370,0.11130137,0.24931507
2025-11-06 06:00:00,8365,8365,8365,8365,0,2025-11-06 07:00:00,0,0,1762383600000,1762387200000,103885.16000000,100000,0.13789954,0.11141553,0.24931507
2025-11-06 07:00:00,8365,8365,8365,8365,0,2025-11-06 08:00:00,0,0,1762387200000,1762390800000,103677.72000000,100000,0.13778539,0.11152968,0.24931507
2025-11-06 08:00:00,8365,8365,8365,8365,0,2025-11-06 09:00:00,0,0,1762390800000,1762394400000,103365.65000000,100000,0.13767123,0.11164384,0.24931507
2025-11-06 09:00:00,8365,8365,8365,8365,0,2025-11-06 10:00:00,0,0,1762394400000,1762398000000,103321.81000000,100000,0.13755708,0.11175799,0.24931507
2025-11-06 10:00:00,8365,8365,8365,8365,0,2025-11-06 11:00:00,0,0,1762398000000,1762401600000,103636.03000000,100000,0.13744292,0.11187215,0.24931507
2025-11-06 11:00:00,8365,8365,8365,8365,0,2025-11-06 12:00:00,0,0,1762401600000,1762405200000,104030.79000000,100000,0.13732877,0.11198630,0.24931507
2025-11-06 12:00:00,8365,8365,8365,8365,0,2025-11-06 13:00:00,0,0,1762405200000,1762408800000,103143.57000000,100000,0.13721461,0.11210046,0.24931507
2025-11-06 13:00:00,8365,8365,8365,8365,0,2025-11-06 14:00:00,0,0,1762408800000,1762412400000,103318.75000000,100000,0.13710046,0.11221461,0.24931507
2025-11-06 14:00:00,8365,8365,8365,8365,0,2025-11-06 15:00:00,0,0,1762412400000,1762416000000,103185.48000000,100000,0.13698630,0.11232877,0.24931507
2025-11-06 15:00:00,8365,8365,8365,8365,0,2025-11-06 16:00:00,0,0,1762416000000,1762419600000,103200.26000000,100000,0.13687215,0.11244292,0.24931507
2025-11-06 16:00:00,8365,8365,8365,8365,0,2025-11-06 17:00:00,0,0,1762419600000,1762423200000,102810.01000000,100000,0.13675799,0.11255708,0.24931507
2025-11-06 17:00:00,8365,8365,8365,8365,0,2025-11-06 18:00:00,0,0,1762423200000,1762426800000,103122.54000000,100000,0.13664384,0.11267123,0.24931507
2025-11-06 18:00:00,8365,8365,8365,8365,0,2025-11-06 19:00:00,0,0,1762426800000,1762430400000,103227.58000000,100000,0.13652968,0.11278539,0.24931507
2025-11-06 19:00:00,8365,8365,8365,8365,0,2025-11-06 20:00:00,0,0,1762430400000,1762434000000,102552.38000000,100000,0.13641553,0.11289954,0.24931507
2025-11-06 20:00:00,8365,8365,8365,8365,0,2025-11-06 21:00:00,0,0,1762434000000,1762437600000,103319.71000000,100000,0.13630137,0.11301370,0.24931507
2025-11-06 21:00:00,8365,8365,8365,8365,0,2025-11-06 22:00:00,0,0,1762437600000,1762441200000,102125.00000000,100000,0.13618721,0.11312785,0.24931507
2025-11-06 22:00:00,8365,8365,8365,8365,0,2025-11-06 23:00:00,0,0,1762441200000,1762444800000,102014.48000000,100000,0.13607306,0.11324201,0.24931507
2025-11-06 23:00:00,7825,7825,7825,7825,0.02,2025-11-07 00:00:00,156.5,1,1762444800000,1762448400000,100867.20000000,100000,0.13595890,0.11335616,0.24931507
2025-11-07 00:00:00,7825,7825,7825,7825,0,2025-11-07 01:00:00,0,0,1762448400000,1762452000000,101804.01000000,100000,0.13584475,0.11347032,0.24931507
2025-11-07 01:00:00,7825,7825,7825,7825,0,2025-11-07 02:00:00,0,0,1762452000000,1762455600000,101722.13000000,100000,0.13573059,0.11358447,0.24931507
2025-11-07 02:00:00,7825,7825,7825,7825,0,2025-11-07 03:00:00,0,0,1762455600000,1762459200000,101388.81000000,100000,0.13561644,0.11369863,0.24931507
2025-11-07 03:00:00,7825,7825,7825,7825,0,2025-11-07 04:00:00,0,0,1762459200000,1762462800000,100914.11000000,100000,0.13550228,0.11381279,0.24931507
2025-11-07 04:00:00,7825,7825,7825,7825,0,2025-11-07 05:00:00,0,0,1762462800000,1762466400000,101117.17000000,100000,0.13538813,0.11392694,0.24931507
2025-11-07 05:00:00,7825,7825,7825,7825,0,2025-11-07 06:00:00,0,0,1762466400000,1762470000000,101415.05000000,100000,0.13527397,0.11404110,0.24931507
2025-11-07 06:00:00,7825,7825,7825,7825,0,2025-11-07 07:00:00,0,0,1762470000000,1762473600000,101346.04000000,100000,0.13515982,0.11415525,0.24931507
2025-11-07 07:00:00,7825,7825,7825,7825,0,2025-11-07 08:00:00,0,0,1762473600000,1762477200000,101479.78000000,100000,0.13504566,0.11426941,0.24931507
2025-11-07 08:00:00,7825,7825,7825,7825,0,2025-11-07 09:00:00,0,0,1762477200000,1762480800000,101538.96000000,100000,0.13493151,0.11438356,0.24931507
2025-11-07 09:00:00,7845,7900,7845,7900,1.95,2025-11-07 10:00:00,15343.95,2,1762480800000,1762484400000,101905.11000000,100000,0.13481735,0.11449772,0.24931507
2025-11-07 10:00:00,8075,8075,8075,8075,1.68,2025-11-07 11:00:00,13566,1,1762484400000,1762488000000,101916.29000000,100000,0.13470320,0.11461187,0.24931507
2025-11-07 11:00:00,8075,8075,8075,8075,0,2025-11-07 12:00:00,0,0,1762488000000,1762491600000,102027.19000000,100000,0.13458904,0.11472603,0.24931507
2025-11-07 12:00:00,8075,8075,8075,8075,0,2025-11-07 13:00:00,0,0,1762491600000,1762495200000,102447.47000000,100000,0.13447489,0.11484018,0.24931507
2025-11-07 13:00:00,8075,8075,8075,8075,0,2025-11-07 14:00:00,0,0,1762495200000,1762498800000,101819.10000000,100000,0.13436073,0.11495434,0.24931507
2025-11-07 14:00:00,8075,8075,8075,8075,0,2025-11-07 15:00:00,0,0,1762498800000,1762502400000,102010.00000000,100000,0.13424658,0.11506849,0.24931507
2025-11-07 15:00:00,8075,8075,8075,8075,0,2025-11-07 16:00:00,0,0,1762502400000,1762506000000,101496.18000000,100000,0.13413242,0.11518265,0.24931507
2025-11-07 16:00:00,8075,8075,8075,8075,0,2025-11-07 17:00:00,0,0,1762506000000,1762509600000,101013.66000000,100000,0.13401826,0.11529680,0.24931507
2025-11-07 17:00:00,8075,8075,8075,8075,0,2025-11-07 18:00:00,0,0,1762509600000,1762513200000,100770.85000000,100000,0.13390411,0.11541096,0.24931507
2025-11-07 18:00:00,8075,8075,8075,8075,0,2025-11-07 19:00:00,0,0,1762513200000,1762516800000,100411.89000000,100000,0.13378995,0.11552511,0.24931507
2025-11-07 19:00:00,8075,8075,8075,8075,0,2025-11-07 20:00:00,0,0,1762516800000,1762520400000,99638.28000000,100000,0.13367580,0.11563927,0.24931507
2025-11-07 20:00:00,8075,8075,8075,8075,0,2025-11-07 21:00:00,0,0,1762520400000,1762524000000,100347.35000000,100000,0.13356164,0.11575342,0.24931507
2025-11-07 21:00:00,8075,8075,8075,8075,0,2025-11-07 22:00:00,0,0,1762524000000,1762527600000,100806.08000000,100000,0.13344749,0.11586758,0.24931507
2025-11-07 22:00:00,8075,8075,8075,8075,0,2025-11-07 23:00:00,0,0,1762527600000,1762531200000,100797.95000000,100000,0.13333333,0.11598174,0.24931507
2025-11-07 23:00:00,8075,8075,8075,8075,0,2025-11-08 00:00:00,0,0,1762531200000,1762534800000,101169.20000000,100000,0.13321918,0.11609589,0.24931507
2025-11-08 00:00:00,8075,8075,8075,8075,0,2025-11-08 01:00:00,0,0,1762534800000,1762538400000,102397.12000000,100000,0.13310502,0.11621005,0.24931507
2025-11-08 01:00:00,8075,8075,8075,8075,0,2025-11-08 02:00:00,0,0,1762538400000,1762542000000,102609.46000000,100000,0.13299087,0.11632420,0.24931507
2025-11-08 02:00:00,8075,8075,8075,8075,0,2025-11-08 03:00:00,0,0,1762542000000,1762545600000,103395.25000000,100000,0.13287671,0.11643836,0.24931507
2025-11-08 03:00:00,8075,8075,8075,8075,0,2025-11-08 04:00:00,0,0,1762545600000,1762549200000,103783.09000000,100000,0.13276256,0.11655251,0.24931507
2025-11-08 04:00:00,8075,8075,8075,8075,0,2025-11-08 05:00:00,0,0,1762549200000,1762552800000,103879.23000000,100000,0.13264840,0.11666667,0.24931507
2025-11-08 05:00:00,8075,8075,8075,8075,0,2025-11-08 06:00:00,0,0,1762552800000,1762556400000,103633.03000000,100000,0.13253425,0.11678082,0.24931507
2025-11-08 06:00:00,8075,8075,8075,8075,0,2025-11-08 07:00:00,0,0,1762556400000,1762560000000,103339.08000000,100000,0.13242009,0.11689498,0.24931507
2025-11-08 07:00:00,8075,8075,8075,8075,0,2025-11-08 08:00:00,0,0,1762560000000,1762563600000,102713.15000000,100000,0.13230594,0.11700913,0.24931507
2025-11-08 08:00:00,8075,8075,8075,8075,0,2025-11-08 09:00:00,0,0,1762563600000,1762567200000,102996.84000000,100000,0.13219178,0.11712329,0.24931507
2025-11-08 09:00:00,8075,8075,8075,8075,0,2025-11-08 10:00:00,0,0,1762567200000,1762570800000,102846.65000000,100000,0.13207763,0.11723744,0.24931507
2025-11-08 10:00:00,8075,8075,8075,8075,0,2025-11-08 11:00:00,0,0,1762570800000,1762574400000,102592.76000000,100000,0.13196347,0.11735160,0.24931507
2025-11-08 11:00:00,8075,8075,8075,8075,0,2025-11-08 12:00:00,0,0,1762574400000,1762578000000,102565.03000000,100000,0.13184932,0.11746575,0.24931507
2025-11-08 12:00:00,8075,8075,8075,8075,0,2025-11-08 13:00:00,0,0,1762578000000,1762581600000,102304.00000000,100000,0.13173516,0.11757991,0.24931507
2025-11-08 13:00:00,8075,8075,8075,8075,0,2025-11-08 14:00:00,0,0,1762581600000,1762585200000,102215.62000000,100000,0.13162100,0.11769406,0.24931507
2025-11-08 14:00:00,8075,8075,8075,8075,0,2025-11-08 15:00:00,0,0,1762585200000,1762588800000,102352.96000000,100000,0.13150685,0.11780822,0.24931507
2025-11-08 15:00:00,8075,8075,8075,8075,0,2025-11-08 16:00:00,0,0,1762588800000,1762592400000,102431.74000000,100000,0.13139269,0.11792237,0.24931507
2025-11-08 16:00:00,8075,8075,8075,8075,0,2025-11-08 17:00:00,0,0,1762592400000,1762596000000,102399.46000000,100000,0.13127854,0.11803653,0.24931507
2025-11-08 17:00:00,8075,8075,8075,8075,0,2025-11-08 18:00:00,0,0,1762596000000,1762599600000,102480.04000000,100000,0.13116438,0.11815068,0.24931507
2025-11-08 18:00:00,8075,8075,8075,8075,0,2025-11-08 19:00:00,0,0,1762599600000,1762603200000,101857.10000000,100000,0.13105023,0.11826484,0.24931507
2025-11-08 19:00:00,8075,8075,8075,8075,0,2025-11-08 20:00:00,0,0,1762603200000,1762606800000,102065.14000000,100000,0.13093607,0.11837900,0.24931507
2025-11-08 20:00:00,8075,8075,8075,8075,0,2025-11-08 21:00:00,0,0,1762606800000,1762610400000,101804.63000000,100000,0.13082192,0.11849315,0.24931507
2025-11-08 21:00:00,8075,8075,8075,8075,0,2025-11-08 22:00:00,0,0,1762610400000,1762614000000,101827.19000000,100000,0.13070776,0.11860731,0.24931507
2025-11-08 22:00:00,8075,8075,8075,8075,0,2025-11-08 23:00:00,0,0,1762614000000,1762617600000,101711.45000000,100000,0.13059361,0.11872146,0.24931507
2025-11-08 23:00:00,8075,8075,8075,8075,0,2025-11-09 00:00:00,0,0,1762617600000,1762621200000,101850.22000000,100000,0.13047945,0.11883562,0.24931507
2025-11-09 00:00:00,8075,8075,8075,8075,0,2025-11-09 01:00:00,0,0,1762621200000,1762624800000,101994.52000000,100000,0.13036530,0.11894977,0.24931507
2025-11-09 01:00:00,8075,8075,8075,8075,0,2025-11-09 02:00:00,0,0,1762624800000,1762628400000,102139.53000000,100000,0.13025114,0.11906393,0.24931507
2025-11-09 02:00:00,8075,8075,8075,8075,0,2025-11-09 03:00:00,0,0,1762628400000,1762632000000,101989.65000000,100000,0.13013699,0.11917808,0.24931507
2025-11-09 03:00:00,8075,8075,8075,8075,0,2025-11-09 04:00:00,0,0,1762632000000,1762635600000,102068.06000000,100000,0.13002283,0.11929224,0.24931507
2025-11-09 04:00:00,8075,8075,8075,8075,0,2025-11-09 05:00:00,0,0,1762635600000,1762639200000,102272.81000000,100000,0.12990868,0.11940639,0.24931507
2025-11-09 05:00:00,8075,8075,8075,8075,0,2025-11-09 06:00:00,0,0,1762639200000,1762642800000,102377.46000000,100000,0.12979452,0.11952055,0.24931507
2025-11-09 06:00:00,8075,8075,8075,8075,0,2025-11-09 07:00:00,0,0,1762642800000,1762646400000,102312.94000000,100000,0.12968037,0.11963470,0.24931507
2025-11-09 07:00:00,8075,8075,8075,8075,0,2025-11-09 08:00:00,0,0,1762646400000,1762650000000,101797.74000000,100000,0.12956621,0.11974886,0.24931507
2025-11-09 08:00:00,8075,8075,8075,8075,0,2025-11-09 09:00:00,0,0,1762650000000,1762653600000,102045.07000000,100000,0.12945205,0.11986301,0.24931507
2025-11-09 09:00:00,8075,8075,8075,8075,0,2025-11-09 10:00:00,0,0,1762653600000,1762657200000,101633.25000000,100000,0.12933790,0.11997717,0.24931507
2025-11-09 10:00:00,7440,7440,7440,7440,0.01,2025-11-09 11:00:00,74.4,1,1762657200000,1762660800000,101662.05000000,100000,0.12922374,0.12009132,0.24931507
2025-11-09 11:00:00,7440,7440,7440,7440,0,2025-11-09 12:00:00,0,0,1762660800000,1762664400000,101724.91000000,100000,0.12910959,0.12020548,0.24931507
2025-11-09 12:00:00,7440,7440,7440,7440,0,2025-11-09 13:00:00,0,0,1762664400000,1762668000000,101928.54000000,100000,0.12899543,0.12031963,0.24931507
2025-11-09 13:00:00,7440,7440,7440,7440,0,2025-11-09 14:00:00,0,0,1762668000000,1762671600000,101752.83000000,100000,0.12888128,0.12043379,0.24931507
2025-11-09 14:00:00,7440,7440,7440,7440,0,2025-11-09 15:00:00,0,0,1762671600000,1762675200000,101944.59000000,100000,0.12876712,0.12054795,0.24931507
2025-11-09 15:00:00,7440,7440,7440,7440,0,2025-11-09 16:00:00,0,0,1762675200000,1762678800000,101972.94000000,100000,0.12865297,0.12066210,0.24931507
2025-11-09 16:00:00,7440,7440,7440,7440,0,2025-11-09 17:00:00,0,0,1762678800000,1762682400000,101657.46000000,100000,0.12853881,0.12077626,0.24931507
2025-11-09 17:00:00,7440,7440,7440,7440,0,2025-11-09 18:00:00,0,0,1762682400000,1762686000000,101876.36000000,100000,0.12842466,0.12089041,0.24931507
2025-11-09 18:00:00,7440,7440,7440,7440,0,2025-11-09 19:00:00,0,0,1762686000000,1762689600000,102239.41000000,100000,0.12831050,0.12100457,0.24931507
2025-11-09 19:00:00,7440,7440,7440,7440,0,2025-11-09 20:00:00,0,0,1762689600000,1762693200000,102086.90000000,100000,0.12819635,0.12111872,0.24931507
2025-11-09 20:00:00,7440,7440,7440,7440,0,2025-11-09 21:00:00,0,0,1762693200000,1762696800000,102911.39000000,100000,0.12808219,0.12123288,0.24931507
2025-11-09 21:00:00,7440,7440,7440,7440,0,2025-11-09 22:00:00,0,0,1762696800000,1762700400000,103037.90000000,100000,0.12796804,0.12134703,0.24931507
2025-11-09 22:00:00,7440,7440,7440,7440,0,2025-11-09 23:00:00,0,0,1762700400000,1762704000000,103762.17000000,100000,0.12785388,0.12146119,0.24931507
2025-11-09 23:00:00,7440,7440,7440,7440,0,2025-11-10 00:00:00,0,0,1762704000000,1762707600000,103845.04000000,100000,0.12773973,0.12157534,0.24931507
2025-11-10 00:00:00,7440,7440,7440,7440,0,2025-11-10 01:00:00,0,0,1762707600000,1762711200000,103637.57000000,100000,0.12762557,0.12168950,0.24931507
2025-11-10 01:00:00,7440,7440,7440,7440,0,2025-11-10 02:00:00,0,0,1762711200000,1762714800000,104512.65000000,100000,0.12751142,0.12180365,0.24931507
2025-11-10 02:00:00,7440,7440,7440,7440,0,2025-11-10 03:00:00,0,0,1762714800000,1762718400000,104805.57000000,100000,0.12739726,0.12191781,0.24931507
2025-11-10 03:00:00,7440,7440,7440,7440,0,2025-11-10 04:00:00,0,0,1762718400000,1762722000000,104633.12000000,100000,0.12728311,0.12203196,0.24931507
2025-11-10 04:00:00,7440,7440,7440,7440,0,2025-11-10 05:00:00,0,0,1762722000000,1762725600000,104528.82000000,100000,0.12716895,0.12214612,0.24931507
2025-11-10 05:00:00,7440,7440,7440,7440,0,2025-11-10 06:00:00,0,0,1762725600000,1762729200000,104732.48000000,100000,0.12705479,0.12226027,0.24931507
2025-11-10 06:00:00,7440,7440,7440,7440,0,2025-11-10 07:00:00,0,0,1762729200000,1762732800000,104722.96000000,100000,0.12694064,0.12237443,0.24931507
2025-11-10 07:00:00,7440,7440,7440,7440,0,2025-11-10 08:00:00,0,0,1762732800000,1762736400000,106314.96000000,100000,0.12682648,0.12248858,0.24931507
2025-11-10 08:00:00,7440,7440,7440,7440,0,2025-11-10 09:00:00,0,0,1762736400000,1762740000000,105699.99000000,100000,0.12671233,0.12260274,0.24931507
2025-11-10 09:00:00,7440,7440,7440,7440,0,2025-11-10 10:00:00,0,0,1762740000000,1762743600000,106006.69000000,100000,0.12659817,0.12271689,0.24931507
2025-11-10 10:00:00,7440,7440,7440,7440,0,2025-11-10 11:00:00,0,0,1762743600000,1762747200000,106027.97000000,100000,0.12648402,0.12283105,0.24931507
2025-11-10 11:00:00,7440,7440,7440,7440,0,2025-11-10 12:00:00,0,0,1762747200000,1762750800000,106153.14000000,100000,0.12636986,0.12294521,0.24931507
2025-11-10 12:00:00,7440,7440,7440,7440,0,2025-11-10 13:00:00,0,0,1762750800000,1762754400000,106100.00000000,100000,0.12625571,0.12305936,0.24931507
2025-11-10 13:00:00,7440,7440,7440,7440,0,2025-11-10 14:00:00,0,0,1762754400000,1762758000000,106221.88000000,100000,0.12614155,0.12317352,0.24931507
2025-11-10 14:00:00,10620,10620,10620,10620,0.01,2025-11-10 15:00:00,106.2,1,1762758000000,1762761600000,106461.45000000,100000,0.12602740,0.12328767,0.24931507
2025-11-10 15:00:00,10620,10620,10620,10620,0,2025-11-10 16:00:00,0,0,1762761600000,1762765200000,105965.46000000,100000,0.12591324,0.12340183,0.24931507
2025-11-10 16:00:00,10620,10620,10620,10620,0,2025-11-10 17:00:00,0,0,1762765200000,1762768800000,106440.00000000,100000,0.12579909,0.12351598,0.24931507
2025-11-10 17:00:00,10620,10620,10620,10620,0,2025-11-10 18:00:00,0,0,1762768800000,1762772400000,105995.26000000,100000,0.12568493,0.12363014,0.24931507
2025-11-10 18:00:00,10620,10620,10620,10620,0,2025-11-10 19:00:00,0,0,1762772400000,1762776000000,106176.50000000,100000,0.12557078,0.12374429,0.24931507
2025-11-10 19:00:00,10620,10620,10620,10620,0,2025-11-10 20:00:00,0,0,1762776000000,1762779600000,105944.17000000,100000,0.12545662,0.12385845,0.24931507
2025-11-10 20:00:00,10770,10770,10770,10770,0.02,2025-11-10 21:00:00,215.4,1,1762779600000,1762783200000,106548.02000000,100000,0.12534247,0.12397260,0.24931507
2025-11-10 21:00:00,10770,10770,10770,10770,0,2025-11-10 22:00:00,0,0,1762783200000,1762786800000,104898.15000000,100000,0.12522831,0.12408676,0.24931507
2025-11-10 22:00:00,10770,10770,10770,10770,0,2025-11-10 23:00:00,0,0,1762786800000,1762790400000,105079.99000000,100000,0.12511416,0.12420091,0.24931507
2025-11-10 23:00:00,10770,10770,10770,10770,0,2025-11-11 00:00:00,0,0,1762790400000,1762794000000,105242.05000000,100000,0.12500000,0.12431507,0.24931507
2025-11-11 00:00:00,10770,10770,10770,10770,0,2025-11-11 01:00:00,0,0,1762794000000,1762797600000,105953.10000000,100000,0.12488584,0.12442922,0.24931507
2025-11-11 01:00:00,10770,10770,10770,10770,0,2025-11-11 02:00:00,0,0,1762797600000,1762801200000,105478.00000000,100000,0.12477169,0.12454338,0.24931507
2025-11-11 02:00:00,10770,10770,10770,10770,0,2025-11-11 03:00:00,0,0,1762801200000,1762804800000,105817.99000000,100000,0.12465753,0.12465753,0.24931507
2025-11-11 03:00:00,10770,10770,10770,10770,0,2025-11-11 04:00:00,0,0,1762804800000,1762808400000,106010.73000000,100000,0.12454338,0.12477169,0.24931507
2025-11-11 04:00:00,10770,10770,10770,10770,0,2025-11-11 05:00:00,0,0,1762808400000,1762812000000,105631.27000000,100000,0.12442922,0.12488584,0.24931507
2025-11-11 05:00:00,10770,10770,10770,10770,0,2025-11-11 06:00:00,0,0,1762812000000,1762815600000,106062.80000000,100000,0.12431507,0.12500000,0.24931507
2025-11-11 06:00:00,10770,10770,10770,10770,0,2025-11-11 07:00:00,0,0,1762815600000,1762819200000,106011.13000000,100000,0.12420091,0.12511416,0.24931507
2025-11-11 07:00:00,10770,10770,10770,10770,0,2025-11-11 08:00:00,0,0,1762819200000,1762822800000,106139.83000000,100000,0.12408676,0.12522831,0.24931507
2025-11-11 08:00:00,10770,10770,10770,10770,0,2025-11-11 09:00:00,0,0,1762822800000,1762826400000,106110.36000000,100000,0.12397260,0.12534247,0.24931507
2025-11-11 09:00:00,10770,10770,10770,10770,0,2025-11-11 10:00:00,0,0,1762826400000,1762830000000,106655.02000000,100000,0.12385845,0.12545662,0.24931507
2025-11-11 10:00:00,10770,10770,10770,10770,0,2025-11-11 11:00:00,0,0,1762830000000,1762833600000,106456.00000000,100000,0.12374429,0.12557078,0.24931507
2025-11-11 11:00:00,10770,10770,10770,10770,0,2025-11-11 12:00:00,0,0,1762833600000,1762837200000,105755.32000000,100000,0.12363014,0.12568493,0.24931507
2025-11-11 12:00:00,10770,10770,10770,10770,0,2025-11-11 13:00:00,0,0,1762837200000,1762840800000,105249.35000000,100000,0.12351598,0.12579909,0.24931507
2025-11-11 13:00:00,10770,10770,10770,10770,0,2025-11-11 14:00:00,0,0,1762840800000,1762844400000,105261.27000000,100000,0.12340183,0.12591324,0.24931507
2025-11-11 14:00:00,10770,10770,10770,10770,0,2025-11-11 15:00:00,0,0,1762844400000,1762848000000,104783.98000000,100000,0.12328767,0.12602740,0.24931507
2025-11-11 15:00:00,10770,10770,10770,10770,0,2025-11-11 16:00:00,0,0,1762848000000,1762851600000,105157.80000000,100000,0.12317352,0.12614155,0.24931507
2025-11-11 16:00:00,10770,10770,10770,10770,0,2025-11-11 17:00:00,0,0,1762851600000,1762855200000,104971.63000000,100000,0.12305936,0.12625571,0.24931507
2025-11-11 17:00:00,10770,10770,10770,10770,0,2025-11-11 18:00:00,0,0,1762855200000,1762858800000,105176.38000000,100000,0.12294521,0.12636986,0.24931507
2025-11-11 18:00:00,10770,10770,10770,10770,0,2025-11-11 19:00:00,0,0,1762858800000,1762862400000,105311.90000000,100000,0.12283105,0.12648402,0.24931507
2025-11-11 19:00:00,10770,10770,10770,10770,0,2025-11-11 20:00:00,0,0,1762862400000,1762866000000,104530.83000000,100000,0.12271689,0.12659817,0.24931507
2025-11-11 20:00:00,10770,10770,10770,10770,0,2025-11-11 21:00:00,0,0,1762866000000,1762869600000,104390.92000000,100000,0.12260274,0.12671233,0.24931507
2025-11-11 21:00:00,10770,10770,10770,10770,0,2025-11-11 22:00:00,0,0,1762869600000,1762873200000,104560.16000000,100000,0.12248858,0.12682648,0.24931507
2025-11-11 22:00:00,10770,10770,10770,10770,0,2025-11-11 23:00:00,0,0,1762873200000,1762876800000,103455.99000000,100000,0.12237443,0.12694064,0.24931507
2025-11-11 23:00:00,10770,10770,10770,10770,0,2025-11-12 00:00:00,0,0,1762876800000,1762880400000,103399.43000000,100000,0.12226027,0.12705479,0.24931507
2025-11-12 00:00:00,10770,10770,10770,10770,0,2025-11-12 01:00:00,0,0,1762880400000,1762884000000,103338.99000000,100000,0.12214612,0.12716895,0.24931507
2025-11-12 01:00:00,10770,10770,10770,10770,0,2025-11-12 02:00:00,0,0,1762884000000,1762887600000,103401.07000000,100000,0.12203196,0.12728311,0.24931507
2025-11-12 02:00:00,10770,10770,10770,10770,0,2025-11-12 03:00:00,0,0,1762887600000,1762891200000,103126.39000000,100000,0.12191781,0.12739726,0.24931507
2025-11-12 03:00:00,10770,10770,10770,10770,0,2025-11-12 04:00:00,0,0,1762891200000,1762894800000,102809.27000000,100000,0.12180365,0.12751142,0.24931507
2025-11-12 04:00:00,10770,10770,10770,10770,0,2025-11-12 05:00:00,0,0,1762894800000,1762898400000,102633.92000000,100000,0.12168950,0.12762557,0.24931507
2025-11-12 05:00:00,10770,10770,10770,10770,0,2025-11-12 06:00:00,0,0,1762898400000,1762902000000,103000.01000000,100000,0.12157534,0.12773973,0.24931507
2025-11-12 06:00:00,10770,10770,10770,10770,0,2025-11-12 07:00:00,0,0,1762902000000,1762905600000,103058.99000000,100000,0.12146119,0.12785388,0.24931507
2025-11-12 07:00:00,10770,10770,10770,10770,0,2025-11-12 08:00:00,0,0,1762905600000,1762909200000,102885.99000000,100000,0.12134703,0.12796804,0.24931507
2025-11-12 08:00:00,10770,10770,10770,10770,0,2025-11-12 09:00:00,0,0,1762909200000,1762912800000,103254.64000000,100000,0.12123288,0.12808219,0.24931507
2025-11-12 09:00:00,10770,10770,10770,10770,0,2025-11-12 10:00:00,0,0,1762912800000,1762916400000,103151.66000000,100000,0.12111872,0.12819635,0.24931507
2025-11-12 10:00:00,10770,10770,10770,10770,0,2025-11-12 11:00:00,0,0,1762916400000,1762920000000,103310.00000000,100000,0.12100457,0.12831050,0.24931507
2025-11-12 11:00:00,10770,10770,10770,10770,0,2025-11-12 12:00:00,0,0,1762920000000,1762923600000,103246.87000000,100000,0.12089041,0.12842466,0.24931507
2025-11-12 12:00:00,10770,10770,10770,10770,0,2025-11-12 13:00:00,0,0,1762923600000,1762927200000,103385.30000000,100000,0.12077626,0.12853881,0.24931507
2025-11-12 13:00:00,10770,10770,10770,10770,0,2025-11-12 14:00:00,0,0,1762927200000,1762930800000,103366.97000000,100000,0.12066210,0.12865297,0.24931507
2025-11-12 14:00:00,10770,10770,10770,10770,0,2025-11-12 15:00:00,0,0,1762930800000,1762934400000,103112.66000000,100000,0.12054795,0.12876712,0.24931507
2025-11-12 15:00:00,10770,10770,10770,10770,0,2025-11-12 16:00:00,0,0,1762934400000,1762938000000,104147.24000000,100000,0.12043379,0.12888128,0.24931507
2025-11-12 16:00:00,10770,10770,10770,10770,0,2025-11-12 17:00:00,0,0,1762938000000,1762941600000,104521.56000000,100000,0.12031963,0.12899543,0.24931507
2025-11-12 17:00:00,10770,10770,10770,10770,0,2025-11-12 18:00:00,0,0,1762941600000,1762945200000,104899.99000000,100000,0.12020548,0.12910959,0.24931507
2025-11-12 18:00:00,10770,10770,10770,10770,0,2025-11-12 19:00:00,0,0,1762945200000,1762948800000,105020.83000000,100000,0.12009132,0.12922374,0.24931507
2025-11-12 19:00:00,10770,10770,10770,10770,0,2025-11-12 20:00:00,0,0,1762948800000,1762952400000,104993.74000000,100000,0.11997717,0.12933790,0.24931507
2025-11-12 20:00:00,10770,10770,10770,10770,0,2025-11-12 21:00:00,0,0,1762952400000,1762956000000,105039.99000000,100000,0.11986301,0.12945205,0.24931507
2025-11-12 21:00:00,10770,10770,10770,10770,0,2025-11-12 22:00:00,0,0,1762956000000,1762959600000,103990.40000000,100000,0.11974886,0.12956621,0.24931507
2025-11-12 22:00:00,10770,10770,10770,10770,0,2025-11-12 23:00:00,0,0,1762959600000,1762963200000,102173.51000000,100000,0.11963470,0.12968037,0.24931507
2025-11-12 23:00:00,10770,10770,10770,10770,0,2025-11-13 00:00:00,0,0,1762963200000,1762966800000,101442.61000000,100000,0.11952055,0.12979452,0.24931507
2025-11-13 00:00:00,10770,10770,10770,10770,0,2025-11-13 01:00:00,0,0,1762966800000,1762970400000,101748.02000000,100000,0.11940639,0.12990868,0.24931507
2025-11-13 01:00:00,10770,10770,10770,10770,0,2025-11-13 02:00:00,0,0,1762970400000,1762974000000,101542.17000000,100000,0.11929224,0.13002283,0.24931507
2025-11-13 02:00:00,7280,7280,7280,7280,0.01,2025-11-13 03:00:00,72.8,1,1762974000000,1762977600000,101297.31000000,100000,0.11917808,0.13013699,0.24931507
2025-11-13 03:00:00,7280,7280,7280,7280,0,2025-11-13 04:00:00,0,0,1762977600000,1762981200000,101539.01000000,100000,0.11906393,0.13025114,0.24931507
2025-11-13 04:00:00,7280,7280,7280,7280,0,2025-11-13 05:00:00,0,0,1762981200000,1762984800000,101920.47000000,100000,0.11894977,0.13036530,0.24931507
2025-11-13 05:00:00,7280,7280,7280,7280,0,2025-11-13 06:00:00,0,0,1762984800000,1762988400000,101978.96000000,100000,0.11883562,0.13047945,0.24931507
2025-11-13 06:00:00,7280,7280,7280,7280,0,2025-11-13 07:00:00,0,0,1762988400000,1762992000000,101654.37000000,100000,0.11872146,0.13059361,0.24931507
2025-11-13 07:00:00,7280,7280,7280,7280,0,2025-11-13 08:00:00,0,0,1762992000000,1762995600000,101854.58000000,100000,0.11860731,0.13070776,0.24931507
2025-11-13 08:00:00,7280,7280,7280,7280,0,2025-11-13 09:00:00,0,0,1762995600000,1762999200000,102007.00000000,100000,0.11849315,0.13082192,0.24931507
2025-11-13 09:00:00,7280,7280,7280,7280,0,2025-11-13 10:00:00,0,0,1762999200000,1763002800000,102064.41000000,100000,0.11837900,0.13093607,0.24931507
2025-11-13 10:00:00,7280,7280,7280,7280,0,2025-11-13 11:00:00,0,0,1763002800000,1763006400000,102130.21000000,100000,0.11826484,0.13105023,0.24931507
2025-11-13 11:00:00,7280,7280,7280,7280,0,2025-11-13 12:00:00,0,0,1763006400000,1763010000000,102120.00000000,100000,0.11815068,0.13116438,0.24931507
2025-11-13 12:00:00,7280,7280,7280,7280,0,2025-11-13 13:00:00,0,0,1763010000000,1763013600000,103135.84000000,100000,0.11803653,0.13127854,0.24931507
2025-11-13 13:00:00,7280,7280,7280,7280,0,2025-11-13 14:00:00,0,0,1763013600000,1763017200000,103590.74000000,100000,0.11792237,0.13139269,0.24931507
2025-11-13 14:00:00,7280,7280,7280,7280,0,2025-11-13 15:00:00,0,0,1763017200000,1763020800000,103475.66000000,100000,0.11780822,0.13150685,0.24931507
2025-11-13 15:00:00,7280,7280,7280,7280,0,2025-11-13 16:00:00,0,0,1763020800000,1763024400000,103684.06000000,100000,0.11769406,0.13162100,0.24931507
2025-11-13 16:00:00,7280,7280,7280,7280,0,2025-11-13 17:00:00,0,0,1763024400000,1763028000000,102827.00000000,100000,0.11757991,0.13173516,0.24931507
2025-11-13 17:00:00,7280,7280,7280,7280,0,2025-11-13 18:00:00,0,0,1763028000000,1763031600000,102991.22000000,100000,0.11746575,0.13184932,0.24931507
2025-11-13 18:00:00,7280,7280,7280,7280,0,2025-11-13 19:00:00,0,0,1763031600000,1763035200000,102936.50000000,100000,0.11735160,0.13196347,0.24931507
2025-11-13 19:00:00,7280,7280,7280,7280,0,2025-11-13 20:00:00,0,0,1763035200000,1763038800000,103143.45000000,100000,0.11723744,0.13207763,0.24931507
2025-11-13 20:00:00,7280,7280,7280,7280,0,2025-11-13 21:00:00,0,0,1763038800000,1763042400000,102326.48000000,100000,0.11712329,0.13219178,0.24931507
2025-11-13 21:00:00,7280,7280,7280,7280,0,2025-11-13 22:00:00,0,0,1763042400000,1763046000000,102873.14000000,100000,0.11700913,0.13230594,0.24931507
2025-11-13 22:00:00,7280,7280,7280,7280,0,2025-11-13 23:00:00,0,0,1763046000000,1763049600000,101382.64000000,100000,0.11689498,0.13242009,0.24931507
2025-11-13 23:00:00,7280,7280,7280,7280,0,2025-11-14 00:00:00,0,0,1763049600000,1763053200000,100633.13000000,100000,0.11678082,0.13253425,0.24931507
2025-11-14 00:00:00,6370,6370,6370,6370,2,2025-11-14 01:00:00,12740,2,1763053200000,1763056800000,99659.99000000,100000,0.11666667,0.13264840,0.24931507
2025-11-14 01:00:00,6325,6325,5670,5670,1.32,2025-11-14 02:00:00,7589.2,2,1763056800000,1763060400000,98591.78000000,100000,0.11655251,0.13276256,0.24931507
2025-11-14 02:00:00,5670,5670,5670,5670,0,2025-11-14 03:00:00,0,0,1763060400000,1763064000000,98682.14000000,100000,0.11643836,0.13287671,0.24931507
2025-11-14 03:00:00,5500,5535,5500,5535,1.02,2025-11-14 04:00:00,5645,2,1763064000000,1763067600000,98162.11000000,100000,0.11632420,0.13299087,0.24931507
2025-11-14 04:00:00,5535,5535,5535,5535,0,2025-11-14 05:00:00,0,0,1763067600000,1763071200000,98817.36000000,100000,0.11621005,0.13310502,0.24931507
2025-11-14 05:00:00,5535,5535,5535,5535,0,2025-11-14 06:00:00,0,0,1763071200000,1763074800000,99851.82000000,100000,0.11609589,0.13321918,0.24931507
2025-11-14 06:00:00,5535,5535,5535,5535,0,2025-11-14 07:00:00,0,0,1763074800000,1763078400000,99692.02000000,100000,0.11598174,0.13333333,0.24931507
2025-11-14 07:00:00,5905,5905,5770,5770,3.11,2025-11-14 08:00:00,18236.25,4,1763078400000,1763082000000,98973.95000000,100000,0.11586758,0.13344749,0.24931507
2025-11-14 08:00:00,5770,5770,5770,5770,0,2025-11-14 09:00:00,0,0,1763082000000,1763085600000,99255.60000000,100000,0.11575342,0.13356164,0.24931507
2025-11-14 09:00:00,5770,5770,5770,5770,0,2025-11-14 10:00:00,0,0,1763085600000,1763089200000,99620.00000000,100000,0.11563927,0.13367580,0.24931507
2025-11-14 10:00:00,5770,5770,5770,5770,0,2025-11-14 11:00:00,0,0,1763089200000,1763092800000,99139.38000000,100000,0.11552511,0.13378995,0.24931507
2025-11-14 11:00:00,5000,5000,5000,5000,0.02,2025-11-14 12:00:00,100,1,1763092800000,1763096400000,97823.98000000,100000,0.11541096,0.13390411,0.24931507
2025-11-14 12:00:00,4925,4925,4925,4925,0.01,2025-11-14 13:00:00,49.25,1,1763096400000,1763100000000,97523.98000000,100000,0.11529680,0.13401826,0.24931507
2025-11-14 13:00:00,4925,4925,4460,4580,9.3,2025-11-14 14:00:00,43540.5,10,1763100000000,1763103600000,97569.13000000,100000,0.11518265,0.13413242,0.24931507
2025-11-14 14:00:00,5010,5110,4970,5000,9.8,2025-11-14 15:00:00,49098.1,11,1763103600000,1763107200000,97151.98000000,100000,0.11506849,0.13424658,0.24931507
2025-11-14 15:00:00,4900,4990,4880,4935,6.18,2025-11-14 16:00:00,30443.8,7,1763107200000,1763110800000,97377.41000000,100000,0.11495434,0.13436073,0.24931507
2025-11-14 16:00:00,4700,4700,4700,4700,0.02,2025-11-14 17:00:00,94,1,1763110800000,1763114400000,96839.93000000,100000,0.11484018,0.13447489,0.24931507
2025-11-14 17:00:00,4745,4745,4745,4745,2,2025-11-14 18:00:00,9490,1,1763114400000,1763118000000,96752.20000000,100000,0.11472603,0.13458904,0.24931507
2025-11-14 18:00:00,4410,4410,4410,4410,2,2025-11-14 19:00:00,8820,1,1763118000000,1763121600000,96167.44000000,100000,0.11461187,0.13470320,0.24931507
2025-11-14 19:00:00,4410,4410,4075,4075,3.01,2025-11-14 20:00:00,12747.2,4,1763121600000,1763125200000,95350.75000000,100000,0.11449772,0.13481735,0.24931507
2025-11-14 20:00:00,4260,4260,4185,4185,0.97,2025-11-14 21:00:00,4060.2,3,1763125200000,1763128800000,95243.95000000,100000,0.11438356,0.13493151,0.24931507
2025-11-14 21:00:00,4270,4345,4270,4345,3.35,2025-11-14 22:00:00,14352.4,3,1763128800000,1763132400000,96542.38000000,100000,0.11426941,0.13504566,0.24931507
2025-11-14 22:00:00,4935,4935,4935,4935,1,2025-11-14 23:00:00,4935,1,1763132400000,1763136000000,96796.14000000,100000,0.11415525,0.13515982,0.24931507
2025-11-14 23:00:00,4935,4935,4935,4935,0,2025-11-15 00:00:00,0,0,1763136000000,1763139600000,97011.22000000,100000,0.11404110,0.13527397,0.24931507
2025-11-15 00:00:00,4935,4935,4935,4935,0,2025-11-15 01:00:00,0,0,1763139600000,1763143200000,95842.56000000,100000,0.11392694,0.13538813,0.24931507
2025-11-15 01:00:00,4135,4135,4135,4135,1,2025-11-15 02:00:00,4135,2,1763143200000,1763146800000,95075.53000000,100000,0.11381279,0.13550228,0.24931507
2025-11-15 02:00:00,4135,4135,4135,4135,0,2025-11-15 03:00:00,0,0,1763146800000,1763150400000,95778.29000000,100000,0.11369863,0.13561644,0.24931507
2025-11-15 03:00:00,4225,4225,3925,3925,2.01,2025-11-15 04:00:00,8489.25,3,1763150400000,1763154000000,94377.47000000,100000,0.11358447,0.13573059,0.24931507
2025-11-15 04:00:00,3925,3925,3925,3925,0,2025-11-15 05:00:00,0,0,1763154000000,1763157600000,95059.47000000,100000,0.11347032,0.13584475,0.24931507
2025-11-15 05:00:00,4095,4095,4095,4095,0.01,2025-11-15 06:00:00,40.95,1,1763157600000,1763161200000,95179.99000000,100000,0.11335616,0.13595890,0.24931507
2025-11-15 06:00:00,3950,3960,3775,3775,2.16,2025-11-15 07:00:00,8505.7,3,1763161200000,1763164800000,94594.00000000,100000,0.11324201,0.13607306,0.24931507
2025-11-15 07:00:00,3775,3775,3775,3775,0,2025-11-15 08:00:00,0,0,1763164800000,1763168400000,95149.35000000,100000,0.11312785,0.13618721,0.24931507
2025-11-15 08:00:00,3775,3775,3775,3775,0,2025-11-15 09:00:00,0,0,1763168400000,1763172000000,95650.17000000,100000,0.11301370,0.13630137,0.24931507
2025-11-15 09:00:00,3775,3775,3775,3775,0,2025-11-15 10:00:00,0,0,1763172000000,1763175600000,96482.77000000,100000,0.11289954,0.13641553,0.24931507
2025-11-15 10:00:00,3775,3775,3775,3775,0,2025-11-15 11:00:00,0,0,1763175600000,1763179200000,96417.12000000,100000,0.11278539,0.13652968,0.24931507
2025-11-15 11:00:00,3775,3775,3775,3775,0,2025-11-15 12:00:00,0,0,1763179200000,1763182800000,96112.14000000,100000,0.11267123,0.13664384,0.24931507
2025-11-15 12:00:00,3775,3775,3775,3775,0,2025-11-15 13:00:00,0,0,1763182800000,1763186400000,96342.18000000,100000,0.11255708,0.13675799,0.24931507
2025-11-15 13:00:00,3775,3775,3775,3775,0,2025-11-15 14:00:00,0,0,1763186400000,1763190000000,96121.27000000,100000,0.11244292,0.13687215,0.24931507
2025-11-15 14:00:00,3775,3775,3775,3775,0,2025-11-15 15:00:00,0,0,1763190000000,1763193600000,96333.86000000,100000,0.11232877,0.13698630,0.24931507
2025-11-15 15:00:00,4500,4500,4500,4500,0.01,2025-11-15 16:00:00,45,1,1763193600000,1763197200000,95910.88000000,100000,0.11221461,0.13710046,0.24931507
2025-11-15 16:00:00,4500,4500,4500,4500,0,2025-11-15 17:00:00,0,0,1763197200000,1763200800000,95808.44000000,100000,0.11210046,0.13721461,0.24931507
2025-11-15 17:00:00,4500,4500,4500,4500,0,2025-11-15 18:00:00,0,0,1763200800000,1763204400000,95952.13000000,100000,0.11198630,0.13732877,0.24931507
2025-11-15 18:00:00,4500,4500,4500,4500,0,2025-11-15 19:00:00,0,0,1763204400000,1763208000000,95696.87000000,100000,0.11187215,0.13744292,0.24931507
2025-11-15 19:00:00,4500,4500,4500,4500,0,2025-11-15 20:00:00,0,0,1763208000000,1763211600000,95814.08000000,100000,0.11175799,0.13755708,0.24931507
2025-11-15 20:00:00,4500,4500,4500,4500,0,2025-11-15 21:00:00,0,0,1763211600000,1763215200000,96370.16000000,100000,0.11164384,0.13767123,0.24931507
2025-11-15 21:00:00,4500,4500,4500,4500,0,2025-11-15 22:00:00,0,0,1763215200000,1763218800000,96254.25000000,100000,0.11152968,0.13778539,0.24931507
2025-11-15 22:00:00,4500,4500,4500,4500,0,2025-11-15 23:00:00,0,0,1763218800000,1763222400000,96260.00000000,100000,0.11141553,0.13789954,0.24931507
2025-11-15 23:00:00,4500,4500,4500,4500,0,2025-11-16 00:00:00,0,0,1763222400000,1763226000000,96162.84000000,100000,0.11130137,0.13801370,0.24931507
2025-11-16 00:00:00,4500,4500,4500,4500,0,2025-11-16 01:00:00,0,0,1763226000000,1763229600000,96238.50000000,100000,0.11118721,0.13812785,0.24931507
2025-11-16 01:00:00,4500,4500,4500,4500,0,2025-11-16 02:00:00,0,0,1763229600000,1763233200000,96052.99000000,100000,0.11107306,0.13824201,0.24931507
2025-11-16 02:00:00,4500,4500,4500,4500,0,2025-11-16 03:00:00,0,0,1763233200000,1763236800000,96012.01000000,100000,0.11095890,0.13835616,0.24931507
2025-11-16 03:00:00,4375,4375,4375,4375,0.01,2025-11-16 04:00:00,43.75,1,1763236800000,1763240400000,95277.52000000,100000,0.11084475,0.13847032,0.24931507
2025-11-16 04:00:00,4375,4375,4375,4375,0,2025-11-16 05:00:00,0,0,1763240400000,1763244000000,95279.99000000,100000,0.11073059,0.13858447,0.24931507
2025-11-16 05:00:00,4210,4210,4210,4210,0.21,2025-11-16 06:00:00,884.1,1,1763244000000,1763247600000,95619.62000000,100000,0.11061644,0.13869863,0.24931507
2025-11-16 06:00:00,4210,4210,4210,4210,0,2025-11-16 07:00:00,0,0,1763247600000,1763251200000,95596.24000000,100000,0.11050228,0.13881279,0.24931507
2025-11-16 07:00:00,4210,4210,4210,4210,0,2025-11-16 08:00:00,0,0,1763251200000,1763254800000,95362.00000000,100000,0.11038813,0.13892694,0.24931507
2025-11-16 08:00:00,4210,4210,4210,4210,0,2025-11-16 09:00:00,0,0,1763254800000,1763258400000,95276.62000000,100000,0.11027397,0.13904110,0.24931507
2025-11-16 09:00:00,4210,4210,4210,4210,0,2025-11-16 10:00:00,0,0,1763258400000,1763262000000,95963.88000000,100000,0.11015982,0.13915525,0.24931507
2025-11-16 10:00:00,4210,4210,4210,4210,0,2025-11-16 11:00:00,0,0,1763262000000,1763265600000,95825.02000000,100000,0.11004566,0.13926941,0.24931507
2025-11-16 11:00:00,4210,4210,4210,4210,0,2025-11-16 12:00:00,0,0,1763265600000,1763269200000,95821.79000000,100000,0.10993151,0.13938356,0.24931507
2025-11-16 12:00:00,4210,4210,4210,4210,0,2025-11-16 13:00:00,0,0,1763269200000,1763272800000,95881.82000000,100000,0.10981735,0.13949772,0.24931507
2025-11-16 13:00:00,4210,4210,4210,4210,0,2025-11-16 14:00:00,0,0,1763272800000,1763276400000,95813.53000000,100000,0.10970320,0.13961187,0.24931507
2025-11-16 14:00:00,4285,4285,4285,4285,0.09,2025-11-16 15:00:00,385.65,1,1763276400000,1763280000000,96099.99000000,100000,0.10958904,0.13972603,0.24931507
2025-11-16 15:00:00,4285,4285,4285,4285,0,2025-11-16 16:00:00,0,0,1763280000000,1763283600000,96116.94000000,100000,0.10947489,0.13984018,0.24931507
2025-11-16 16:00:00,4465,4465,4465,4465,0.01,2025-11-16 17:00:00,44.65,1,1763283600000,1763287200000,96629.75000000,100000,0.10936073,0.13995434,0.24931507
2025-11-16 17:00:00,4465,4465,4465,4465,0,2025-11-16 18:00:00,0,0,1763287200000,1763290800000,96444.71000000,100000,0.10924658,0.14006849,0.24931507
2025-11-16 18:00:00,4465,4465,4465,4465,0,2025-11-16 19:00:00,0,0,1763290800000,1763294400000,95627.13000000,100000,0.10913242,0.14018265,0.24931507
2025-11-16 19:00:00,4290,4290,4290,4290,0.1,2025-11-16 20:00:00,429,1,1763294400000,1763298000000,95743.90000000,100000,0.10901826,0.14029680,0.24931507
2025-11-16 20:00:00,4290,4290,4290,4290,0,2025-11-16 21:00:00,0,0,1763298000000,1763301600000,95420.44000000,100000,0.10890411,0.14041096,0.24931507
2025-11-16 21:00:00,4200,4200,4200,4200,0.05,2025-11-16 22:00:00,210,1,1763301600000,1763305200000,95531.13000000,100000,0.10878995,0.14052511,0.24931507
2025-11-16 22:00:00,4200,4200,4200,4200,0,2025-11-16 23:00:00,0,0,1763305200000,1763308800000,94573.46000000,100000,0.10867580,0.14063927,0.24931507
2025-11-16 23:00:00,4200,4200,4200,4200,0,2025-11-17 00:00:00,0,0,1763308800000,1763312400000,94224.47000000,100000,0.10856164,0.14075342,0.24931507
2025-11-17 00:00:00,4200,4200,4200,4200,0,2025-11-17 01:00:00,0,0,1763312400000,1763316000000,94357.67000000,100000,0.10844749,0.14086758,0.24931507
2025-11-17 01:00:00,3660,3660,3660,3660,0.01,2025-11-17 02:00:00,36.6,1,1763316000000,1763319600000,94049.64000000,100000,0.10833333,0.14098174,0.24931507
2025-11-17 02:00:00,3735,3735,3735,3735,0.42,2025-11-17 03:00:00,1568.7,1,1763319600000,1763323200000,94020.00000000,100000,0.10821918,0.14109589,0.24931507
2025-11-17 03:00:00,3735,3735,3735,3735,0,2025-11-17 04:00:00,0,0,1763323200000,1763326800000,94090.00000000,100000,0.10810502,0.14121005,0.24931507
2025-11-17 04:00:00,3735,3735,3735,3735,0,2025-11-17 05:00:00,0,0,1763326800000,1763330400000,93505.22000000,100000,0.10799087,0.14132420,0.24931507
2025-11-17 05:00:00,3430,3430,3430,3430,0.01,2025-11-17 06:00:00,34.3,1,1763330400000,1763334000000,94183.36000000,100000,0.10787671,0.14143836,0.24931507
2025-11-17 06:00:00,3430,3430,3430,3430,0,2025-11-17 07:00:00,0,0,1763334000000,1763337600000,94261.44000000,100000,0.10776256,0.14155251,0.24931507
2025-11-17 07:00:00,3870,3870,3870,3870,1,2025-11-17 08:00:00,3870,1,1763337600000,1763341200000,95290.01000000,100000,0.10764840,0.14166667,0.24931507
2025-11-17 08:00:00,3870,3870,3870,3870,0,2025-11-17 09:00:00,0,0,1763341200000,1763344800000,94768.02000000,100000,0.10753425,0.14178082,0.24931507
2025-11-17 09:00:00,3870,3870,3870,3870,0,2025-11-17 10:00:00,0,0,1763344800000,1763348400000,94976.18000000,100000,0.10742009,0.14189498,0.24931507
2025-11-17 10:00:00,3870,3870,3870,3870,0,2025-11-17 11:00:00,0,0,1763348400000,1763352000000,95496.77000000,100000,0.10730594,0.14200913,0.24931507
2025-11-17 11:00:00,3870,3870,3870,3870,0,2025-11-17 12:00:00,0,0,1763352000000,1763355600000,95096.74000000,100000,0.10719178,0.14212329,0.24931507
2025-11-17 12:00:00,3870,3870,3870,3870,0,2025-11-17 13:00:00,0,0,1763355600000,1763359200000,95122.76000000,100000,0.10707763,0.14223744,0.24931507
2025-11-17 13:00:00,3870,3870,3870,3870,0,2025-11-17 14:00:00,0,0,1763359200000,1763362800000,95282.36000000,100000,0.10696347,0.14235160,0.24931507
2025-11-17 14:00:00,3870,3870,3870,3870,0,2025-11-17 15:00:00,0,0,1763362800000,1763366400000,95653.77000000,100000,0.10684932,0.14246575,0.24931507
2025-11-17 15:00:00,3870,3870,3870,3870,0,2025-11-17 16:00:00,0,0,1763366400000,1763370000000,95619.06000000,100000,0.10673516,0.14257991,0.24931507
2025-11-17 16:00:00,3870,3870,3870,3870,0,2025-11-17 17:00:00,0,0,1763370000000,1763373600000,95656.21000000,100000,0.10662100,0.14269406,0.24931507
2025-11-17 17:00:00,3870,3870,3870,3870,0,2025-11-17 18:00:00,0,0,1763373600000,1763377200000,95651.70000000,100000,0.10650685,0.14280822,0.24931507
2025-11-17 18:00:00,3870,3870,3870,3870,0,2025-11-17 19:00:00,0,0,1763377200000,1763380800000,95565.38000000,100000,0.10639269,0.14292237,0.24931507
2025-11-17 19:00:00,3870,3870,3870,3870,0,2025-11-17 20:00:00,0,0,1763380800000,1763384400000,95312.23000000,100000,0.10627854,0.14303653,0.24931507
2025-11-17 20:00:00,3500,3500,3500,3500,2.05,2025-11-17 21:00:00,7175,4,1763384400000,1763388000000,93959.79000000,100000,0.10616438,0.14315068,0.24931507
2025-11-17 21:00:00,3555,4000,3545,4000,0.3,2025-11-17 22:00:00,1069.45,3,1763388000000,1763391600000,94769.32000000,100000,0.10605023,0.14326484,0.24931507
2025-11-17 22:00:00,4000,4000,4000,4000,0,2025-11-17 23:00:00,0,0,1763391600000,1763395200000,93959.67000000,100000,0.10593607,0.14337900,0.24931507
2025-11-17 23:00:00,3350,3350,3350,3350,0.69,2025-11-18 00:00:00,2311.5,1,1763395200000,1763398800000,94306.00000000,100000,0.10582192,0.14349315,0.24931507
2025-11-18 00:00:00,3350,3350,3350,3350,0,2025-11-18 01:00:00,0,0,1763398800000,1763402400000,92767.49000000,100000,0.10570776,0.14360731,0.24931507
2025-11-18 01:00:00,3095,3095,3095,3095,0.02,2025-11-18 02:00:00,61.9,2,1763402400000,1763406000000,92549.01000000,100000,0.10559361,0.14372146,0.24931507
2025-11-18 02:00:00,3095,3095,3095,3095,0,2025-11-18 03:00:00,0,0,1763406000000,1763409600000,91678.93000000,100000,0.10547945,0.14383562,0.24931507
2025-11-18 03:00:00,2715,2875,2715,2755,11.29,2025-11-18 04:00:00,31411.8,9,1763409600000,1763413200000,91920.59000000,100000,0.10536530,0.14394977,0.24931507
2025-11-18 04:00:00,2890,2890,2890,2890,0.01,2025-11-18 05:00:00,28.9,1,1763413200000,1763416800000,91959.71000000,100000,0.10525114,0.14406393,0.24931507
2025-11-18 05:00:00,2890,2890,2890,2890,0,2025-11-18 06:00:00,0,0,1763416800000,1763420400000,92247.63000000,100000,0.10513699,0.14417808,0.24931507
2025-11-18 06:00:00,2875,2875,2875,2875,0.07,2025-11-18 07:00:00,201.25,1,1763420400000,1763424000000,92215.14000000,100000,0.10502283,0.14429224,0.24931507
2025-11-18 07:00:00,2875,2875,2875,2875,0,2025-11-18 08:00:00,0,0,1763424000000,1763427600000,92169.86000000,100000,0.10490868,0.14440639,0.24931507
2025-11-18 08:00:00,2720,2720,2720,2720,0.1,2025-11-18 09:00:00,272,1,1763427600000,1763431200000,91714.29000000,100000,0.10479452,0.14452055,0.24931507
2025-11-18 09:00:00,2740,2740,2500,2500,1.11,2025-11-18 10:00:00,3017.15,4,1763431200000,1763434800000,90866.01000000,100000,0.10468037,0.14463470,0.24931507
2025-11-18 10:00:00,2320,2550,2300,2550,7.87,2025-11-18 11:00:00,18841,10,1763434800000,1763438400000,90842.72000000,100000,0.10456621,0.14474886,0.24931507
2025-11-18 11:00:00,2375,2380,2180,2180,8,2025-11-18 12:00:00,18924.4,8,1763438400000,1763442000000,90081.90000000,100000,0.10445205,0.14486301,0.24931507
2025-11-18 12:00:00,2285,2320,2265,2265,0.9,2025-11-18 13:00:00,2069.95,5,1763442000000,1763445600000,90221.33000000,100000,0.10433790,0.14497717,0.24931507
2025-11-18 13:00:00,2265,2265,2265,2265,0,2025-11-18 14:00:00,0,0,1763445600000,1763449200000,89651.30000000,100000,0.10422374,0.14509132,0.24931507
2025-11-18 14:00:00,2265,2265,2265,2265,0,2025-11-18 15:00:00,0,0,1763449200000,1763452800000,90512.10000000,100000,0.10410959,0.14520548,0.24931507
2025-11-18 15:00:00,2400,2530,2400,2530,0.06,2025-11-18 16:00:00,150.5,2,1763452800000,1763456400000,91220.00000000,100000,0.10399543,0.14531963,0.24931507
2025-11-18 16:00:00,2600,2600,2490,2515,0.2,2025-11-18 17:00:00,506.65,5,1763456400000,1763460000000,91400.01000000,100000,0.10388128,0.14543379,0.24931507
2025-11-18 17:00:00,2515,2515,2515,2515,0,2025-11-18 18:00:00,0,0,1763460000000,1763463600000,91585.02000000,100000,0.10376712,0.14554795,0.24931507
2025-11-18 18:00:00,2565,2565,2565,2565,0.98,2025-11-18 19:00:00,2513.7,1,1763463600000,1763467200000,91517.82000000,100000,0.10365297,0.14566210,0.24931507
2025-11-18 19:00:00,2650,2655,2650,2655,0.03,2025-11-18 20:00:00,79.55,2,1763467200000,1763470800000,91518.54000000,100000,0.10353881,0.14577626,0.24931507
2025-11-18 20:00:00,2655,2655,2655,2655,0,2025-11-18 21:00:00,0,0,1763470800000,1763474400000,91476.56000000,100000,0.10342466,0.14589041,0.24931507
2025-11-18 21:00:00,2625,2650,2625,2650,2.7,2025-11-18 22:00:00,7123.75,2,1763474400000,1763478000000,91359.29000000,100000,0.10331050,0.14600457,0.24931507
2025-11-18 22:00:00,2835,2970,2835,2970,9.25,2025-11-18 23:00:00,27174,5,1763478000000,1763481600000,92910.10000000,100000,0.10319635,0.14611872,0.24931507
2025-11-18 23:00:00,3145,3290,3145,3290,0.14,2025-11-19 00:00:00,450.45,2,1763481600000,1763485200000,93499.16000000,100000,0.10308219,0.14623288,0.24931507
2025-11-19 00:00:00,3290,3290,3290,3290,0,2025-11-19 01:00:00,0,0,1763485200000,1763488800000,93256.92000000,100000,0.10296804,0.14634703,0.24931507
2025-11-19 01:00:00,3280,3280,3280,3280,0.15,2025-11-19 02:00:00,492,1,1763488800000,1763492400000,93331.08000000,100000,0.10285388,0.14646119,0.24931507
2025-11-19 02:00:00,3280,3280,3280,3280,0,2025-11-19 03:00:00,0,0,1763492400000,1763496000000,93195.61000000,100000,0.10273973,0.14657534,0.24931507
2025-11-19 03:00:00,3280,3280,3280,3280,0,2025-11-19 04:00:00,0,0,1763496000000,1763499600000,92783.36000000,100000,0.10262557,0.14668950,0.24931507
2025-11-19 04:00:00,3280,3280,3280,3280,0,2025-11-19 05:00:00,0,0,1763499600000,1763503200000,92491.59000000,100000,0.10251142,0.14680365,0.24931507
2025-11-19 05:00:00,3280,3280,3280,3280,0,2025-11-19 06:00:00,0,0,1763503200000,1763506800000,93160.00000000,100000,0.10239726,0.14691781,0.24931507
2025-11-19 06:00:00,3280,3280,3280,3280,0,2025-11-19 07:00:00,0,0,1763506800000,1763510400000,92960.83000000,100000,0.10228311,0.14703196,0.24931507
2025-11-19 07:00:00,3280,3280,3280,3280,0,2025-11-19 08:00:00,0,0,1763510400000,1763514000000,92416.51000000,100000,0.10216895,0.14714612,0.24931507
2025-11-19 08:00:00,3280,3280,3280,3280,0,2025-11-19 09:00:00,0,0,1763514000000,1763517600000,92439.99000000,100000,0.10205479,0.14726027,0.24931507
2025-11-19 09:00:00,3280,3280,3280,3280,0,2025-11-19 10:00:00,0,0,1763517600000,1763521200000,92569.12000000,100000,0.10194064,0.14737443,0.24931507
2025-11-19 10:00:00,3280,3280,3280,3280,0,2025-11-19 11:00:00,0,0,1763521200000,1763524800000,91874.52000000,100000,0.10182648,0.14748858,0.24931507
2025-11-19 11:00:00,2700,2700,2700,2700,0.01,2025-11-19 12:00:00,27,1,1763524800000,1763528400000,91163.20000000,100000,0.10171233,0.14760274,0.24931507
2025-11-19 12:00:00,2700,2700,2700,2700,0,2025-11-19 13:00:00,0,0,1763528400000,1763532000000,90459.99000000,100000,0.10159817,0.14771689,0.24931507
2025-11-19 13:00:00,2700,2700,2700,2700,0,2025-11-19 14:00:00,0,0,1763532000000,1763535600000,90990.87000000,100000,0.10148402,0.14783105,0.24931507
2025-11-19 14:00:00,2700,2700,2700,2700,0,2025-11-19 15:00:00,0,0,1763535600000,1763539200000,91863.64000000,100000,0.10136986,0.14794521,0.24931507
2025-11-19 15:00:00,2700,2700,2700,2700,0,2025-11-19 16:00:00,0,0,1763539200000,1763542800000,91470.44000000,100000,0.10125571,0.14805936,0.24931507
2025-11-19 16:00:00,2595,2595,2595,2595,0.01,2025-11-19 17:00:00,25.95,1,1763542800000,1763546400000,91513.72000000,100000,0.10114155,0.14817352,0.24931507
2025-11-19 17:00:00,2595,2595,2595,2595,0,2025-11-19 18:00:00,0,0,1763546400000,1763550000000,91314.75000000,100000,0.10102740,0.14828767,0.24931507
2025-11-19 18:00:00,2595,2595,2595,2595,0,2025-11-19 19:00:00,0,0,1763550000000,1763553600000,91410.22000000,100000,0.10091324,0.14840183,0.24931507
2025-11-19 19:00:00,2595,2595,2595,2595,0,2025-11-19 20:00:00,0,0,1763553600000,1763557200000,91780.00000000,100000,0.10079909,0.14851598,0.24931507
2025-11-19 20:00:00,2595,2595,2595,2595,0,2025-11-19 21:00:00,0,0,1763557200000,1763560800000,91405.02000000,100000,0.10068493,0.14863014,0.24931507
2025-11-19 21:00:00,2595,2595,2595,2595,0,2025-11-19 22:00:00,0,0,1763560800000,1763564400000,91713.44000000,100000,0.10057078,0.14874429,0.24931507
2025-11-19 22:00:00,2670,2795,2230,2230,6.5,2025-11-19 23:00:00,17317.5,6,1763564400000,1763568000000,89951.70000000,100000,0.10045662,0.14885845,0.24931507
2025-11-19 23:00:00,2185,2250,2185,2250,2.13,2025-11-20 00:00:00,4716.45,2,1763568000000,1763571600000,89905.78000000,100000,0.10034247,0.14897260,0.24931507
2025-11-20 00:00:00,2275,2275,2110,2110,3.75,2025-11-20 01:00:00,8206.65,4,1763571600000,1763575200000,89500.01000000,100000,0.10022831,0.14908676,0.24931507
2025-11-20 01:00:00,2110,2110,2110,2110,0,2025-11-20 02:00:00,0,0,1763575200000,1763578800000,89237.83000000,100000,0.10011416,0.14920091,0.24931507
2025-11-20 02:00:00,2065,2065,2060,2060,0.79,2025-11-20 03:00:00,1627.45,2,1763578800000,1763582400000,88884.56000000,100000,0.10000000,0.14931507,0.24931507
2025-11-20 03:00:00,2015,2015,2015,2015,0.01,2025-11-20 04:00:00,20.15,1,1763582400000,1763586000000,89516.91000000,100000,0.09988584,0.14942922,0.24931507
2025-11-20 04:00:00,2375,2375,2360,2360,1.71,2025-11-20 05:00:00,4048.35,2,1763586000000,1763589600000,90600.68000000,100000,0.09977169,0.14954338,0.24931507
2025-11-20 05:00:00,2360,2360,2360,2360,0.4,2025-11-20 06:00:00,944,1,1763589600000,1763593200000,90480.56000000,100000,0.09965753,0.14965753,0.24931507
2025-11-20 06:00:00,2530,2530,2530,2530,1.23,2025-11-20 07:00:00,3111.9,1,1763593200000,1763596800000,91554.96000000,100000,0.09954338,0.14977169,0.24931507
2025-11-20 07:00:00,2545,2545,2545,2545,0.03,2025-11-20 08:00:00,76.35,1,1763596800000,1763600400000,91891.32000000,100000,0.09942922,0.14988584,0.24931507
2025-11-20 08:00:00,2800,2910,2775,2910,9.2,2025-11-20 09:00:00,26101.5,7,1763600400000,1763604000000,92590.13000000,100000,0.09931507,0.15000000,0.24931507
2025-11-20 09:00:00,2910,2910,2910,2910,0,2025-11-20 10:00:00,0,0,1763604000000,1763607600000,92592.84000000,100000,0.09920091,0.15011416,0.24931507
2025-11-20 10:00:00,2845,2845,2845,2845,0.1,2025-11-20 11:00:00,284.5,1,1763607600000,1763611200000,92440.32000000,100000,0.09908676,0.15022831,0.24931507
2025-11-20 11:00:00,2795,2795,2795,2795,1.84,2025-11-20 12:00:00,5142.8,1,1763611200000,1763614800000,92962.83000000,100000,0.09897260,0.15034247,0.24931507
2025-11-20 12:00:00,2985,3015,2985,3015,1.25,2025-11-20 13:00:00,3739.05,2,1763614800000,1763618400000,92616.20000000,100000,0.09885845,0.15045662,0.24931507
2025-11-20 13:00:00,3015,3015,3015,3015,0,2025-11-20 14:00:00,0,0,1763618400000,1763622000000,91974.70000000,100000,0.09874429,0.15057078,0.24931507
2025-11-20 14:00:00,3015,3015,3015,3015,0,2025-11-20 15:00:00,0,0,1763622000000,1763625600000,92320.18000000,100000,0.09863014,0.15068493,0.24931507
2025-11-20 15:00:00,2725,2725,2725,2725,0.01,2025-11-20 16:00:00,27.25,1,1763625600000,1763629200000,92128.22000000,100000,0.09851598,0.15079909,0.24931507
2025-11-20 16:00:00,2725,2725,2725,2725,0,2025-11-20 17:00:00,0,0,1763629200000,1763632800000,91950.00000000,100000,0.09840183,0.15091324,0.24931507
2025-11-20 17:00:00,2725,2725,2725,2725,0,2025-11-20 18:00:00,0,0,1763632800000,1763636400000,91801.39000000,100000,0.09828767,0.15102740,0.24931507
2025-11-20 18:00:00,2585,2585,2585,2585,0.01,2025-11-20 19:00:00,25.85,1,1763636400000,1763640000000,91934.00000000,100000,0.09817352,0.15114155,0.24931507
2025-11-20 19:00:00,2585,2585,2585,2585,0,2025-11-20 20:00:00,0,0,1763640000000,1763643600000,91839.25000000,100000,0.09805936,0.15125571,0.24931507
2025-11-20 20:00:00,2585,2585,2585,2585,0,2025-11-20 21:00:00,0,0,1763643600000,1763647200000,91529.36000000,100000,0.09794521,0.15136986,0.24931507
2025-11-20 21:00:00,2585,2585,2585,2585,0,2025-11-20 22:00:00,0,0,1763647200000,1763650800000,91103.19000000,100000,0.09783105,0.15148402,0.24931507
2025-11-20 22:00:00,2345,2345,2310,2310,4.38,2025-11-20 23:00:00,10257.8,4,1763650800000,1763654400000,89869.88000000,100000,0.09771689,0.15159817,0.24931507
2025-11-20 23:00:00,1950,1950,1750,1780,1.82,2025-11-21 00:00:00,3399.2,8,1763654400000,1763658000000,87878.10000000,100000,0.09760274,0.15171233,0.24931507
2025-11-21 00:00:00,1675,1675,1485,1570,3.44,2025-11-21 01:00:00,5412.25,17,1763658000000,1763661600000,87233.81000000,100000,0.09748858,0.15182648,0.24931507
2025-11-21 01:00:00,1570,1570,1415,1420,2.97,2025-11-21 02:00:00,4305.05,4,1763661600000,1763665200000,86486.27000000,100000,0.09737443,0.15194064,0.24931507
2025-11-21 02:00:00,1400,1400,1400,1400,0.05,2025-11-21 03:00:00,70,1,1763665200000,1763668800000,86921.28000000,100000,0.09726027,0.15205479,0.24931507
2025-11-21 03:00:00,1400,1400,1400,1400,0,2025-11-21 04:00:00,0,0,1763668800000,1763672400000,86462.97000000,100000,0.09714612,0.15216895,0.24931507
2025-11-21 04:00:00,1445,1445,1445,1445,0.05,2025-11-21 05:00:00,72.25,1,1763672400000,1763676000000,87282.60000000,100000,0.09703196,0.15228311,0.24931507
2025-11-21 05:00:00,1445,1445,1445,1445,0,2025-11-21 06:00:00,0,0,1763676000000,1763679600000,88065.97000000,100000,0.09691781,0.15239726,0.24931507
2025-11-21 06:00:00,1445,1445,1445,1445,0,2025-11-21 07:00:00,0,0,1763679600000,1763683200000,86637.23000000,100000,0.09680365,0.15251142,0.24931507
2025-11-21 07:00:00,1445,1445,1445,1445,0,2025-11-21 08:00:00,0,0,1763683200000,1763686800000,87285.24000000,100000,0.09668950,0.15262557,0.24931507
2025-11-21 08:00:00,1445,1445,1445,1445,0,2025-11-21 09:00:00,0,0,1763686800000,1763690400000,87049.86000000,100000,0.09657534,0.15273973,0.24931507
2025-11-21 09:00:00,1485,1490,1455,1490,16.09,2025-11-21 10:00:00,23507.65,6,1763690400000,1763694000000,85444.93000000,100000,0.09646119,0.15285388,0.24931507
2025-11-21 10:00:00,1425,1425,1425,1425,0.1,2025-11-21 11:00:00,142.5,1,1763694000000,1763697600000,85821.34000000,100000,0.09634703,0.15296804,0.24931507
2025-11-21 11:00:00,1400,1420,1400,1420,1.02,2025-11-21 12:00:00,1448.2,2,1763697600000,1763701200000,86053.09000000,100000,0.09623288,0.15308219,0.24931507
2025-11-21 12:00:00,1420,1420,1420,1420,0,2025-11-21 13:00:00,0,0,1763701200000,1763704800000,86195.08000000,100000,0.09611872,0.15319635,0.24931507
2025-11-21 13:00:00,1420,1420,1420,1420,0,2025-11-21 14:00:00,0,0,1763704800000,1763708400000,85581.30000000,100000,0.09600457,0.15331050,0.24931507
2025-11-21 14:00:00,1315,1360,1250,1280,9.67,2025-11-21 15:00:00,12627.95,14,1763708400000,1763712000000,84049.39000000,100000,0.09589041,0.15342466,0.24931507
2025-11-21 15:00:00,1285,1310,1170,1170,9.19,2025-11-21 16:00:00,11213.65,39,1763712000000,1763715600000,83643.45000000,100000,0.09577626,0.15353881,0.24931507
2025-11-21 16:00:00,1135,1155,1135,1155,3.14,2025-11-21 17:00:00,3615.4,5,1763715600000,1763719200000,82207.84000000,100000,0.09566210,0.15365297,0.24931507
2025-11-21 17:00:00,1055,1055,1055,1055,0.03,2025-11-21 18:00:00,31.65,3,1763719200000,1763722800000,82703.61000000,100000,0.09554795,0.15376712,0.24931507
2025-11-21 18:00:00,1165,1170,1050,1055,2.44,2025-11-21 19:00:00,2826.85,6,1763722800000,1763726400000,82309.66000000,100000,0.09543379,0.15388128,0.24931507
2025-11-21 19:00:00,1050,1295,900,1290,5.47,2025-11-21 20:00:00,5924.15,12,1763726400000,1763730000000,83285.35000000,100000,0.09531963,0.15399543,0.24931507
2025-11-21 20:00:00,1280,1300,1280,1300,1.07,2025-11-21 21:00:00,1369.8,2,1763730000000,1763733600000,84115.28000000,100000,0.09520548,0.15410959,0.24931507
2025-11-21 21:00:00,1175,1325,1090,1325,5.01,2025-11-21 22:00:00,5808.7,19,1763733600000,1763737200000,84850.00000000,100000,0.09509132,0.15422374,0.24931507
2025-11-21 22:00:00,1235,1250,1055,1055,3.87,2025-11-21 23:00:00,4528.6,19,1763737200000,1763740800000,82932.47000000,100000,0.09497717,0.15433790,0.24931507
2025-11-21 23:00:00,1070,1080,1070,1080,1.81,2025-11-22 00:00:00,1943.2,2,1763740800000,1763744400000,84919.59000000,100000,0.09486301,0.15445205,0.24931507
2025-11-22 00:00:00,1315,1395,1315,1370,0.59,2025-11-22 01:00:00,793.3,6,1763744400000,1763748000000,84877.07000000,100000,0.09474886,0.15456621,0.24931507
2025-11-22 01:00:00,1285,1320,1285,1320,1.72,2025-11-22 02:00:00,2260.95,2,1763748000000,1763751600000,84577.11000000,100000,0.09463470,0.15468037,0.24931507
2025-11-22 02:00:00,1320,1320,1320,1320,0,2025-11-22 03:00:00,0,0,1763751600000,1763755200000,84209.30000000,100000,0.09452055,0.15479452,0.24931507
2025-11-22 03:00:00,1250,1250,1250,1250,7.78,2025-11-22 04:00:00,9725,1,1763755200000,1763758800000,84571.20000000,100000,0.09440639,0.15490868,0.24931507
2025-11-22 04:00:00,1250,1250,1250,1250,0,2025-11-22 05:00:00,0,0,1763758800000,1763762400000,85182.14000000,100000,0.09429224,0.15502283,0.24931507
2025-11-22 05:00:00,1250,1250,1250,1250,0,2025-11-22 06:00:00,0,0,1763762400000,1763766000000,84284.42000000,100000,0.09417808,0.15513699,0.24931507
2025-11-22 06:00:00,1275,1275,1275,1275,0.01,2025-11-22 07:00:00,12.75,1,1763766000000,1763769600000,85129.43000000,100000,0.09406393,0.15525114,0.24931507
2025-11-22 07:00:00,1275,1275,1275,1275,0,2025-11-22 08:00:00,0,0,1763769600000,1763773200000,84739.93000000,100000,0.09394977,0.15536530,0.24931507
2025-11-22 08:00:00,1275,1275,1275,1275,0,2025-11-22 09:00:00,0,0,1763773200000,1763776800000,85174.28000000,100000,0.09383562,0.15547945,0.24931507
2025-11-22 09:00:00,1275,1275,1275,1275,0,2025-11-22 10:00:00,0,0,1763776800000,1763780400000,84528.99000000,100000,0.09372146,0.15559361,0.24931507
2025-11-22 10:00:00,1120,1165,1120,1165,0.1,2025-11-22 11:00:00,115.05,6,1763780400000,1763784000000,84440.47000000,100000,0.09360731,0.15570776,0.24931507
2025-11-22 11:00:00,1165,1165,1165,1165,0,2025-11-22 12:00:00,0,0,1763784000000,1763787600000,84246.88000000,100000,0.09349315,0.15582192,0.24931507
2025-11-22 12:00:00,1165,1165,1165,1165,0,2025-11-22 13:00:00,0,0,1763787600000,1763791200000,84280.92000000,100000,0.09337900,0.15593607,0.24931507
2025-11-22 13:00:00,1165,1165,1165,1165,0,2025-11-22 14:00:00,0,0,1763791200000,1763794800000,84636.00000000,100000,0.09326484,0.15605023,0.24931507
2025-11-22 14:00:00,1145,1145,1145,1145,0.08,2025-11-22 15:00:00,91.6,1,1763794800000,1763798400000,84580.06000000,100000,0.09315068,0.15616438,0.24931507
2025-11-22 15:00:00,1145,1145,1145,1145,0,2025-11-22 16:00:00,0,0,1763798400000,1763802000000,84016.77000000,100000,0.09303653,0.15627854,0.24931507
2025-11-22 16:00:00,1145,1145,1145,1145,0,2025-11-22 17:00:00,0,0,1763802000000,1763805600000,83929.52000000,100000,0.09292237,0.15639269,0.24931507
2025-11-22 17:00:00,1030,1030,1030,1030,0.01,2025-11-22 18:00:00,10.3,1,1763805600000,1763809200000,83693.25000000,100000,0.09280822,0.15650685,0.24931507
2025-11-22 18:00:00,1030,1030,1030,1030,0,2025-11-22 19:00:00,0,0,1763809200000,1763812800000,84098.94000000,100000,0.09269406,0.15662100,0.24931507
2025-11-22 19:00:00,1035,1035,1015,1015,0.11,2025-11-22 20:00:00,113.25,2,1763812800000,1763816400000,83884.00000000,100000,0.09257991,0.15673516,0.24931507
2025-11-22 20:00:00,1035,1035,1035,1035,1.45,2025-11-22 21:00:00,1500.75,1,1763816400000,1763820000000,83947.89000000,100000,0.09246575,0.15684932,0.24931507
2025-11-22 21:00:00,1050,1135,1050,1135,26.62,2025-11-22 22:00:00,29855.6,17,1763820000000,1763823600000,84494.40000000,100000,0.09235160,0.15696347,0.24931507
2025-11-22 22:00:00,1135,1135,1135,1135,0,2025-11-22 23:00:00,0,0,1763823600000,1763827200000,84284.01000000,100000,0.09223744,0.15707763,0.24931507
2025-11-22 23:00:00,1155,1155,1155,1155,0.01,2025-11-23 00:00:00,11.55,1,1763827200000,1763830800000,84694.66000000,100000,0.09212329,0.15719178,0.24931507
2025-11-23 00:00:00,1155,1155,1155,1155,0,2025-11-23 01:00:00,0,0,1763830800000,1763834400000,84554.20000000,100000,0.09200913,0.15730594,0.24931507
2025-11-23 01:00:00,1165,1165,1165,1165,0.5,2025-11-23 02:00:00,582.5,1,1763834400000,1763838000000,84659.79000000,100000,0.09189498,0.15742009,0.24931507
2025-11-23 02:00:00,1165,1165,1165,1165,0,2025-11-23 03:00:00,0,0,1763838000000,1763841600000,84609.76000000,100000,0.09178082,0.15753425,0.24931507
2025-11-23 03:00:00,1130,1130,1120,1120,0.68,2025-11-23 04:00:00,766.6,2,1763841600000,1763845200000,84474.41000000,100000,0.09166667,0.15764840,0.24931507
2025-11-23 04:00:00,1120,1120,1120,1120,0,2025-11-23 05:00:00,0,0,1763845200000,1763848800000,84411.30000000,100000,0.09155251,0.15776256,0.24931507
2025-11-23 05:00:00,1120,1120,1120,1120,0,2025-11-23 06:00:00,0,0,1763848800000,1763852400000,85072.88000000,100000,0.09143836,0.15787671,0.24931507
2025-11-23 06:00:00,1220,1220,1215,1215,6.62,2025-11-23 07:00:00,8075.5,2,1763852400000,1763856000000,84739.74000000,100000,0.09132420,0.15799087,0.24931507
2025-11-23 07:00:00,1215,1215,1215,1215,0,2025-11-23 08:00:00,0,0,1763856000000,1763859600000,84971.74000000,100000,0.09121005,0.15810502,0.24931507
2025-11-23 08:00:00,1280,1350,1280,1350,1.3,2025-11-23 09:00:00,1748,2,1763859600000,1763863200000,85879.83000000,100000,0.09109589,0.15821918,0.24931507
2025-11-23 09:00:00,1445,1445,1445,1445,1,2025-11-23 10:00:00,1445,1,1763863200000,1763866800000,86000.34000000,100000,0.09098174,0.15833333,0.24931507
2025-11-23 10:00:00,1430,1430,1430,1430,0.01,2025-11-23 11:00:00,14.3,1,1763866800000,1763870400000,86308.54000000,100000,0.09086758,0.15844749,0.24931507
2025-11-23 11:00:00,1430,1430,1430,1430,0,2025-11-23 12:00:00,0,0,1763870400000,1763874000000,86548.20000000,100000,0.09075342,0.15856164,0.24931507
2025-11-23 12:00:00,1455,1455,1455,1455,0.08,2025-11-23 13:00:00,116.4,1,1763874000000,1763877600000,86358.28000000,100000,0.09063927,0.15867580,0.24931507
2025-11-23 13:00:00,1460,1460,1405,1405,0.06,2025-11-23 14:00:00,85.4,2,1763877600000,1763881200000,85864.68000000,100000,0.09052511,0.15878995,0.24931507
2025-11-23 14:00:00,1380,1380,1380,1380,0.01,2025-11-23 15:00:00,13.8,1,1763881200000,1763884800000,85782.19000000,100000,0.09041096,0.15890411,0.24931507
2025-11-23 15:00:00,1380,1380,1380,1380,0,2025-11-23 16:00:00,0,0,1763884800000,1763888400000,86137.19000000,100000,0.09029680,0.15901826,0.24931507
2025-11-23 16:00:00,1380,1380,1380,1380,0,2025-11-23 17:00:00,0,0,1763888400000,1763892000000,86393.02000000,100000,0.09018265,0.15913242,0.24931507
2025-11-23 17:00:00,1380,1380,1380,1380,0,2025-11-23 18:00:00,0,0,1763892000000,1763895600000,86066.23000000,100000,0.09006849,0.15924658,0.24931507
2025-11-23 18:00:00,1425,1485,1425,1485,1.01,2025-11-23 19:00:00,1499.25,2,1763895600000,1763899200000,86331.28000000,100000,0.08995434,0.15936073,0.24931507
2025-11-23 19:00:00,1505,1605,1505,1605,2.56,2025-11-23 20:00:00,3998.25,6,1763899200000,1763902800000,86530.04000000,100000,0.08984018,0.15947489,0.24931507
2025-11-23 20:00:00,1605,1605,1605,1605,0,2025-11-23 21:00:00,0,0,1763902800000,1763906400000,86928.31000000,100000,0.08972603,0.15958904,0.24931507
2025-11-23 21:00:00,1585,1585,1580,1580,8.63,2025-11-23 22:00:00,13675.4,2,1763906400000,1763910000000,86547.40000000,100000,0.08961187,0.15970320,0.24931507
2025-11-23 22:00:00,1555,1555,1555,1555,0.02,2025-11-23 23:00:00,31.1,1,1763910000000,1763913600000,87087.44000000,100000,0.08949772,0.15981735,0.24931507
2025-11-23 23:00:00,1555,1555,1555,1555,0,2025-11-24 00:00:00,0,0,1763913600000,1763917200000,86685.60000000,100000,0.08938356,0.15993151,0.24931507
2025-11-24 00:00:00,1540,1540,1540,1540,1,2025-11-24 01:00:00,1540,1,1763917200000,1763920800000,86746.51000000,100000,0.08926941,0.16004566,0.24931507
2025-11-24 01:00:00,1540,1540,1540,1540,0,2025-11-24 02:00:00,0,0,1763920800000,1763924400000,86995.02000000,100000,0.08915525,0.16015982,0.24931507
2025-11-24 02:00:00,1540,1540,1540,1540,0,2025-11-24 03:00:00,0,0,1763924400000,1763928000000,87325.01000000,100000,0.08904110,0.16027397,0.24931507
2025-11-24 03:00:00,1540,1540,1540,1540,0,2025-11-24 04:00:00,0,0,1763928000000,1763931600000,87483.36000000,100000,0.08892694,0.16038813,0.24931507
2025-11-24 04:00:00,1540,1540,1540,1540,0,2025-11-24 05:00:00,0,0,1763931600000,1763935200000,87992.02000000,100000,0.08881279,0.16050228,0.24931507
2025-11-24 05:00:00,1695,1695,1595,1595,0.09,2025-11-24 06:00:00,146.3,4,1763935200000,1763938800000,88004.00000000,100000,0.08869863,0.16061644,0.24931507
2025-11-24 06:00:00,1470,1475,1460,1475,34.85,2025-11-24 07:00:00,50967.75,6,1763938800000,1763942400000,86830.00000000,100000,0.08858447,0.16073059,0.24931507
2025-11-24 07:00:00,1450,1450,1450,1450,0.02,2025-11-24 08:00:00,29,1,1763942400000,1763946000000,86740.64000000,100000,0.08847032,0.16084475,0.24931507
2025-11-24 08:00:00,1490,1490,1455,1455,2.88,2025-11-24 09:00:00,4231.7,8,1763946000000,1763949600000,87068.51000000,100000,0.08835616,0.16095890,0.24931507
2025-11-24 09:00:00,1455,1455,1455,1455,0,2025-11-24 10:00:00,0,0,1763949600000,1763953200000,87518.22000000,100000,0.08824201,0.16107306,0.24931507
2025-11-24 10:00:00,1505,1505,1505,1505,0.96,2025-11-24 11:00:00,1444.8,11,1763953200000,1763956800000,87460.02000000,100000,0.08812785,0.16118721,0.24931507
2025-11-24 11:00:00,1455,1455,1355,1390,68.57,2025-11-24 12:00:00,94481.65,28,1763956800000,1763960400000,86738.37000000,100000,0.08801370,0.16130137,0.24931507
2025-11-24 12:00:00,1390,1390,1390,1390,0,2025-11-24 13:00:00,0,0,1763960400000,1763964000000,87468.29000000,100000,0.08789954,0.16141553,0.24931507
2025-11-24 13:00:00,1390,1390,1390,1390,0,2025-11-24 14:00:00,0,0,1763964000000,1763967600000,86910.78000000,100000,0.08778539,0.16152968,0.24931507
2025-11-24 14:00:00,1415,1415,1415,1415,0.01,2025-11-24 15:00:00,14.15,1,1763967600000,1763971200000,87050.39000000,100000,0.08767123,0.16164384,0.24931507
2025-11-24 15:00:00,1335,1335,1315,1315,1.21,2025-11-24 16:00:00,1609.15,9,1763971200000,1763974800000,86961.51000000,100000,0.08755708,0.16175799,0.24931507
2025-11-24 16:00:00,1205,1205,1205,1205,0.61,2025-11-24 17:00:00,735.05,2,1763974800000,1763978400000,85944.91000000,100000,0.08744292,0.16187215,0.24931507
2025-11-24 17:00:00,1315,1315,1315,1315,0.28,2025-11-24 18:00:00,368.2,1,1763978400000,1763982000000,86049.74000000,100000,0.08732877,0.16198630,0.24931507
2025-11-24 18:00:00,1315,1315,1315,1315,0,2025-11-24 19:00:00,0,0,1763982000000,1763985600000,86264.72000000,100000,0.08721461,0.16210046,0.24931507
2025-11-24 19:00:00,1315,1315,1315,1315,0,2025-11-24 20:00:00,0,0,1763985600000,1763989200000,86003.00000000,100000,0.08710046,0.16221461,0.24931507
2025-11-24 20:00:00,1365,1365,1365,1365,0.24,2025-11-24 21:00:00,327.6,1,1763989200000,1763992800000,86160.00000000,100000,0.08698630,0.16232877,0.24931507
2025-11-24 21:00:00,1135,1195,1135,1195,1.51,2025-11-24 22:00:00,1743.85,2,1763992800000,1763996400000,86171.14000000,100000,0.08687215,0.16244292,0.24931507
2025-11-24 22:00:00,1195,1195,1195,1195,0,2025-11-24 23:00:00,0,0,1763996400000,1764000000000,86616.44000000,100000,0.08675799,0.16255708,0.24931507
2025-11-24 23:00:00,1395,1395,1395,1395,1,2025-11-25 00:00:00,1395,1,1764000000000,1764003600000,87174.50000000,100000,0.08664384,0.16267123,0.24931507
2025-11-25 00:00:00,1470,1470,1470,1470,0.01,2025-11-25 01:00:00,14.7,1,1764003600000,1764007200000,88369.91000000,100000,0.08652968,0.16278539,0.24931507
2025-11-25 01:00:00,1565,1565,1565,1565,0.01,2025-11-25 02:00:00,15.65,1,1764007200000,1764010800000,88715.31000000,100000,0.08641553,0.16289954,0.24931507
2025-11-25 02:00:00,1630,1630,1545,1545,0.24,2025-11-25 03:00:00,373.15,4,1764010800000,1764014400000,88327.29000000,100000,0.08630137,0.16301370,0.24931507
2025-11-25 03:00:00,1525,1645,1525,1645,2.46,2025-11-25 04:00:00,3806.7,4,1764014400000,1764018000000,89089.06000000,100000,0.08618721,0.16312785,0.24931507
2025-11-25 04:00:00,1645,1645,1645,1645,0,2025-11-25 05:00:00,0,0,1764018000000,1764021600000,88766.15000000,100000,0.08607306,0.16324201,0.24931507
2025-11-25 05:00:00,1620,1620,1620,1620,1,2025-11-25 06:00:00,1620,1,1764021600000,1764025200000,88636.54000000,100000,0.08595890,0.16335616,0.24931507
2025-11-25 06:00:00,1620,1620,1620,1620,0,2025-11-25 07:00:00,0,0,1764025200000,1764028800000,88300.01000000,100000,0.08584475,0.16347032,0.24931507
2025-11-25 07:00:00,1620,1620,1620,1620,0,2025-11-25 08:00:00,0,0,1764028800000,1764032400000,88100.00000000,100000,0.08573059,0.16358447,0.24931507
2025-11-25 08:00:00,1620,1620,1620,1620,0,2025-11-25 09:00:00,0,0,1764032400000,1764036000000,87732.83000000,100000,0.08561644,0.16369863,0.24931507
2025-11-25 09:00:00,1620,1620,1620,1620,0,2025-11-25 10:00:00,0,0,1764036000000,1764039600000,87909.40000000,100000,0.08550228,0.16381279,0.24931507
2025-11-25 10:00:00,1620,1620,1620,1620,0,2025-11-25 11:00:00,0,0,1764039600000,1764043200000,87822.12000000,100000,0.08538813,0.16392694,0.24931507
2025-11-25 11:00:00,1620,1620,1620,1620,0,2025-11-25 12:00:00,0,0,1764043200000,1764046800000,88341.14000000,100000,0.08527397,0.16404110,0.24931507
2025-11-25 12:00:00,1620,1620,1620,1620,0,2025-11-25 13:00:00,0,0,1764046800000,1764050400000,88120.82000000,100000,0.08515982,0.16415525,0.24931507
2025-11-25 13:00:00,1400,1400,1400,1400,1,2025-11-25 14:00:00,1400,1,1764050400000,1764054000000,88003.97000000,100000,0.08504566,0.16426941,0.24931507
2025-11-25 14:00:00,1345,1360,1305,1310,85.9,2025-11-25 15:00:00,114907.6,25,1764054000000,1764057600000,87384.81000000,100000,0.08493151,0.16438356,0.24931507
2025-11-25 15:00:00,1320,1320,1285,1285,1.31,2025-11-25 16:00:00,1728.85,11,1764057600000,1764061200000,87009.82000000,100000,0.08481735,0.16449772,0.24931507
2025-11-25 16:00:00,1250,1250,1235,1235,0.7,2025-11-25 17:00:00,867.5,2,1764061200000,1764064800000,87231.76000000,100000,0.08470320,0.16461187,0.24931507
2025-11-25 17:00:00,1220,1220,1220,1220,1.03,2025-11-25 18:00:00,1256.6,1,1764064800000,1764068400000,87411.01000000,100000,0.08458904,0.16472603,0.24931507
2025-11-25 18:00:00,1220,1220,1220,1220,0,2025-11-25 19:00:00,0,0,1764068400000,1764072000000,87361.71000000,100000,0.08447489,0.16484018,0.24931507
2025-11-25 19:00:00,1330,1330,1330,1330,0.53,2025-11-25 20:00:00,704.9,1,1764072000000,1764075600000,87509.99000000,100000,0.08436073,0.16495434,0.24931507
2025-11-25 20:00:00,1240,1245,1240,1245,47.73,2025-11-25 21:00:00,59327.15,7,1764075600000,1764079200000,87083.01000000,100000,0.08424658,0.16506849,0.24931507
2025-11-25 21:00:00,1250,1265,1105,1105,54.07,2025-11-25 22:00:00,67964.45,11,1764079200000,1764082800000,86741.55000000,100000,0.08413242,0.16518265,0.24931507
2025-11-25 22:00:00,1080,1205,1080,1205,5.18,2025-11-25 23:00:00,5742.75,5,1764082800000,1764086400000,86988.94000000,100000,0.08401826,0.16529680,0.24931507
2025-11-25 23:00:00,1200,1200,1200,1200,1.07,2025-11-26 00:00:00,1284,1,1764086400000,1764090000000,87121.31000000,100000,0.08390411,0.16541096,0.24931507
2025-11-26 00:00:00,1200,1275,1200,1275,1.53,2025-11-26 01:00:00,1917,2,1764090000000,1764093600000,87625.89000000,100000,0.08378995,0.16552511,0.24931507
2025-11-26 01:00:00,1275,1275,1275,1275,0,2025-11-26 02:00:00,0,0,1764093600000,1764097200000,87239.29000000,100000,0.08367580,0.16563927,0.24931507
2025-11-26 02:00:00,1080,1080,1080,1080,0.03,2025-11-26 03:00:00,32.4,1,1764097200000,1764100800000,86882.85000000,100000,0.08356164,0.16575342,0.24931507
2025-11-26 03:00:00,1145,1175,1145,1175,1.17,2025-11-26 04:00:00,1340.55,2,1764100800000,1764104400000,87382.70000000,100000,0.08344749,0.16586758,0.24931507
2025-11-26 04:00:00,1175,1175,1175,1175,0,2025-11-26 05:00:00,0,0,1764104400000,1764108000000,87032.37000000,100000,0.08333333,0.16598174,0.24931507
2025-11-26 05:00:00,1175,1175,1175,1175,0,2025-11-26 06:00:00,0,0,1764108000000,1764111600000,87642.41000000,100000,0.08321918,0.16609589,0.24931507
2025-11-26 06:00:00,1175,1175,1175,1175,0,2025-11-26 07:00:00,0,0,1764111600000,1764115200000,87369.96000000,100000,0.08310502,0.16621005,0.24931507
2025-11-26 07:00:00,1205,1250,1200,1225,1.64,2025-11-26 08:00:00,2012.9,6,1764115200000,1764118800000,87573.51000000,100000,0.08299087,0.16632420,0.24931507
2025-11-26 08:00:00,1265,1315,1255,1315,2.39,2025-11-26 09:00:00,3000.15,5,1764118800000,1764122400000,87921.94000000,100000,0.08287671,0.16643836,0.24931507
2025-11-26 09:00:00,1225,1225,1225,1225,0.4,2025-11-26 10:00:00,490,1,1764122400000,1764126000000,87711.82000000,100000,0.08276256,0.16655251,0.24931507
2025-11-26 10:00:00,1085,1085,1085,1085,1,2025-11-26 11:00:00,1085,1,1764126000000,1764129600000,87119.92000000,100000,0.08264840,0.16666667,0.24931507
2025-11-26 11:00:00,1085,1085,1085,1085,0,2025-11-26 12:00:00,0,0,1764129600000,1764133200000,87230.23000000,100000,0.08253425,0.16678082,0.24931507
2025-11-26 12:00:00,1085,1085,1085,1085,0,2025-11-26 13:00:00,0,0,1764133200000,1764136800000,87519.53000000,100000,0.08242009,0.16689498,0.24931507
2025-11-26 13:00:00,1085,1085,1085,1085,0,2025-11-26 14:00:00,0,0,1764136800000,1764140400000,87794.00000000,100000,0.08230594,0.16700913,0.24931507
2025-11-26 14:00:00,1165,1175,1160,1160,3.44,2025-11-26 15:00:00,4006.35,4,1764140400000,1764144000000,87935.05000000,100000,0.08219178,0.16712329,0.24931507
2025-11-26 15:00:00,1130,1130,1130,1130,0.18,2025-11-26 16:00:00,203.4,1,1764144000000,1764147600000,87424.80000000,100000,0.08207763,0.16723744,0.24931507
2025-11-26 16:00:00,1130,1130,1130,1130,0,2025-11-26 17:00:00,0,0,1764147600000,1764151200000,86825.27000000,100000,0.08196347,0.16735160,0.24931507
2025-11-26 17:00:00,1130,1130,1130,1130,0,2025-11-26 18:00:00,0,0,1764151200000,1764154800000,86955.17000000,100000,0.08184932,0.16746575,0.24931507
2025-11-26 18:00:00,1045,1045,1035,1035,2.5,2025-11-26 19:00:00,2611.4,2,1764154800000,1764158400000,87095.79000000,100000,0.08173516,0.16757991,0.24931507
2025-11-26 19:00:00,1035,1035,1035,1035,0,2025-11-26 20:00:00,0,0,1764158400000,1764162000000,86643.08000000,100000,0.08162100,0.16769406,0.24931507
2025-11-26 20:00:00,1025,1080,1025,1080,10.63,2025-11-26 21:00:00,11267.75,5,1764162000000,1764165600000,87128.51000000,100000,0.08150685,0.16780822,0.24931507
2025-11-26 21:00:00,1080,1080,1080,1080,0,2025-11-26 22:00:00,0,0,1764165600000,1764169200000,86899.73000000,100000,0.08139269,0.16792237,0.24931507
2025-11-26 22:00:00,1055,1055,1055,1055,0.5,2025-11-26 23:00:00,527.5,1,1764169200000,1764172800000,86978.00000000,100000,0.08127854,0.16803653,0.24931507
2025-11-26 23:00:00,1145,1180,1145,1180,0.13,2025-11-27 00:00:00,150.6,2,1764172800000,1764176400000,87820.01000000,100000,0.08116438,0.16815068,0.24931507
2025-11-27 00:00:00,1225,1545,1225,1545,3.57,2025-11-27 01:00:00,5019.95,5,1764176400000,1764180000000,89830.79000000,100000,0.08105023,0.16826484,0.24931507
2025-11-27 01:00:00,1590,1665,1560,1585,2.8,2025-11-27 02:00:00,4524.4,5,1764180000000,1764183600000,90145.69000000,100000,0.08093607,0.16837900,0.24931507
2025-11-27 02:00:00,1580,1580,1580,1580,1.07,2025-11-27 03:00:00,1690.6,1,1764183600000,1764187200000,89957.36000000,100000,0.08082192,0.16849315,0.24931507
2025-11-27 03:00:00,1555,1555,1515,1515,92.8,2025-11-27 04:00:00,142462.85,19,1764187200000,1764190800000,89866.82000000,100000,0.08070776,0.16860731,0.24931507
2025-11-27 04:00:00,1490,1490,1485,1485,3.23,2025-11-27 05:00:00,4801.95,3,1764190800000,1764194400000,90195.99000000,100000,0.08059361,0.16872146,0.24931507
2025-11-27 05:00:00,1620,1620,1615,1615,6.63,2025-11-27 06:00:00,10717.55,3,1764194400000,1764198000000,90386.57000000,100000,0.08047945,0.16883562,0.24931507
2025-11-27 06:00:00,1615,1615,1615,1615,0,2025-11-27 07:00:00,0,0,1764198000000,1764201600000,90484.02000000,100000,0.08036530,0.16894977,0.24931507
2025-11-27 07:00:00,1640,1640,1640,1640,0.02,2025-11-27 08:00:00,32.8,1,1764201600000,1764205200000,90485.85000000,100000,0.08025114,0.16906393,0.24931507
2025-11-27 08:00:00,1730,1800,1730,1800,1.28,2025-11-27 09:00:00,2222.1,4,1764205200000,1764208800000,91145.78000000,100000,0.08013699,0.16917808,0.24931507
2025-11-27 09:00:00,1805,2065,1805,2065,25.39,2025-11-27 10:00:00,49971.3,18,1764208800000,1764212400000,91389.21000000,100000,0.08002283,0.16929224,0.24931507
2025-11-27 10:00:00,1940,1940,1940,1940,0.05,2025-11-27 11:00:00,97,1,1764212400000,1764216000000,91091.68000000,100000,0.07990868,0.16940639,0.24931507
2025-11-27 11:00:00,1865,1865,1865,1865,0.19,2025-11-27 12:00:00,354.35,1,1764216000000,1764219600000,91277.06000000,100000,0.07979452,0.16952055,0.24931507
2025-11-27 12:00:00,1865,1865,1865,1865,0,2025-11-27 13:00:00,0,0,1764219600000,1764223200000,90967.54000000,100000,0.07968037,0.16963470,0.24931507
2025-11-27 13:00:00,1865,1865,1865,1865,0,2025-11-27 14:00:00,0,0,1764223200000,1764226800000,91244.58000000,100000,0.07956621,0.16974886,0.24931507
2025-11-27 14:00:00,1865,1865,1865,1865,0,2025-11-27 15:00:00,0,0,1764226800000,1764230400000,91408.34000000,100000,0.07945205,0.16986301,0.24931507
2025-11-27 15:00:00,1825,1825,1825,1825,4.09,2025-11-27 16:00:00,7464.25,3,1764230400000,1764234000000,91492.02000000,100000,0.07933790,0.16997717,0.24931507
2025-11-27 16:00:00,1910,1940,1910,1910,1.03,2025-11-27 17:00:00,1967.6,3,1764234000000,1764237600000,91561.67000000,100000,0.07922374,0.17009132,0.24931507
2025-11-27 17:00:00,1910,1910,1910,1910,0,2025-11-27 18:00:00,0,0,1764237600000,1764241200000,91613.51000000,100000,0.07910959,0.17020548,0.24931507
2025-11-27 18:00:00,1880,1880,1855,1855,1.07,2025-11-27 19:00:00,1994.35,2,1764241200000,1764244800000,91371.88000000,100000,0.07899543,0.17031963,0.24931507
2025-11-27 19:00:00,1855,1855,1855,1855,0,2025-11-27 20:00:00,0,0,1764244800000,1764248400000,90986.56000000,100000,0.07888128,0.17043379,0.24931507
2025-11-27 20:00:00,1660,1660,1660,1660,0.05,2025-11-27 21:00:00,83,1,1764248400000,1764252000000,90852.78000000,100000,0.07876712,0.17054795,0.24931507
2025-11-27 21:00:00,1635,1635,1610,1610,1.26,2025-11-27 22:00:00,2034.85,2,1764252000000,1764255600000,90789.68000000,100000,0.07865297,0.17066210,0.24931507
2025-11-27 22:00:00,1600,1650,1600,1650,0.16,2025-11-27 23:00:00,259,3,1764255600000,1764259200000,90958.30000000,100000,0.07853881,0.17077626,0.24931507
2025-11-27 23:00:00,1700,1745,1700,1745,5.12,2025-11-28 00:00:00,8754.4,2,1764259200000,1764262800000,91467.13000000,100000,0.07842466,0.17089041,0.24931507
2025-11-28 00:00:00,1740,1755,1740,1755,0.07,2025-11-28 01:00:00,122.7,2,1764262800000,1764266400000,91479.30000000,100000,0.07831050,0.17100457,0.24931507
2025-11-28 01:00:00,1730,1730,1730,1730,0.38,2025-11-28 02:00:00,657.4,1,1764266400000,1764270000000,91791.99000000,100000,0.07819635,0.17111872,0.24931507
2025-11-28 02:00:00,1730,1730,1730,1730,0,2025-11-28 03:00:00,0,0,1764270000000,1764273600000,91528.21000000,100000,0.07808219,0.17123288,0.24931507
2025-11-28 03:00:00,1730,1730,1730,1730,0,2025-11-28 04:00:00,0,0,1764273600000,1764277200000,91433.17000000,100000,0.07796804,0.17134703,0.24931507
2025-11-28 04:00:00,1745,1745,1745,1745,1,2025-11-28 05:00:00,1745,1,1764277200000,1764280800000,91416.99000000,100000,0.07785388,0.17146119,0.24931507
2025-11-28 05:00:00,1745,1745,1745,1745,0,2025-11-28 06:00:00,0,0,1764280800000,1764284400000,91317.65000000,100000,0.07773973,0.17157534,0.24931507
2025-11-28 06:00:00,1745,1745,1745,1745,0,2025-11-28 07:00:00,0,0,1764284400000,1764288000000,91333.95000000,100000,0.07762557,0.17168950,0.24931507
2025-11-28 07:00:00,1735,1735,1735,1735,0.01,2025-11-28 08:00:00,17.35,1,1764288000000,1764291600000,91207.34000000,100000,0.07751142,0.17180365,0.24931507
2025-11-28 08:00:00,1735,1735,1735,1735,0,2025-11-28 09:00:00,0,0,1764291600000,1764295200000,90804.56000000,100000,0.07739726,0.17191781,0.24931507
2025-11-28 09:00:00,1575,1575,1575,1575,0.05,2025-11-28 10:00:00,78.75,1,1764295200000,1764298800000,91083.08000000,100000,0.07728311,0.17203196,0.24931507
2025-11-28 10:00:00,1715,1715,1675,1675,1.5,2025-11-28 11:00:00,2532.5,2,1764298800000,1764302400000,91208.85000000,100000,0.07716895,0.17214612,0.24931507
2025-11-28 11:00:00,1675,1675,1675,1675,0,2025-11-28 12:00:00,0,0,1764302400000,1764306000000,91424.02000000,100000,0.07705479,0.17226027,0.24931507
2025-11-28 12:00:00,1780,1850,1780,1850,0.44,2025-11-28 13:00:00,793.35,3,1764306000000,1764309600000,91612.09000000,100000,0.07694064,0.17237443,0.24931507
2025-11-28 13:00:00,1765,1765,1740,1740,8.6,2025-11-28 14:00:00,15149.8,3,1764309600000,1764313200000,91300.69000000,100000,0.07682648,0.17248858,0.24931507
2025-11-28 14:00:00,1595,1595,1595,1595,0.02,2025-11-28 15:00:00,31.9,1,1764313200000,1764316800000,90910.87000000,100000,0.07671233,0.17260274,0.24931507
2025-11-28 15:00:00,1600,1660,1595,1660,6.57,2025-11-28 16:00:00,10511.3,4,1764316800000,1764320400000,91690.00000000,100000,0.07659817,0.17271689,0.24931507
2025-11-28 16:00:00,1690,1690,1690,1690,0.1,2025-11-28 17:00:00,169,1,1764320400000,1764324000000,91599.99000000,100000,0.07648402,0.17283105,0.24931507
2025-11-28 17:00:00,1690,1690,1690,1690,0,2025-11-28 18:00:00,0,0,1764324000000,1764327600000,91850.49000000,100000,0.07636986,0.17294521,0.24931507
2025-11-28 18:00:00,1690,1690,1690,1690,0,2025-11-28 19:00:00,0,0,1764327600000,1764331200000,91437.64000000,100000,0.07625571,0.17305936,0.24931507
2025-11-28 19:00:00,1620,1620,1620,1620,0.01,2025-11-28 20:00:00,16.2,1,1764331200000,1764334800000,91513.40000000,100000,0.07614155,0.17317352,0.24931507
2025-11-28 20:00:00,1605,1605,1600,1600,1.02,2025-11-28 21:00:00,1632.1,3,1764334800000,1764338400000,92377.01000000,100000,0.07602740,0.17328767,0.24931507
2025-11-28 21:00:00,1860,2060,1785,1855,1.1,2025-11-28 22:00:00,2121.65,10,1764338400000,1764342000000,92250.01000000,100000,0.07591324,0.17340183,0.24931507
2025-11-28 22:00:00,1835,1985,1835,1970,3.11,2025-11-28 23:00:00,6090.95,5,1764342000000,1764345600000,92362.49000000,100000,0.07579909,0.17351598,0.24931507
2025-11-28 23:00:00,1585,1585,1500,1500,0.25,2025-11-29 00:00:00,377.55,3,1764345600000,1764349200000,90936.23000000,100000,0.07568493,0.17363014,0.24931507
2025-11-29 00:00:00,1400,1400,1400,1400,0.2,2025-11-29 01:00:00,280,1,1764349200000,1764352800000,90663.98000000,100000,0.07557078,0.17374429,0.24931507
2025-11-29 01:00:00,1385,1385,1385,1385,0.01,2025-11-29 02:00:00,13.85,1,1764352800000,1764356400000,90830.57000000,100000,0.07545662,0.17385845,0.24931507
2025-11-29 02:00:00,1385,1385,1385,1385,0,2025-11-29 03:00:00,0,0,1764356400000,1764360000000,91157.44000000,100000,0.07534247,0.17397260,0.24931507
2025-11-29 03:00:00,1385,1385,1385,1385,0,2025-11-29 04:00:00,0,0,1764360000000,1764363600000,91201.10000000,100000,0.07522831,0.17408676,0.24931507
2025-11-29 04:00:00,1385,1385,1385,1385,0,2025-11-29 05:00:00,0,0,1764363600000,1764367200000,90888.01000000,100000,0.07511416,0.17420091,0.24931507
2025-11-29 05:00:00,1385,1385,1385,1385,0,2025-11-29 06:00:00,0,0,1764367200000,1764370800000,91122.00000000,100000,0.07500000,0.17431507,0.24931507
2025-11-29 06:00:00,1385,1385,1385,1385,0,2025-11-29 07:00:00,0,0,1764370800000,1764374400000,90890.70000000,100000,0.07488584,0.17442922,0.24931507
2025-11-29 07:00:00,1385,1385,1385,1385,0,2025-11-29 08:00:00,0,0,1764374400000,1764378000000,90884.01000000,100000,0.07477169,0.17454338,0.24931507
2025-11-29 08:00:00,1385,1385,1385,1385,0,2025-11-29 09:00:00,0,0,1764378000000,1764381600000,90881.20000000,100000,0.07465753,0.17465753,0.24931507
2025-11-29 09:00:00,1385,1385,1385,1385,0,2025-11-29 10:00:00,0,0,1764381600000,1764385200000,90798.89000000,100000,0.07454338,0.17477169,0.24931507
2025-11-29 10:00:00,1385,1385,1385,1385,0,2025-11-29 11:00:00,0,0,1764385200000,1764388800000,90680.26000000,100000,0.07442922,0.17488584,0.24931507
2025-11-29 11:00:00,1485,1485,1485,1485,0.24,2025-11-29 12:00:00,356.4,1,1764388800000,1764392400000,90901.56000000,100000,0.07431507,0.17500000,0.24931507
2025-11-29 12:00:00,1485,1485,1485,1485,0,2025-11-29 13:00:00,0,0,1764392400000,1764396000000,90747.16000000,100000,0.07420091,0.17511416,0.24931507
2025-11-29 13:00:00,1485,1485,1485,1485,0,2025-11-29 14:00:00,0,0,1764396000000,1764399600000,90565.29000000,100000,0.07408676,0.17522831,0.24931507
2025-11-29 14:00:00,1485,1485,1485,1485,0,2025-11-29 15:00:00,0,0,1764399600000,1764403200000,90567.67000000,100000,0.07397260,0.17534247,0.24931507
2025-11-29 15:00:00,1485,1485,1485,1485,0,2025-11-29 16:00:00,0,0,1764403200000,1764406800000,90629.67000000,100000,0.07385845,0.17545662,0.24931507
2025-11-29 16:00:00,1485,1485,1485,1485,0,2025-11-29 17:00:00,0,0,1764406800000,1764410400000,90560.08000000,100000,0.07374429,0.17557078,0.24931507
2025-11-29 17:00:00,1400,1400,1400,1400,0.04,2025-11-29 18:00:00,56,1,1764410400000,1764414000000,90552.47000000,100000,0.07363014,0.17568493,0.24931507
2025-11-29 18:00:00,1400,1400,1400,1400,0,2025-11-29 19:00:00,0,0,1764414000000,1764417600000,90673.19000000,100000,0.07351598,0.17579909,0.24931507
2025-11-29 19:00:00,1400,1400,1400,1400,0,2025-11-29 20:00:00,0,0,1764417600000,1764421200000,90616.01000000,100000,0.07340183,0.17591324,0.24931507
2025-11-29 20:00:00,1400,1400,1400,1400,0,2025-11-29 21:00:00,0,0,1764421200000,1764424800000,90783.17000000,100000,0.07328767,0.17602740,0.24931507
2025-11-29 21:00:00,1470,1475,1450,1475,37.2,2025-11-29 22:00:00,54252.2,13,1764424800000,1764428400000,90621.72000000,100000,0.07317352,0.17614155,0.24931507
2025-11-29 22:00:00,1495,1495,1495,1495,0.4,2025-11-29 23:00:00,598,1,1764428400000,1764432000000,91063.50000000,100000,0.07305936,0.17625571,0.24931507
2025-11-29 23:00:00,1525,1525,1525,1525,0.01,2025-11-30 00:00:00,15.25,1,1764432000000,1764435600000,91004.03000000,100000,0.07294521,0.17636986,0.24931507
2025-11-30 00:00:00,1525,1525,1525,1525,0,2025-11-30 01:00:00,0,0,1764435600000,1764439200000,90421.21000000,100000,0.07283105,0.17648402,0.24931507
2025-11-30 01:00:00,1525,1525,1525,1525,0,2025-11-30 02:00:00,0,0,1764439200000,1764442800000,90690.84000000,100000,0.07271689,0.17659817,0.24931507
2025-11-30 02:00:00,1525,1525,1525,1525,0,2025-11-30 03:00:00,0,0,1764442800000,1764446400000,90640.78000000,100000,0.07260274,0.17671233,0.24931507
2025-11-30 03:00:00,1525,1525,1525,1525,0,2025-11-30 04:00:00,0,0,1764446400000,1764450000000,90963.29000000,100000,0.07248858,0.17682648,0.24931507
2025-11-30 04:00:00,1525,1525,1525,1525,0,2025-11-30 05:00:00,0,0,1764450000000,1764453600000,91008.68000000,100000,0.07237443,0.17694064,0.24931507
2025-11-30 05:00:00,1525,1525,1525,1525,0,2025-11-30 06:00:00,0,0,1764453600000,1764457200000,90753.02000000,100000,0.07226027,0.17705479,0.24931507
2025-11-30 06:00:00,1525,1525,1525,1525,0,2025-11-30 07:00:00,0,0,1764457200000,1764460800000,90802.44000000,100000,0.07214612,0.17716895,0.24931507
2025-11-30 07:00:00,1525,1525,1525,1525,0,2025-11-30 08:00:00,0,0,1764460800000,1764464400000,90893.94000000,100000,0.07203196,0.17728311,0.24931507
2025-11-30 08:00:00,1525,1525,1525,1525,0,2025-11-30 09:00:00,0,0,1764464400000,1764468000000,90913.31000000,100000,0.07191781,0.17739726,0.24931507
2025-11-30 09:00:00,1475,1475,1450,1450,0.05,2025-11-30 10:00:00,72.75,2,1764468000000,1764471600000,90795.51000000,100000,0.07180365,0.17751142,0.24931507
2025-11-30 10:00:00,1430,1430,1430,1430,0.03,2025-11-30 11:00:00,42.9,1,1764471600000,1764475200000,90909.35000000,100000,0.07168950,0.17762557,0.24931507
2025-11-30 11:00:00,1430,1430,1430,1430,0,2025-11-30 12:00:00,0,0,1764475200000,1764478800000,90858.00000000,100000,0.07157534,0.17773973,0.24931507
2025-11-30 12:00:00,1430,1430,1430,1430,0,2025-11-30 13:00:00,0,0,1764478800000,1764482400000,90783.75000000,100000,0.07146119,0.17785388,0.24931507
2025-11-30 13:00:00,1430,1430,1430,1430,0,2025-11-30 14:00:00,0,0,1764482400000,1764486000000,90898.68000000,100000,0.07134703,0.17796804,0.24931507
2025-11-30 14:00:00,1430,1430,1430,1430,0,2025-11-30 15:00:00,0,0,1764486000000,1764489600000,90968.16000000,100000,0.07123288,0.17808219,0.24931507
2025-11-30 15:00:00,1505,1505,1505,1505,2.27,2025-11-30 16:00:00,3416.35,1,1764489600000,1764493200000,91184.45000000,100000,0.07111872,0.17819635,0.24931507
2025-11-30 16:00:00,1565,1565,1520,1520,5.92,2025-11-30 17:00:00,9258.5,3,1764493200000,1764496800000,91413.07000000,100000,0.07100457,0.17831050,0.24931507
2025-11-30 17:00:00,1520,1520,1520,1520,0,2025-11-30 18:00:00,0,0,1764496800000,1764500400000,91234.31000000,100000,0.07089041,0.17842466,0.24931507
2025-11-30 18:00:00,1520,1520,1520,1520,0,2025-11-30 19:00:00,0,0,1764500400000,1764504000000,91048.78000000,100000,0.07077626,0.17853881,0.24931507
2025-11-30 19:00:00,1520,1520,1520,1520,0,2025-11-30 20:00:00,0,0,1764504000000,1764507600000,91469.51000000,100000,0.07066210,0.17865297,0.24931507
2025-11-30 20:00:00,1520,1520,1520,1520,0,2025-11-30 21:00:00,0,0,1764507600000,1764511200000,91769.99000000,100000,0.07054795,0.17876712,0.24931507
2025-11-30 21:00:00,1520,1520,1520,1520,0,2025-11-30 22:00:00,0,0,1764511200000,1764514800000,91499.99000000,100000,0.07043379,0.17888128,0.24931507
2025-11-30 22:00:00,1520,1520,1520,1520,0,2025-11-30 23:00:00,0,0,1764514800000,1764518400000,91435.31000000,100000,0.07031963,0.17899543,0.24931507
2025-11-30 23:00:00,1520,1520,1520,1520,0,2025-12-01 00:00:00,0,0,1764518400000,1764522000000,91825.18000000,100000,0.07020548,0.17910959,0.24931507
2025-12-01 00:00:00,1520,1520,1520,1520,0,2025-12-01 01:00:00,0,0,1764522000000,1764525600000,91488.19000000,100000,0.07009132,0.17922374,0.24931507
2025-12-01 01:00:00,1520,1520,1520,1520,0,2025-12-01 02:00:00,0,0,1764525600000,1764529200000,91459.90000000,100000,0.06997717,0.17933790,0.24931507
2025-12-01 02:00:00,1520,1520,1520,1520,0,2025-12-01 03:00:00,0,0,1764529200000,1764532800000,91460.79000000,100000,0.06986301,0.17945205,0.24931507
2025-12-01 03:00:00,1540,1540,1540,1540,0.04,2025-12-01 04:00:00,61.6,1,1764532800000,1764536400000,91315.60000000,100000,0.06974886,0.17956621,0.24931507
2025-12-01 04:00:00,1535,1535,1535,1535,0.03,2025-12-01 05:00:00,46.05,1,1764536400000,1764540000000,91174.22000000,100000,0.06963470,0.17968037,0.24931507
2025-12-01 05:00:00,1535,1535,1535,1535,0,2025-12-01 06:00:00,0,0,1764540000000,1764543600000,91225.28000000,100000,0.06952055,0.17979452,0.24931507
2025-12-01 06:00:00,1535,1535,1535,1535,0,2025-12-01 07:00:00,0,0,1764543600000,1764547200000,90360.00000000,100000,0.06940639,0.17990868,0.24931507
2025-12-01 07:00:00,1170,1170,1130,1130,3.4,2025-12-01 08:00:00,3935.35,6,1764547200000,1764550800000,87000.00000000,100000,0.06929224,0.18002283,0.24931507
2025-12-01 08:00:00,930,950,910,910,8.63,2025-12-01 09:00:00,7858.15,6,1764550800000,1764554400000,87168.91000000,100000,0.06917808,0.18013699,0.24931507
2025-12-01 09:00:00,805,805,805,805,1,2025-12-01 10:00:00,805,1,1764554400000,1764558000000,86722.29000000,100000,0.06906393,0.18025114,0.24931507
2025-12-01 10:00:00,710,710,690,690,0.18,2025-12-01 11:00:00,126.2,2,1764558000000,1764561600000,86346.13000000,100000,0.06894977,0.18036530,0.24931507
2025-12-01 11:00:00,690,690,645,660,1.63,2025-12-01 12:00:00,1061.85,6,1764561600000,1764565200000,85801.03000000,100000,0.06883562,0.18047945,0.24931507
2025-12-01 12:00:00,650,650,625,625,1.26,2025-12-01 13:00:00,812.5,2,1764565200000,1764568800000,86001.08000000,100000,0.06872146,0.18059361,0.24931507
2025-12-01 13:00:00,655,665,645,645,1.25,2025-12-01 14:00:00,823.55,4,1764568800000,1764572400000,86234.16000000,100000,0.06860731,0.18070776,0.24931507
2025-12-01 14:00:00,665,665,650,650,2.49,2025-12-01 15:00:00,1655.7,2,1764572400000,1764576000000,86550.30000000,100000,0.06849315,0.18082192,0.24931507
2025-12-01 15:00:00,635,670,635,670,2.58,2025-12-01 16:00:00,1641.8,2,1764576000000,1764579600000,86869.51000000,100000,0.06837900,0.18093607,0.24931507
2025-12-01 16:00:00,665,665,665,665,1,2025-12-01 17:00:00,665,1,1764579600000,1764583200000,86704.86000000,100000,0.06826484,0.18105023,0.24931507
2025-12-01 17:00:00,665,665,665,665,0,2025-12-01 18:00:00,0,0,1764583200000,1764586800000,86647.73000000,100000,0.06815068,0.18116438,0.24931507
2025-12-01 18:00:00,665,665,665,665,0,2025-12-01 19:00:00,0,0,1764586800000,1764590400000,86149.15000000,100000,0.06803653,0.18127854,0.24931507
2025-12-01 19:00:00,635,635,595,595,8.26,2025-12-01 20:00:00,5072.4,5,1764590400000,1764594000000,85430.64000000,100000,0.06792237,0.18139269,0.24931507
2025-12-01 20:00:00,685,685,635,635,5.63,2025-12-01 21:00:00,3651.2,7,1764594000000,1764597600000,85986.85000000,100000,0.06780822,0.18150685,0.24931507
2025-12-01 21:00:00,685,725,665,685,7.97,2025-12-01 22:00:00,5489.8,13,1764597600000,1764601200000,86067.90000000,100000,0.06769406,0.18162100,0.24931507
2025-12-01 22:00:00,580,600,580,600,4.87,2025-12-01 23:00:00,2908.1,10,1764601200000,1764604800000,84677.87000000,100000,0.06757991,0.18173516,0.24931507
2025-12-01 23:00:00,555,555,555,555,0.5,2025-12-02 00:00:00,277.5,1,1764604800000,1764608400000,84571.80000000,100000,0.06746575,0.18184932,0.24931507
2025-12-02 00:00:00,555,600,555,595,2.22,2025-12-02 01:00:00,1328.35,5,1764608400000,1764612000000,84920.30000000,100000,0.06735160,0.18196347,0.24931507
2025-12-02 01:00:00,600,600,575,575,0.31,2025-12-02 02:00:00,185.75,2,1764612000000,1764615600000,85199.48000000,100000,0.06723744,0.18207763,0.24931507
2025-12-02 02:00:00,600,600,600,600,0.67,2025-12-02 03:00:00,402,1,1764615600000,1764619200000,85024.50000000,100000,0.06712329,0.18219178,0.24931507
2025-12-02 03:00:00,580,625,580,625,6.06,2025-12-02 04:00:00,3662.95,8,1764619200000,1764622800000,85518.00000000,100000,0.06700913,0.18230594,0.24931507
2025-12-02 04:00:00,625,625,625,625,0,2025-12-02 05:00:00,0,0,1764622800000,1764626400000,86436.65000000,100000,0.06689498,0.18242009,0.24931507
2025-12-02 05:00:00,780,790,775,775,4.22,2025-12-02 06:00:00,3284.1,6,1764626400000,1764630000000,86572.65000000,100000,0.06678082,0.18253425,0.24931507
2025-12-02 06:00:00,765,780,765,780,3.92,2025-12-02 07:00:00,3019.95,5,1764630000000,1764633600000,86286.01000000,100000,0.06666667,0.18264840,0.24931507
2025-12-02 07:00:00,710,710,710,710,2.69,2025-12-02 08:00:00,1909.9,2,1764633600000,1764637200000,86513.33000000,100000,0.06655251,0.18276256,0.24931507
2025-12-02 08:00:00,745,745,655,655,0.86,2025-12-02 09:00:00,564.2,4,1764637200000,1764640800000,86454.93000000,100000,0.06643836,0.18287671,0.24931507
2025-12-02 09:00:00,645,675,630,630,2.61,2025-12-02 10:00:00,1647.25,4,1764640800000,1764644400000,86554.47000000,100000,0.06632420,0.18299087,0.24931507
2025-12-02 10:00:00,635,670,635,670,3.56,2025-12-02 11:00:00,2325.7,7,1764644400000,1764648000000,86976.99000000,100000,0.06621005,0.18310502,0.24931507
2025-12-02 11:00:00,685,685,660,660,4.36,2025-12-02 12:00:00,2971.6,3,1764648000000,1764651600000,86970.28000000,100000,0.06609589,0.18321918,0.24931507
2025-12-02 12:00:00,660,660,660,660,0.4,2025-12-02 13:00:00,264,1,1764651600000,1764655200000,87008.20000000,100000,0.06598174,0.18333333,0.24931507
2025-12-02 13:00:00,655,670,640,670,0.3,2025-12-02 14:00:00,196.6,4,1764655200000,1764658800000,87090.46000000,100000,0.06586758,0.18344749,0.24931507
2025-12-02 14:00:00,665,670,665,670,0.21,2025-12-02 15:00:00,139.9,6,1764658800000,1764662400000,87012.65000000,100000,0.06575342,0.18356164,0.24931507
2025-12-02 15:00:00,635,635,635,635,0.01,2025-12-02 16:00:00,6.35,1,1764662400000,1764666000000,86471.89000000,100000,0.06563927,0.18367580,0.24931507
2025-12-02 16:00:00,640,670,640,655,3.11,2025-12-02 17:00:00,1991.3,6,1764666000000,1764669600000,86769.87000000,100000,0.06552511,0.18378995,0.24931507
2025-12-02 17:00:00,650,705,650,705,0.22,2025-12-02 18:00:00,154,2,1764669600000,1764673200000,87272.44000000,100000,0.06541096,0.18390411,0.24931507
2025-12-02 18:00:00,705,705,705,705,0,2025-12-02 19:00:00,0,0,1764673200000,1764676800000,87368.92000000,100000,0.06529680,0.18401826,0.24931507
2025-12-02 19:00:00,705,705,705,705,0,2025-12-02 20:00:00,0,0,1764676800000,1764680400000,87264.20000000,100000,0.06518265,0.18413242,0.24931507
2025-12-02 20:00:00,705,705,705,705,0,2025-12-02 21:00:00,0,0,1764680400000,1764684000000,87731.41000000,100000,0.06506849,0.18424658,0.24931507
2025-12-02 21:00:00,845,945,845,880,3.58,2025-12-02 22:00:00,3177.8,15,1764684000000,1764687600000,89271.99000000,100000,0.06495434,0.18436073,0.24931507
2025-12-02 22:00:00,1030,1385,1030,1385,9.37,2025-12-02 23:00:00,11757.4,14,1764687600000,1764691200000,90850.01000000,100000,0.06484018,0.18447489,0.24931507
2025-12-02 23:00:00,1320,1320,1205,1305,5.27,2025-12-03 00:00:00,6511.55,6,1764691200000,1764694800000,90759.15000000,100000,0.06472603,0.18458904,0.24931507
2025-12-03 00:00:00,1315,1465,1315,1465,5.48,2025-12-03 01:00:00,8020.7,3,1764694800000,1764698400000,91458.40000000,100000,0.06461187,0.18470320,0.24931507
2025-12-03 01:00:00,1535,1535,1520,1520,1.22,2025-12-03 02:00:00,1856.05,2,1764698400000,1764702000000,91954.49000000,100000,0.06449772,0.18481735,0.24931507
2025-12-03 02:00:00,1520,1520,1520,1520,0,2025-12-03 03:00:00,0,0,1764702000000,1764705600000,91903.39000000,100000,0.06438356,0.18493151,0.24931507
2025-12-03 03:00:00,1520,1520,1520,1520,0,2025-12-03 04:00:00,0,0,1764705600000,1764709200000,91026.67000000,100000,0.06426941,0.18504566,0.24931507
2025-12-03 04:00:00,1520,1520,1520,1520,0.02,2025-12-03 05:00:00,30.4,1,1764709200000,1764712800000,91562.43000000,100000,0.06415525,0.18515982,0.24931507
2025-12-03 05:00:00,1520,1540,1520,1535,0.98,2025-12-03 06:00:00,1499.1,4,1764712800000,1764716400000,91981.91000000,100000,0.06404110,0.18527397,0.24931507
2025-12-03 06:00:00,1435,1435,1435,1435,1.38,2025-12-03 07:00:00,1980.3,1,1764716400000,1764720000000,91277.88000000,100000,0.06392694,0.18538813,0.24931507
2025-12-03 07:00:00,1380,1440,1380,1440,1.63,2025-12-03 08:00:00,2265,2,1764720000000,1764723600000,91660.12000000,100000,0.06381279,0.18550228,0.24931507
2025-12-03 08:00:00,1500,1595,1500,1595,0.49,2025-12-03 09:00:00,772.8,3,1764723600000,1764727200000,92251.63000000,100000,0.06369863,0.18561644,0.24931507
2025-12-03 09:00:00,1570,1750,1570,1690,13.05,2025-12-03 10:00:00,21969.3,22,1764727200000,1764730800000,92817.92000000,100000,0.06358447,0.18573059,0.24931507
2025-12-03 10:00:00,1710,1710,1680,1680,0.02,2025-12-03 11:00:00,33.9,2,1764730800000,1764734400000,92628.91000000,100000,0.06347032,0.18584475,0.24931507
2025-12-03 11:00:00,1755,1800,1725,1800,1.52,2025-12-03 12:00:00,2657.8,6,1764734400000,1764738000000,93362.21000000,100000,0.06335616,0.18595890,0.24931507
2025-12-03 12:00:00,1825,1900,1825,1885,4.42,2025-12-03 13:00:00,8118.35,6,1764738000000,1764741600000,93642.92000000,100000,0.06324201,0.18607306,0.24931507
2025-12-03 13:00:00,1955,1955,1770,1770,0.05,2025-12-03 14:00:00,90.35,2,1764741600000,1764745200000,93431.80000000,100000,0.06312785,0.18618721,0.24931507
2025-12-03 14:00:00,1800,1800,1695,1740,0.51,2025-12-03 15:00:00,882.85,10,1764745200000,1764748800000,92999.99000000,100000,0.06301370,0.18630137,0.24931507
2025-12-03 15:00:00,1725,1725,1700,1700,1.01,2025-12-03 16:00:00,1717.25,2,1764748800000,1764752400000,92765.65000000,100000,0.06289954,0.18641553,0.24931507
2025-12-03 16:00:00,1695,1695,1695,1695,0.81,2025-12-03 17:00:00,1372.95,1,1764752400000,1764756000000,93178.46000000,100000,0.06278539,0.18652968,0.24931507
2025-12-03 17:00:00,1720,1730,1665,1670,1.73,2025-12-03 18:00:00,2974.75,7,1764756000000,1764759600000,92939.40000000,100000,0.06267123,0.18664384,0.24931507
2025-12-03 18:00:00,1650,1650,1650,1650,0.5,2025-12-03 19:00:00,825,1,1764759600000,1764763200000,93005.68000000,100000,0.06255708,0.18675799,0.24931507
2025-12-03 19:00:00,1695,1715,1695,1715,0.1,2025-12-03 20:00:00,170.9,2,1764763200000,1764766800000,92937.39000000,100000,0.06244292,0.18687215,0.24931507
2025-12-03 20:00:00,1735,1785,1735,1785,2.82,2025-12-03 21:00:00,5012.2,2,1764766800000,1764770400000,93130.88000000,100000,0.06232877,0.18698630,0.24931507
2025-12-03 21:00:00,1600,1940,1475,1700,8.93,2025-12-03 22:00:00,15942.55,14,1764770400000,1764774000000,92357.54000000,100000,0.06221461,0.18710046,0.24931507
2025-12-03 22:00:00,1600,1630,1600,1630,0.31,2025-12-03 23:00:00,496.3,2,1764774000000,1764777600000,92373.30000000,100000,0.06210046,0.18721461,0.24931507
2025-12-03 23:00:00,1500,1630,1500,1630,0.46,2025-12-04 00:00:00,697.8,2,1764777600000,1764781200000,92242.24000000,100000,0.06198630,0.18732877,0.24931507
2025-12-04 00:00:00,1630,1630,1630,1630,0,2025-12-04 01:00:00,0,0,1764781200000,1764784800000,92956.22000000,100000,0.06187215,0.18744292,0.24931507
2025-12-04 01:00:00,1675,1695,1675,1695,1.2,2025-12-04 02:00:00,2033.8,2,1764784800000,1764788400000,92623.86000000,100000,0.06175799,0.18755708,0.24931507
2025-12-04 02:00:00,1555,1555,1555,1555,0.02,2025-12-04 03:00:00,31.1,1,1764788400000,1764792000000,93024.99000000,100000,0.06164384,0.18767123,0.24931507
2025-12-04 03:00:00,1555,1555,1555,1555,0,2025-12-04 04:00:00,0,0,1764792000000,1764795600000,92980.43000000,100000,0.06152968,0.18778539,0.24931507
2025-12-04 04:00:00,1555,1555,1555,1555,0,2025-12-04 05:00:00,0,0,1764795600000,1764799200000,93700.00000000,100000,0.06141553,0.18789954,0.24931507
2025-12-04 05:00:00,1725,1725,1725,1725,1.21,2025-12-04 06:00:00,2087.25,1,1764799200000,1764802800000,93781.01000000,100000,0.06130137,0.18801370,0.24931507
2025-12-04 06:00:00,1790,1790,1765,1765,3.43,2025-12-04 07:00:00,6064.7,3,1764802800000,1764806400000,93429.95000000,100000,0.06118721,0.18812785,0.24931507
2025-12-04 07:00:00,1740,1740,1620,1620,3.63,2025-12-04 08:00:00,5894.35,3,1764806400000,1764810000000,93054.86000000,100000,0.06107306,0.18824201,0.24931507
2025-12-04 08:00:00,1620,1620,1620,1620,0,2025-12-04 09:00:00,0,0,1764810000000,1764813600000,93195.07000000,100000,0.06095890,0.18835616,0.24931507
2025-12-04 09:00:00,1790,1840,1790,1840,3.45,2025-12-04 10:00:00,6219.35,5,1764813600000,1764817200000,93943.24000000,100000,0.06084475,0.18847032,0.24931507
2025-12-04 10:00:00,1775,1775,1735,1735,1.45,2025-12-04 11:00:00,2572.95,2,1764817200000,1764820800000,93543.04000000,100000,0.06073059,0.18858447,0.24931507
2025-12-04 11:00:00,1690,1705,1690,1705,1.01,2025-12-04 12:00:00,1721.9,2,1764820800000,1764824400000,93360.58000000,100000,0.06061644,0.18869863,0.24931507
2025-12-04 12:00:00,1635,1635,1610,1610,0.5,2025-12-04 13:00:00,810,2,1764824400000,1764828000000,92979.25000000,100000,0.06050228,0.18881279,0.24931507
2025-12-04 13:00:00,1630,1630,1630,1630,0.01,2025-12-04 14:00:00,16.3,1,1764828000000,1764831600000,93140.74000000,100000,0.06038813,0.18892694,0.24931507
2025-12-04 14:00:00,1615,1615,1615,1615,0.06,2025-12-04 15:00:00,96.9,1,1764831600000,1764835200000,93397.67000000,100000,0.06027397,0.18904110,0.24931507
2025-12-04 15:00:00,1580,1580,1580,1580,1.04,2025-12-04 16:00:00,1643.2,1,1764835200000,1764838800000,93260.63000000,100000,0.06015982,0.18915525,0.24931507
2025-12-04 16:00:00,1640,1695,1640,1670,3.12,2025-12-04 17:00:00,5254.95,5,1764838800000,1764842400000,93454.70000000,100000,0.06004566,0.18926941,0.24931507
2025-12-04 17:00:00,1580,1580,1580,1580,1,2025-12-04 18:00:00,1580,1,1764842400000,1764846000000,93260.00000000,100000,0.05993151,0.18938356,0.24931507
2025-12-04 18:00:00,1600,1600,1580,1580,1.26,2025-12-04 19:00:00,2011,2,1764846000000,1764849600000,92948.31000000,100000,0.05981735,0.18949772,0.24931507
2025-12-04 19:00:00,1520,1520,1520,1520,1.99,2025-12-04 20:00:00,3024.8,1,1764849600000,1764853200000,92990.18000000,100000,0.05970320,0.18961187,0.24931507
2025-12-04 20:00:00,1405,1405,1405,1405,1.94,2025-12-04 21:00:00,2725.7,1,1764853200000,1764856800000,92516.38000000,100000,0.05958904,0.18972603,0.24931507
2025-12-04 21:00:00,1400,1400,1300,1300,1.1,2025-12-04 22:00:00,1480,3,1764856800000,1764860400000,91894.01000000,100000,0.05947489,0.18984018,0.24931507
2025-12-04 22:00:00,1450,1490,1450,1490,1.22,2025-12-04 23:00:00,1814.6,2,1764860400000,1764864000000,92971.49000000,100000,0.05936073,0.18995434,0.24931507
2025-12-04 23:00:00,1475,1475,1475,1475,0.17,2025-12-05 00:00:00,250.75,1,1764864000000,1764867600000,92431.72000000,100000,0.05924658,0.19006849,0.24931507
2025-12-05 00:00:00,1300,1370,1280,1370,3.15,2025-12-05 01:00:00,4142.4,4,1764867600000,1764871200000,92426.76000000,100000,0.05913242,0.19018265,0.24931507
2025-12-05 01:00:00,1330,1330,1330,1330,2.39,2025-12-05 02:00:00,3178.7,2,1764871200000,1764874800000,92127.52000000,100000,0.05901826,0.19029680,0.24931507
2025-12-05 02:00:00,1290,1290,1130,1150,5.98,2025-12-05 03:00:00,7015.7,7,1764874800000,1764878400000,91975.44000000,100000,0.05890411,0.19041096,0.24931507
2025-12-05 03:00:00,1285,1285,1285,1285,0.01,2025-12-05 04:00:00,12.85,1,1764878400000,1764882000000,92476.25000000,100000,0.05878995,0.19052511,0.24931507
2025-12-05 04:00:00,1285,1285,1285,1285,0,2025-12-05 05:00:00,0,0,1764882000000,1764885600000,92158.23000000,100000,0.05867580,0.19063927,0.24931507
2025-12-05 05:00:00,1285,1285,1285,1285,0,2025-12-05 06:00:00,0,0,1764885600000,1764889200000,92348.78000000,100000,0.05856164,0.19075342,0.24931507
2025-12-05 06:00:00,1320,1325,1320,1325,2.41,2025-12-05 07:00:00,3186.85,2,1764889200000,1764892800000,92078.06000000,100000,0.05844749,0.19086758,0.24931507
2025-12-05 07:00:00,1325,1325,1325,1325,0,2025-12-05 08:00:00,0,0,1764892800000,1764896400000,92299.08000000,100000,0.05833333,0.19098174,0.24931507
2025-12-05 08:00:00,1395,1395,1355,1355,1.21,2025-12-05 09:00:00,1686.75,2,1764896400000,1764900000000,92358.03000000,100000,0.05821918,0.19109589,0.24931507
2025-12-05 09:00:00,1355,1355,1355,1355,0,2025-12-05 10:00:00,0,0,1764900000000,1764903600000,92518.40000000,100000,0.05810502,0.19121005,0.24931507
2025-12-05 10:00:00,1315,1315,1315,1315,1,2025-12-05 11:00:00,1315,1,1764903600000,1764907200000,92142.75000000,100000,0.05799087,0.19132420,0.24931507
2025-12-05 11:00:00,1245,1245,1245,1245,0.11,2025-12-05 12:00:00,136.95,1,1764907200000,1764910800000,92028.14000000,100000,0.05787671,0.19143836,0.24931507
2025-12-05 12:00:00,1235,1235,1235,1235,0.6,2025-12-05 13:00:00,741,1,1764910800000,1764914400000,91932.85000000,100000,0.05776256,0.19155251,0.24931507
2025-12-05 13:00:00,1225,1225,1225,1225,0.2,2025-12-05 14:00:00,245,2,1764914400000,1764918000000,92275.26000000,100000,0.05764840,0.19166667,0.24931507
2025-12-05 14:00:00,1265,1265,1240,1240,0.02,2025-12-05 15:00:00,25.05,2,1764918000000,1764921600000,92258.65000000,100000,0.05753425,0.19178082,0.24931507
2025-12-05 15:00:00,1240,1240,1220,1240,5.53,2025-12-05 16:00:00,6788.1,5,1764921600000,1764925200000,92112.04000000,100000,0.05742009,0.19189498,0.24931507
2025-12-05 16:00:00,1160,1160,1075,1075,6.16,2025-12-05 17:00:00,6848.05,13,1764925200000,1764928800000,91128.56000000,100000,0.05730594,0.19200913,0.24931507
2025-12-05 17:00:00,1075,1075,1075,1075,0,2025-12-05 18:00:00,0,0,1764928800000,1764932400000,91272.85000000,100000,0.05719178,0.19212329,0.24931507
2025-12-05 18:00:00,1010,1010,1010,1010,2.19,2025-12-05 19:00:00,2211.9,1,1764932400000,1764936000000,91351.43000000,100000,0.05707763,0.19223744,0.24931507
2025-12-05 19:00:00,1010,1010,1010,1010,0,2025-12-05 20:00:00,0,0,1764936000000,1764939600000,91242.40000000,100000,0.05696347,0.19235160,0.24931507
2025-12-05 20:00:00,1000,1000,925,970,4.13,2025-12-05 21:00:00,3880.85,9,1764939600000,1764943200000,90465.14000000,100000,0.05684932,0.19246575,0.24931507
2025-12-05 21:00:00,900,935,900,935,2.95,2025-12-05 22:00:00,2740.75,4,1764943200000,1764946800000,90287.67000000,100000,0.05673516,0.19257991,0.24931507
2025-12-05 22:00:00,980,1095,980,1085,8.76,2025-12-05 23:00:00,9512.65,7,1764946800000,1764950400000,90459.35000000,100000,0.05662100,0.19269406,0.24931507
2025-12-05 23:00:00,860,860,700,700,7.43,2025-12-06 00:00:00,5599.45,20,1764950400000,1764954000000,88810.89000000,100000,0.05650685,0.19280822,0.24931507
2025-12-06 00:00:00,790,790,790,790,1.53,2025-12-06 01:00:00,1208.7,1,1764954000000,1764957600000,89336.13000000,100000,0.05639269,0.19292237,0.24931507
2025-12-06 01:00:00,830,835,785,785,1.15,2025-12-06 02:00:00,906.95,4,1764957600000,1764961200000,88936.04000000,100000,0.05627854,0.19303653,0.24931507
2025-12-06 02:00:00,785,785,785,785,0,2025-12-06 03:00:00,0,0,1764961200000,1764964800000,89629.26000000,100000,0.05616438,0.19315068,0.24931507
2025-12-06 03:00:00,815,815,780,780,1.21,2025-12-06 04:00:00,985.8,2,1764964800000,1764968400000,89301.75000000,100000,0.05605023,0.19326484,0.24931507
2025-12-06 04:00:00,775,775,775,775,0.01,2025-12-06 05:00:00,7.75,1,1764968400000,1764972000000,89177.68000000,100000,0.05593607,0.19337900,0.24931507
2025-12-06 05:00:00,745,745,745,745,1,2025-12-06 06:00:00,745,1,1764972000000,1764975600000,89232.47000000,100000,0.05582192,0.19349315,0.24931507
2025-12-06 06:00:00,760,760,760,760,0.01,2025-12-06 07:00:00,7.6,1,1764975600000,1764979200000,89330.04000000,100000,0.05570776,0.19360731,0.24931507
2025-12-06 07:00:00,760,760,760,760,0,2025-12-06 08:00:00,0,0,1764979200000,1764982800000,89422.25000000,100000,0.05559361,0.19372146,0.24931507
2025-12-06 08:00:00,750,755,750,755,0.41,2025-12-06 09:00:00,309.4,2,1764982800000,1764986400000,89333.83000000,100000,0.05547945,0.19383562,0.24931507
2025-12-06 09:00:00,755,755,755,755,0,2025-12-06 10:00:00,0,0,1764986400000,1764990000000,89390.90000000,100000,0.05536530,0.19394977,0.24931507
2025-12-06 10:00:00,760,760,750,755,0.71,2025-12-06 11:00:00,537.8,9,1764990000000,1764993600000,89688.35000000,100000,0.05525114,0.19406393,0.24931507
2025-12-06 11:00:00,755,755,755,755,0,2025-12-06 12:00:00,0,0,1764993600000,1764997200000,89659.01000000,100000,0.05513699,0.19417808,0.24931507
2025-12-06 12:00:00,785,785,765,765,0.31,2025-12-06 13:00:00,237.35,2,1764997200000,1765000800000,89604.98000000,100000,0.05502283,0.19429224,0.24931507
2025-12-06 13:00:00,780,780,780,780,0.64,2025-12-06 14:00:00,499.2,5,1765000800000,1765004400000,89688.65000000,100000,0.05490868,0.19440639,0.24931507
2025-12-06 14:00:00,780,780,780,780,0,2025-12-06 15:00:00,0,0,1765004400000,1765008000000,89597.13000000,100000,0.05479452,0.19452055,0.24931507
2025-12-06 15:00:00,780,780,780,780,0,2025-12-06 16:00:00,0,0,1765008000000,1765011600000,89277.14000000,100000,0.05468037,0.19463470,0.24931507
2025-12-06 16:00:00,780,780,780,780,0,2025-12-06 17:00:00,0,0,1765011600000,1765015200000,89574.12000000,100000,0.05456621,0.19474886,0.24931507
2025-12-06 17:00:00,780,780,780,780,0,2025-12-06 18:00:00,0,0,1765015200000,1765018800000,89506.00000000,100000,0.05445205,0.19486301,0.24931507
2025-12-06 18:00:00,780,780,780,780,0,2025-12-06 19:00:00,0,0,1765018800000,1765022400000,89631.28000000,100000,0.05433790,0.19497717,0.24931507
2025-12-06 19:00:00,735,735,735,735,5.02,2025-12-06 20:00:00,3689.7,2,1765022400000,1765026000000,89581.19000000,100000,0.05422374,0.19509132,0.24931507
2025-12-06 20:00:00,745,745,745,745,0.1,2025-12-06 21:00:00,74.5,1,1765026000000,1765029600000,89673.73000000,100000,0.05410959,0.19520548,0.24931507
2025-12-06 21:00:00,820,820,820,820,0.3,2025-12-06 22:00:00,246,1,1765029600000,1765033200000,90004.76000000,100000,0.05399543,0.19531963,0.24931507
2025-12-06 22:00:00,820,820,820,820,0,2025-12-06 23:00:00,0,0,1765033200000,1765036800000,89758.77000000,100000,0.05388128,0.19543379,0.24931507
2025-12-06 23:00:00,785,800,785,800,0.51,2025-12-07 00:00:00,400.5,2,1765036800000,1765040400000,89707.80000000,100000,0.05376712,0.19554795,0.24931507
2025-12-07 00:00:00,790,790,790,790,0.38,2025-12-07 01:00:00,300.2,1,1765040400000,1765044000000,89715.69000000,100000,0.05365297,0.19566210,0.24931507
