open_time,open,high,low,close,volume,close_time,amount,trade_count,open_time_unix_ms,close_time_unix_ms,btc_close_price,strike_price_K,time_to_maturity_t2m,current_time_t,contract_duration_T
2025-09-26 15:00:00,19770,19770,19770,19770,0,2025-09-26 17:00:00,0,0,1758873600000,1758880800000,109568.72000000,95000,0.24908676,0.00022831,0.24931507
2025-09-26 17:00:00,19770,19770,19770,19770,0,2025-09-26 19:00:00,0,0,1758880800000,1758888000000,109133.50000000,95000,0.24885845,0.00045662,0.24931507
2025-09-26 19:00:00,19770,19770,19770,19770,0,2025-09-26 21:00:00,0,0,1758888000000,1758895200000,109669.73000000,95000,0.24863014,0.00068493,0.24931507
2025-09-26 21:00:00,18775,18775,18775,18775,0.49,2025-09-26 23:00:00,9199.75,1,1758895200000,1758902400000,109027.78000000,95000,0.24840183,0.00091324,0.24931507
2025-09-26 23:00:00,18775,18775,18775,18775,0,2025-09-27 01:00:00,0,0,1758902400000,1758909600000,109899.99000000,95000,0.24817352,0.00114155,0.24931507
2025-09-27 01:00:00,19745,19745,19745,19745,0.01,2025-09-27 03:00:00,197.45,1,1758909600000,1758916800000,109172.20000000,95000,0.24794521,0.00136986,0.24931507
2025-09-27 03:00:00,19745,19745,19745,19745,0,2025-09-27 05:00:00,0,0,1758916800000,1758924000000,109469.07000000,95000,0.24771689,0.00159817,0.24931507
2025-09-27 05:00:00,19745,19745,19745,19745,0,2025-09-27 07:00:00,0,0,1758924000000,1758931200000,109643.46000000,95000,0.24748858,0.00182648,0.24931507
2025-09-27 07:00:00,19745,19745,19745,19745,0,2025-09-27 09:00:00,0,0,1758931200000,1758938400000,109431.92000000,95000,0.24726027,0.00205479,0.24931507
2025-09-27 09:00:00,19745,19745,19745,19745,0,2025-09-27 11:00:00,0,0,1758938400000,1758945600000,109553.77000000,95000,0.24703196,0.00228311,0.24931507
2025-09-27 11:00:00,19745,19745,19745,19745,0,2025-09-27 13:00:00,0,0,1758945600000,1758952800000,109635.72000000,95000,0.24680365,0.00251142,0.24931507
2025-09-27 13:00:00,19745,19745,19745,19745,0,2025-09-27 15:00:00,0,0,1758952800000,1758960000000,109411.20000000,95000,0.24657534,0.00273973,0.24931507
2025-09-27 15:00:00,19745,19745,19745,19745,0,2025-09-27 17:00:00,0,0,1758960000000,1758967200000,109292.73000000,95000,0.24634703,0.00296804,0.24931507
2025-09-27 17:00:00,19745,19745,19745,19745,0,2025-09-27 19:00:00,0,0,1758967200000,1758974400000,109310.21000000,95000,0.24611872,0.00319635,0.24931507
2025-09-27 19:00:00,19745,19745,19745,19745,0,2025-09-27 21:00:00,0,0,1758974400000,1758981600000,109306.61000000,95000,0.24589041,0.00342466,0.24931507
2025-09-27 21:00:00,19745,19745,19745,19745,0,2025-09-27 23:00:00,0,0,1758981600000,1758988800000,109402.24000000,95000,0.24566210,0.00365297,0.24931507
2025-09-27 23:00:00,19745,19745,19745,19745,0,2025-09-28 01:00:00,0,0,1758988800000,1758996000000,109382.47000000,95000,0.24543379,0.00388128,0.24931507
2025-09-28 01:00:00,19745,19745,19745,19745,0,2025-09-28 03:00:00,0,0,1758996000000,1759003200000,109424.20000000,95000,0.24520548,0.00410959,0.24931507
2025-09-28 03:00:00,19745,19745,19745,19745,0,2025-09-28 05:00:00,0,0,1759003200000,1759010400000,109474.99000000,95000,0.24497717,0.00433790,0.24931507
2025-09-28 05:00:00,19745,19745,19745,19745,0,2025-09-28 07:00:00,0,0,1759010400000,1759017600000,109635.85000000,95000,0.24474886,0.00456621,0.24931507
2025-09-28 07:00:00,19745,19745,19745,19745,0,2025-09-28 09:00:00,0,0,1759017600000,1759024800000,109353.67000000,95000,0.24452055,0.00479452,0.24931507
2025-09-28 09:00:00,19745,19745,19745,19745,0,2025-09-28 11:00:00,0,0,1759024800000,1759032000000,109436.00000000,95000,0.24429224,0.00502283,0.24931507
2025-09-28 11:00:00,19745,19745,19745,19745,0,2025-09-28 13:00:00,0,0,1759032000000,1759039200000,109356.43000000,95000,0.24406393,0.00525114,0.24931507
2025-09-28 13:00:00,19745,19745,19745,19745,0,2025-09-28 15:00:00,0,0,1759039200000,1759046400000,109513.06000000,95000,0.24383562,0.00547945,0.24931507
2025-09-28 15:00:00,19745,19745,19745,19745,0,2025-09-28 17:00:00,0,0,1759046400000,1759053600000,109519.42000000,95000,0.24360731,0.00570776,0.24931507
2025-09-28 17:00:00,19745,19745,19745,19745,0,2025-09-28 19:00:00,0,0,1759053600000,1759060800000,109369.02000000,95000,0.24337900,0.00593607,0.24931507
2025-09-28 19:00:00,19745,19745,19745,19745,0,2025-09-28 21:00:00,0,0,1759060800000,1759068000000,109639.00000000,95000,0.24315068,0.00616438,0.24931507
2025-09-28 21:00:00,19745,19745,19745,19745,0,2025-09-28 23:00:00,0,0,1759068000000,1759075200000,110037.93000000,95000,0.24292237,0.00639269,0.24931507
2025-09-28 23:00:00,19745,19745,19745,19745,0,2025-09-29 01:00:00,0,0,1759075200000,1759082400000,110203.52000000,95000,0.24269406,0.00662100,0.24931507
2025-09-29 01:00:00,19745,19745,19745,19745,0,2025-09-29 03:00:00,0,0,1759082400000,1759089600000,110337.60000000,95000,0.24246575,0.00684932,0.24931507
2025-09-29 03:00:00,20255,20255,20255,20255,0.01,2025-09-29 05:00:00,202.55,1,1759089600000,1759096800000,110833.99000000,95000,0.24223744,0.00707763,0.24931507
2025-09-29 05:00:00,20255,20255,20255,20255,0,2025-09-29 07:00:00,0,0,1759096800000,1759104000000,112163.95000000,95000,0.24200913,0.00730594,0.24931507
2025-09-29 07:00:00,20255,20255,20255,20255,0,2025-09-29 09:00:00,0,0,1759104000000,1759111200000,111855.30000000,95000,0.24178082,0.00753425,0.24931507
2025-09-29 09:00:00,20255,20255,20255,20255,0,2025-09-29 11:00:00,0,0,1759111200000,1759118400000,111857.51000000,95000,0.24155251,0.00776256,0.24931507
2025-09-29 11:00:00,20255,20255,20255,20255,0,2025-09-29 13:00:00,0,0,1759118400000,1759125600000,111753.34000000,95000,0.24132420,0.00799087,0.24931507
2025-09-29 13:00:00,20255,20255,20255,20255,0,2025-09-29 15:00:00,0,0,1759125600000,1759132800000,111865.95000000,95000,0.24109589,0.00821918,0.24931507
2025-09-29 15:00:00,20255,20255,20255,20255,0,2025-09-29 17:00:00,0,0,1759132800000,1759140000000,112110.90000000,95000,0.24086758,0.00844749,0.24931507
2025-09-29 17:00:00,20255,20255,20255,20255,0,2025-09-29 19:00:00,0,0,1759140000000,1759147200000,112100.00000000,95000,0.24063927,0.00867580,0.24931507
2025-09-29 19:00:00,20255,20255,20255,20255,0,2025-09-29 21:00:00,0,0,1759147200000,1759154400000,113227.29000000,95000,0.24041096,0.00890411,0.24931507
2025-09-29 21:00:00,20255,20255,20255,20255,0,2025-09-29 23:00:00,0,0,1759154400000,1759161600000,113815.57000000,95000,0.24018265,0.00913242,0.24931507
2025-09-29 23:00:00,22825,22825,22825,22825,3.24,2025-09-30 01:00:00,73953,1,1759161600000,1759168800000,114043.91000000,95000,0.23995434,0.00936073,0.24931507
2025-09-30 01:00:00,22825,22825,22825,22825,0,2025-09-30 03:00:00,0,0,1759168800000,1759176000000,114265.55000000,95000,0.23972603,0.00958904,0.24931507
2025-09-30 03:00:00,22825,22825,22825,22825,0,2025-09-30 05:00:00,0,0,1759176000000,1759183200000,114176.73000000,95000,0.23949772,0.00981735,0.24931507
2025-09-30 05:00:00,22825,22825,22825,22825,0,2025-09-30 07:00:00,0,0,1759183200000,1759190400000,114311.96000000,95000,0.23926941,0.01004566,0.24931507
2025-09-30 07:00:00,22825,22825,22825,22825,0,2025-09-30 09:00:00,0,0,1759190400000,1759197600000,114500.31000000,95000,0.23904110,0.01027397,0.24931507
2025-09-30 09:00:00,22825,22825,22825,22825,0,2025-09-30 11:00:00,0,0,1759197600000,1759204800000,114376.39000000,95000,0.23881279,0.01050228,0.24931507
2025-09-30 11:00:00,22825,22825,22825,22825,0,2025-09-30 13:00:00,0,0,1759204800000,1759212000000,113904.00000000,95000,0.23858447,0.01073059,0.24931507
2025-09-30 13:00:00,22825,22825,22825,22825,0,2025-09-30 15:00:00,0,0,1759212000000,1759219200000,113699.23000000,95000,0.23835616,0.01095890,0.24931507
2025-09-30 15:00:00,22825,22825,22825,22825,0,2025-09-30 17:00:00,0,0,1759219200000,1759226400000,112781.97000000,95000,0.23812785,0.01118721,0.24931507
2025-09-30 17:00:00,22825,22825,22825,22825,0,2025-09-30 19:00:00,0,0,1759226400000,1759233600000,113055.01000000,95000,0.23789954,0.01141553,0.24931507
2025-09-30 19:00:00,22825,22825,22825,22825,0,2025-09-30 21:00:00,0,0,1759233600000,1759240800000,113404.53000000,95000,0.23767123,0.01164384,0.24931507
2025-09-30 21:00:00,22825,22825,22825,22825,0,2025-09-30 23:00:00,0,0,1759240800000,1759248000000,113106.16000000,95000,0.23744292,0.01187215,0.24931507
2025-09-30 23:00:00,22825,22825,22825,22825,0,2025-10-01 01:00:00,0,0,1759248000000,1759255200000,113246.11000000,95000,0.23721461,0.01210046,0.24931507
2025-10-01 01:00:00,22825,22825,22825,22825,0,2025-10-01 03:00:00,0,0,1759255200000,1759262400000,114359.99000000,95000,0.23698630,0.01232877,0.24931507
2025-10-01 03:00:00,22825,22825,22825,22825,0,2025-10-01 05:00:00,0,0,1759262400000,1759269600000,114161.00000000,95000,0.23675799,0.01255708,0.24931507
2025-10-01 05:00:00,22825,22825,22825,22825,0,2025-10-01 07:00:00,0,0,1759269600000,1759276800000,114048.93000000,95000,0.23652968,0.01278539,0.24931507
2025-10-01 07:00:00,22825,22825,22825,22825,0,2025-10-01 09:00:00,0,0,1759276800000,1759284000000,114549.99000000,95000,0.23630137,0.01301370,0.24931507
2025-10-01 09:00:00,22825,22825,22825,22825,0,2025-10-01 11:00:00,0,0,1759284000000,1759291200000,114176.92000000,95000,0.23607306,0.01324201,0.24931507
2025-10-01 11:00:00,22825,22825,22825,22825,0,2025-10-01 13:00:00,0,0,1759291200000,1759298400000,114569.84000000,95000,0.23584475,0.01347032,0.24931507
2025-10-01 13:00:00,22825,22825,22825,22825,0,2025-10-01 15:00:00,0,0,1759298400000,1759305600000,114539.02000000,95000,0.23561644,0.01369863,0.24931507
2025-10-01 15:00:00,22825,22825,22825,22825,0,2025-10-01 17:00:00,0,0,1759305600000,1759312800000,116412.10000000,95000,0.23538813,0.01392694,0.24931507
2025-10-01 17:00:00,22825,22825,22825,22825,0,2025-10-01 19:00:00,0,0,1759312800000,1759320000000,116789.58000000,95000,0.23515982,0.01415525,0.24931507
2025-10-01 19:00:00,22825,22825,22825,22825,0,2025-10-01 21:00:00,0,0,1759320000000,1759327200000,116806.96000000,95000,0.23493151,0.01438356,0.24931507
2025-10-01 21:00:00,22825,22825,22825,22825,0,2025-10-01 23:00:00,0,0,1759327200000,1759334400000,117423.73000000,95000,0.23470320,0.01461187,0.24931507
2025-10-01 23:00:00,22825,22825,22825,22825,0,2025-10-02 01:00:00,0,0,1759334400000,1759341600000,116768.07000000,95000,0.23447489,0.01484018,0.24931507
2025-10-02 01:00:00,22825,22825,22825,22825,0,2025-10-02 03:00:00,0,0,1759341600000,1759348800000,117439.53000000,95000,0.23424658,0.01506849,0.24931507
2025-10-02 03:00:00,22825,22825,22825,22825,0,2025-10-02 05:00:00,0,0,1759348800000,1759356000000,117554.96000000,95000,0.23401826,0.01529680,0.24931507
2025-10-02 05:00:00,22825,22825,22825,22825,0,2025-10-02 07:00:00,0,0,1759356000000,1759363200000,118594.99000000,95000,0.23378995,0.01552511,0.24931507
2025-10-02 07:00:00,22825,22825,22825,22825,0,2025-10-02 09:00:00,0,0,1759363200000,1759370400000,118617.37000000,95000,0.23356164,0.01575342,0.24931507
2025-10-02 09:00:00,22825,22825,22825,22825,0,2025-10-02 11:00:00,0,0,1759370400000,1759377600000,118733.99000000,95000,0.23333333,0.01598174,0.24931507
2025-10-02 11:00:00,22825,22825,22825,22825,0,2025-10-02 13:00:00,0,0,1759377600000,1759384800000,118377.34000000,95000,0.23310502,0.01621005,0.24931507
2025-10-02 13:00:00,22825,22825,22825,22825,0,2025-10-02 15:00:00,0,0,1759384800000,1759392000000,118489.76000000,95000,0.23287671,0.01643836,0.24931507
2025-10-02 15:00:00,22825,22825,22825,22825,0,2025-10-02 17:00:00,0,0,1759392000000,1759399200000,118849.99000000,95000,0.23264840,0.01666667,0.24931507
2025-10-02 17:00:00,22825,22825,22825,22825,0,2025-10-02 19:00:00,0,0,1759399200000,1759406400000,118765.73000000,95000,0.23242009,0.01689498,0.24931507
2025-10-02 19:00:00,22825,22825,22825,22825,0,2025-10-02 21:00:00,0,0,1759406400000,1759413600000,119621.20000000,95000,0.23219178,0.01712329,0.24931507
2025-10-02 21:00:00,22825,22825,22825,22825,0,2025-10-02 23:00:00,0,0,1759413600000,1759420800000,119910.78000000,95000,0.23196347,0.01735160,0.24931507
2025-10-02 23:00:00,22825,22825,22825,22825,0,2025-10-03 01:00:00,0,0,1759420800000,1759428000000,119917.52000000,95000,0.23173516,0.01757991,0.24931507
2025-10-03 01:00:00,29225,29225,29225,29225,0.01,2025-10-03 03:00:00,292.25,1,1759428000000,1759435200000,120836.49000000,95000,0.23150685,0.01780822,0.24931507
2025-10-03 03:00:00,29225,29225,29225,29225,0,2025-10-03 05:00:00,0,0,1759435200000,1759442400000,120150.10000000,95000,0.23127854,0.01803653,0.24931507
2025-10-03 05:00:00,29225,29225,29225,29225,0,2025-10-03 07:00:00,0,0,1759442400000,1759449600000,120529.35000000,95000,0.23105023,0.01826484,0.24931507
2025-10-03 07:00:00,29225,29225,29225,29225,0,2025-10-03 09:00:00,0,0,1759449600000,1759456800000,119875.72000000,95000,0.23082192,0.01849315,0.24931507
2025-10-03 09:00:00,29225,29225,29225,29225,0,2025-10-03 11:00:00,0,0,1759456800000,1759464000000,120225.89000000,95000,0.23059361,0.01872146,0.24931507
2025-10-03 11:00:00,29225,29225,29225,29225,0,2025-10-03 13:00:00,0,0,1759464000000,1759471200000,119920.40000000,95000,0.23036530,0.01894977,0.24931507
2025-10-03 13:00:00,29225,29225,29225,29225,0,2025-10-03 15:00:00,0,0,1759471200000,1759478400000,119640.21000000,95000,0.23013699,0.01917808,0.24931507
2025-10-03 15:00:00,29225,29225,29225,29225,0,2025-10-03 17:00:00,0,0,1759478400000,1759485600000,120300.00000000,95000,0.22990868,0.01940639,0.24931507
2025-10-03 17:00:00,29225,29225,29225,29225,0,2025-10-03 19:00:00,0,0,1759485600000,1759492800000,120334.50000000,95000,0.22968037,0.01963470,0.24931507
2025-10-03 19:00:00,29225,29225,29225,29225,0,2025-10-03 21:00:00,0,0,1759492800000,1759500000000,120374.73000000,95000,0.22945205,0.01986301,0.24931507
2025-10-03 21:00:00,29225,29225,29225,29225,0,2025-10-03 23:00:00,0,0,1759500000000,1759507200000,122258.05000000,95000,0.22922374,0.02009132,0.24931507
2025-10-03 23:00:00,32060,32060,32060,32060,3.74,2025-10-04 01:00:00,119904.4,1,1759507200000,1759514400000,122073.25000000,95000,0.22899543,0.02031963,0.24931507
2025-10-04 01:00:00,32060,32060,32060,32060,0,2025-10-04 03:00:00,0,0,1759514400000,1759521600000,122660.99000000,95000,0.22876712,0.02054795,0.24931507
2025-10-04 03:00:00,32060,32060,32060,32060,0,2025-10-04 05:00:00,0,0,1759521600000,1759528800000,122306.57000000,95000,0.22853881,0.02077626,0.24931507
2025-10-04 05:00:00,32060,32060,32060,32060,0,2025-10-04 07:00:00,0,0,1759528800000,1759536000000,122232.00000000,95000,0.22831050,0.02100457,0.24931507
2025-10-04 07:00:00,32060,32060,32060,32060,0,2025-10-04 09:00:00,0,0,1759536000000,1759543200000,121865.21000000,95000,0.22808219,0.02123288,0.24931507
2025-10-04 09:00:00,32060,32060,32060,32060,0,2025-10-04 11:00:00,0,0,1759543200000,1759550400000,122243.99000000,95000,0.22785388,0.02146119,0.24931507
2025-10-04 11:00:00,32060,32060,32060,32060,0,2025-10-04 13:00:00,0,0,1759550400000,1759557600000,122522.70000000,95000,0.22762557,0.02168950,0.24931507
2025-10-04 13:00:00,32060,32060,32060,32060,0,2025-10-04 15:00:00,0,0,1759557600000,1759564800000,122324.08000000,95000,0.22739726,0.02191781,0.24931507
2025-10-04 15:00:00,32060,32060,32060,32060,0,2025-10-04 17:00:00,0,0,1759564800000,1759572000000,122208.78000000,95000,0.22716895,0.02214612,0.24931507
2025-10-04 17:00:00,32060,32060,32060,32060,0,2025-10-04 19:00:00,0,0,1759572000000,1759579200000,121973.26000000,95000,0.22694064,0.02237443,0.24931507
2025-10-04 19:00:00,32060,32060,32060,32060,0,2025-10-04 21:00:00,0,0,1759579200000,1759586400000,122385.42000000,95000,0.22671233,0.02260274,0.24931507
2025-10-04 21:00:00,32060,32060,32060,32060,0,2025-10-04 23:00:00,0,0,1759586400000,1759593600000,121791.31000000,95000,0.22648402,0.02283105,0.24931507
2025-10-04 23:00:00,32060,32060,32060,32060,0,2025-10-05 01:00:00,0,0,1759593600000,1759600800000,121747.37000000,95000,0.22625571,0.02305936,0.24931507
2025-10-05 01:00:00,32060,32060,32060,32060,0,2025-10-05 03:00:00,0,0,1759600800000,1759608000000,121959.25000000,95000,0.22602740,0.02328767,0.24931507
2025-10-05 03:00:00,32060,32060,32060,32060,0,2025-10-05 05:00:00,0,0,1759608000000,1759615200000,122190.67000000,95000,0.22579909,0.02351598,0.24931507
2025-10-05 05:00:00,32060,32060,32060,32060,0,2025-10-05 07:00:00,0,0,1759615200000,1759622400000,122391.00000000,95000,0.22557078,0.02374429,0.24931507
2025-10-05 07:00:00,32060,32060,32060,32060,0,2025-10-05 09:00:00,0,0,1759622400000,1759629600000,122377.72000000,95000,0.22534247,0.02397260,0.24931507
2025-10-05 09:00:00,31965,31965,31965,31965,0.02,2025-10-05 11:00:00,639.3,1,1759629600000,1759636800000,123776.22000000,95000,0.22511416,0.02420091,0.24931507
2025-10-05 11:00:00,31965,31965,31965,31965,0,2025-10-05 13:00:00,0,0,1759636800000,1759644000000,125127.99000000,95000,0.22488584,0.02442922,0.24931507
2025-10-05 13:00:00,31965,31965,31965,31965,0,2025-10-05 15:00:00,0,0,1759644000000,1759651200000,124713.63000000,95000,0.22465753,0.02465753,0.24931507
2025-10-05 15:00:00,31965,31965,31965,31965,0,2025-10-05 17:00:00,0,0,1759651200000,1759658400000,123020.50000000,95000,0.22442922,0.02488584,0.24931507
2025-10-05 17:00:00,31965,31965,31965,31965,0,2025-10-05 19:00:00,0,0,1759658400000,1759665600000,123464.64000000,95000,0.22420091,0.02511416,0.24931507
2025-10-05 19:00:00,31965,31965,31965,31965,0,2025-10-05 21:00:00,0,0,1759665600000,1759672800000,123161.39000000,95000,0.22397260,0.02534247,0.24931507
2025-10-05 21:00:00,31965,31965,31965,31965,0,2025-10-05 23:00:00,0,0,1759672800000,1759680000000,122803.17000000,95000,0.22374429,0.02557078,0.24931507
2025-10-05 23:00:00,31965,31965,31965,31965,0,2025-10-06 01:00:00,0,0,1759680000000,1759687200000,123057.05000000,95000,0.22351598,0.02579909,0.24931507
2025-10-06 01:00:00,31965,31965,31965,31965,0,2025-10-06 03:00:00,0,0,1759687200000,1759694400000,122591.79000000,95000,0.22328767,0.02602740,0.24931507
2025-10-06 03:00:00,31965,31965,31965,31965,0,2025-10-06 05:00:00,0,0,1759694400000,1759701600000,122729.99000000,95000,0.22305936,0.02625571,0.24931507
2025-10-06 05:00:00,31965,31965,31965,31965,0,2025-10-06 07:00:00,0,0,1759701600000,1759708800000,123482.31000000,95000,0.22283105,0.02648402,0.24931507
2025-10-06 07:00:00,31965,31965,31965,31965,0,2025-10-06 09:00:00,0,0,1759708800000,1759716000000,124035.32000000,95000,0.22260274,0.02671233,0.24931507
2025-10-06 09:00:00,31965,31965,31965,31965,0,2025-10-06 11:00:00,0,0,1759716000000,1759723200000,123839.09000000,95000,0.22237443,0.02694064,0.24931507
2025-10-06 11:00:00,31965,31965,31965,31965,0,2025-10-06 13:00:00,0,0,1759723200000,1759730400000,123586.00000000,95000,0.22214612,0.02716895,0.24931507
2025-10-06 13:00:00,31965,31965,31965,31965,0,2025-10-06 15:00:00,0,0,1759730400000,1759737600000,123390.47000000,95000,0.22191781,0.02739726,0.24931507
2025-10-06 15:00:00,31965,31965,31965,31965,0,2025-10-06 17:00:00,0,0,1759737600000,1759744800000,123955.30000000,95000,0.22168950,0.02762557,0.24931507
2025-10-06 17:00:00,32290,32290,32290,32290,0.02,2025-10-06 19:00:00,645.8,1,1759744800000,1759752000000,124215.00000000,95000,0.22146119,0.02785388,0.24931507
2025-10-06 19:00:00,32290,32290,32290,32290,0,2025-10-06 21:00:00,0,0,1759752000000,1759759200000,125031.33000000,95000,0.22123288,0.02808219,0.24931507
2025-10-06 21:00:00,32290,32290,32290,32290,0,2025-10-06 23:00:00,0,0,1759759200000,1759766400000,125000.00000000,95000,0.22100457,0.02831050,0.24931507
2025-10-06 23:00:00,32290,32290,32290,32290,0,2025-10-07 01:00:00,0,0,1759766400000,1759773600000,125284.00000000,95000,0.22077626,0.02853881,0.24931507
2025-10-07 01:00:00,32290,32290,32290,32290,0,2025-10-07 03:00:00,0,0,1759773600000,1759780800000,125410.81000000,95000,0.22054795,0.02876712,0.24931507
2025-10-07 03:00:00,32290,32290,32290,32290,0,2025-10-07 05:00:00,0,0,1759780800000,1759788000000,125097.85000000,95000,0.22031963,0.02899543,0.24931507
2025-10-07 05:00:00,32290,32290,32290,32290,0,2025-10-07 07:00:00,0,0,1759788000000,1759795200000,124658.54000000,95000,0.22009132,0.02922374,0.24931507
2025-10-07 07:00:00,32290,32290,32290,32290,0,2025-10-07 09:00:00,0,0,1759795200000,1759802400000,124699.99000000,95000,0.21986301,0.02945205,0.24931507
2025-10-07 09:00:00,32290,32290,32290,32290,0,2025-10-07 11:00:00,0,0,1759802400000,1759809600000,124329.74000000,95000,0.21963470,0.02968037,0.24931507
2025-10-07 11:00:00,32290,32290,32290,32290,0,2025-10-07 13:00:00,0,0,1759809600000,1759816800000,124414.17000000,95000,0.21940639,0.02990868,0.24931507
2025-10-07 13:00:00,32290,32290,32290,32290,0,2025-10-07 15:00:00,0,0,1759816800000,1759824000000,123667.99000000,95000,0.21917808,0.03013699,0.24931507
2025-10-07 15:00:00,32290,32290,32290,32290,0,2025-10-07 17:00:00,0,0,1759824000000,1759831200000,124117.48000000,95000,0.21894977,0.03036530,0.24931507
2025-10-07 17:00:00,32290,32290,32290,32290,0,2025-10-07 19:00:00,0,0,1759831200000,1759838400000,124453.38000000,95000,0.21872146,0.03059361,0.24931507
2025-10-07 19:00:00,32290,32290,32290,32290,0,2025-10-07 21:00:00,0,0,1759838400000,1759845600000,123891.68000000,95000,0.21849315,0.03082192,0.24931507
2025-10-07 21:00:00,32290,32290,32290,32290,0,2025-10-07 23:00:00,0,0,1759845600000,1759852800000,121846.01000000,95000,0.21826484,0.03105023,0.24931507
2025-10-07 23:00:00,32290,32290,32290,32290,0,2025-10-08 01:00:00,0,0,1759852800000,1759860000000,121130.02000000,95000,0.21803653,0.03127854,0.24931507
2025-10-08 01:00:00,32290,32290,32290,32290,0,2025-10-08 03:00:00,0,0,1759860000000,1759867200000,121637.17000000,95000,0.21780822,0.03150685,0.24931507
2025-10-08 03:00:00,32290,32290,32290,32290,0,2025-10-08 05:00:00,0,0,1759867200000,1759874400000,122016.00000000,95000,0.21757991,0.03173516,0.24931507
2025-10-08 05:00:00,32290,32290,32290,32290,0,2025-10-08 07:00:00,0,0,1759874400000,1759881600000,121332.95000000,95000,0.21735160,0.03196347,0.24931507
2025-10-08 07:00:00,32290,32290,32290,32290,0,2025-10-08 09:00:00,0,0,1759881600000,1759888800000,121950.01000000,95000,0.21712329,0.03219178,0.24931507
2025-10-08 09:00:00,32290,32290,32290,32290,0,2025-10-08 11:00:00,0,0,1759888800000,1759896000000,121374.75000000,95000,0.21689498,0.03242009,0.24931507
2025-10-08 11:00:00,32290,32290,32290,32290,0,2025-10-08 13:00:00,0,0,1759896000000,1759903200000,121374.01000000,95000,0.21666667,0.03264840,0.24931507
2025-10-08 13:00:00,32290,32290,32290,32290,0,2025-10-08 15:00:00,0,0,1759903200000,1759910400000,121597.06000000,95000,0.21643836,0.03287671,0.24931507
2025-10-08 15:00:00,32290,32290,32290,32290,0,2025-10-08 17:00:00,0,0,1759910400000,1759917600000,122516.98000000,95000,0.21621005,0.03310502,0.24931507
2025-10-08 17:00:00,32290,32290,32290,32290,0,2025-10-08 19:00:00,0,0,1759917600000,1759924800000,122884.14000000,95000,0.21598174,0.03333333,0.24931507
2025-10-08 19:00:00,32290,32290,32290,32290,0,2025-10-08 21:00:00,0,0,1759924800000,1759932000000,122599.04000000,95000,0.21575342,0.03356164,0.24931507
2025-10-08 21:00:00,32290,32290,32290,32290,0,2025-10-08 23:00:00,0,0,1759932000000,1759939200000,122189.72000000,95000,0.21552511,0.03378995,0.24931507
2025-10-08 23:00:00,32290,32290,32290,32290,0,2025-10-09 01:00:00,0,0,1759939200000,1759946400000,124033.19000000,95000,0.21529680,0.03401826,0.24931507
2025-10-09 01:00:00,32290,32290,32290,32290,0,2025-10-09 03:00:00,0,0,1759946400000,1759953600000,123450.00000000,95000,0.21506849,0.03424658,0.24931507
2025-10-09 03:00:00,32290,32290,32290,32290,0,2025-10-09 05:00:00,0,0,1759953600000,1759960800000,123277.33000000,95000,0.21484018,0.03447489,0.24931507
2025-10-09 05:00:00,32290,32290,32290,32290,0,2025-10-09 07:00:00,0,0,1759960800000,1759968000000,123306.00000000,95000,0.21461187,0.03470320,0.24931507
2025-10-09 07:00:00,32290,32290,32290,32290,0,2025-10-09 09:00:00,0,0,1759968000000,1759975200000,122548.23000000,95000,0.21438356,0.03493151,0.24931507
2025-10-09 09:00:00,32290,32290,32290,32290,0,2025-10-09 11:00:00,0,0,1759975200000,1759982400000,122038.01000000,95000,0.21415525,0.03515982,0.24931507
2025-10-09 11:00:00,32290,32290,32290,32290,0,2025-10-09 13:00:00,0,0,1759982400000,1759989600000,122100.92000000,95000,0.21392694,0.03538813,0.24931507
2025-10-09 13:00:00,32290,32290,32290,32290,0,2025-10-09 15:00:00,0,0,1759989600000,1759996800000,121906.10000000,95000,0.21369863,0.03561644,0.24931507
2025-10-09 15:00:00,32290,32290,32290,32290,0,2025-10-09 17:00:00,0,0,1759996800000,1760004000000,121813.04000000,95000,0.21347032,0.03584475,0.24931507
2025-10-09 17:00:00,32290,32290,32290,32290,0,2025-10-09 19:00:00,0,0,1760004000000,1760011200000,122737.57000000,95000,0.21324201,0.03607306,0.24931507
2025-10-09 19:00:00,32290,32290,32290,32290,0,2025-10-09 21:00:00,0,0,1760011200000,1760018400000,122415.74000000,95000,0.21301370,0.03630137,0.24931507
2025-10-09 21:00:00,32290,32290,32290,32290,0,2025-10-09 23:00:00,0,0,1760018400000,1760025600000,121147.14000000,95000,0.21278539,0.03652968,0.24931507
2025-10-09 23:00:00,32290,32290,32290,32290,0,2025-10-10 01:00:00,0,0,1760025600000,1760032800000,120974.00000000,95000,0.21255708,0.03675799,0.24931507
2025-10-10 01:00:00,32290,32290,32290,32290,0,2025-10-10 03:00:00,0,0,1760032800000,1760040000000,120951.72000000,95000,0.21232877,0.03698630,0.24931507
2025-10-10 03:00:00,32290,32290,32290,32290,0,2025-10-10 05:00:00,0,0,1760040000000,1760047200000,121461.02000000,95000,0.21210046,0.03721461,0.24931507
2025-10-10 05:00:00,32290,32290,32290,32290,0,2025-10-10 07:00:00,0,0,1760047200000,1760054400000,121662.40000000,95000,0.21187215,0.03744292,0.24931507
2025-10-10 07:00:00,32290,32290,32290,32290,0,2025-10-10 09:00:00,0,0,1760054400000,1760061600000,121623.97000000,95000,0.21164384,0.03767123,0.24931507
2025-10-10 09:00:00,32290,32290,32290,32290,0,2025-10-10 11:00:00,0,0,1760061600000,1760068800000,121026.01000000,95000,0.21141553,0.03789954,0.24931507
2025-10-10 11:00:00,32290,32290,32290,32290,0,2025-10-10 13:00:00,0,0,1760068800000,1760076000000,121583.89000000,95000,0.21118721,0.03812785,0.24931507
2025-10-10 13:00:00,32290,32290,32290,32290,0,2025-10-10 15:00:00,0,0,1760076000000,1760083200000,120932.05000000,95000,0.21095890,0.03835616,0.24931507
2025-10-10 15:00:00,32290,32290,32290,32290,0,2025-10-10 17:00:00,0,0,1760083200000,1760090400000,121314.73000000,95000,0.21073059,0.03858447,0.24931507
2025-10-10 17:00:00,32290,32290,32290,32290,0,2025-10-10 19:00:00,0,0,1760090400000,1760097600000,121554.55000000,95000,0.21050228,0.03881279,0.24931507
2025-10-10 19:00:00,32290,32290,32290,32290,0,2025-10-10 21:00:00,0,0,1760097600000,1760104800000,121684.20000000,95000,0.21027397,0.03904110,0.24931507
2025-10-10 21:00:00,32290,32290,32290,32290,0,2025-10-10 23:00:00,0,0,1760104800000,1760112000000,119018.98000000,95000,0.21004566,0.03926941,0.24931507
2025-10-10 23:00:00,32290,32290,32290,32290,0,2025-10-11 01:00:00,0,0,1760112000000,1760119200000,117623.80000000,95000,0.20981735,0.03949772,0.24931507
2025-10-11 01:00:00,32290,32290,32290,32290,0,2025-10-11 03:00:00,0,0,1760119200000,1760126400000,116661.50000000,95000,0.20958904,0.03972603,0.24931507
2025-10-11 03:00:00,32290,32290,32290,32290,0,2025-10-11 05:00:00,0,0,1760126400000,1760133600000,113451.86000000,95000,0.20936073,0.03995434,0.24931507
2025-10-11 05:00:00,32290,32290,32290,32290,0,2025-10-11 07:00:00,0,0,1760133600000,1760140800000,112774.50000000,95000,0.20913242,0.04018265,0.24931507
2025-10-11 07:00:00,21230,21230,20800,20800,1.01,2025-10-11 09:00:00,21231.6,2,1760140800000,1760148000000,111095.37000000,95000,0.20890411,0.04041096,0.24931507
2025-10-11 09:00:00,21670,21670,21670,21670,0.01,2025-10-11 11:00:00,216.7,1,1760148000000,1760155200000,112300.01000000,95000,0.20867580,0.04063927,0.24931507
2025-10-11 11:00:00,21670,21670,21670,21670,0,2025-10-11 13:00:00,0,0,1760155200000,1760162400000,112389.48000000,95000,0.20844749,0.04086758,0.24931507
2025-10-11 13:00:00,21445,21445,21445,21445,0.01,2025-10-11 15:00:00,214.45,1,1760162400000,1760169600000,110384.61000000,95000,0.20821918,0.04109589,0.24931507
2025-10-11 15:00:00,21445,21445,21445,21445,0,2025-10-11 17:00:00,0,0,1760169600000,1760176800000,111642.78000000,95000,0.20799087,0.04132420,0.24931507
2025-10-11 17:00:00,21445,21445,21445,21445,0,2025-10-11 19:00:00,0,0,1760176800000,1760184000000,112280.00000000,95000,0.20776256,0.04155251,0.24931507
2025-10-11 19:00:00,21445,21445,21445,21445,0,2025-10-11 21:00:00,0,0,1760184000000,1760191200000,112267.86000000,95000,0.20753425,0.04178082,0.24931507
2025-10-11 21:00:00,21445,21445,21445,21445,0,2025-10-11 23:00:00,0,0,1760191200000,1760198400000,111793.20000000,95000,0.20730594,0.04200913,0.24931507
2025-10-11 23:00:00,21445,21445,21445,21445,0,2025-10-12 01:00:00,0,0,1760198400000,1760205600000,112005.57000000,95000,0.20707763,0.04223744,0.24931507
2025-10-12 01:00:00,21445,21445,21445,21445,0,2025-10-12 03:00:00,0,0,1760205600000,1760212800000,111178.31000000,95000,0.20684932,0.04246575,0.24931507
2025-10-12 03:00:00,21445,21445,21445,21445,0,2025-10-12 05:00:00,0,0,1760212800000,1760220000000,110893.54000000,95000,0.20662100,0.04269406,0.24931507
2025-10-12 05:00:00,21445,21445,21445,21445,0,2025-10-12 07:00:00,0,0,1760220000000,1760227200000,110644.40000000,95000,0.20639269,0.04292237,0.24931507
2025-10-12 07:00:00,21445,21445,21445,21445,0,2025-10-12 09:00:00,0,0,1760227200000,1760234400000,109978.56000000,95000,0.20616438,0.04315068,0.24931507
2025-10-12 09:00:00,21445,21445,21445,21445,0,2025-10-12 11:00:00,0,0,1760234400000,1760241600000,110676.00000000,95000,0.20593607,0.04337900,0.24931507
2025-10-12 11:00:00,21445,21445,21445,21445,0,2025-10-12 13:00:00,0,0,1760241600000,1760248800000,111700.38000000,95000,0.20570776,0.04360731,0.24931507
2025-10-12 13:00:00,21445,21445,21445,21445,0,2025-10-12 15:00:00,0,0,1760248800000,1760256000000,111525.20000000,95000,0.20547945,0.04383562,0.24931507
2025-10-12 15:00:00,21445,21445,21445,21445,0,2025-10-12 17:00:00,0,0,1760256000000,1760263200000,111837.04000000,95000,0.20525114,0.04406393,0.24931507
2025-10-12 17:00:00,21445,21445,21445,21445,0,2025-10-12 19:00:00,0,0,1760263200000,1760270400000,111848.36000000,95000,0.20502283,0.04429224,0.24931507
2025-10-12 19:00:00,21445,21445,21445,21445,0,2025-10-12 21:00:00,0,0,1760270400000,1760277600000,111297.52000000,95000,0.20479452,0.04452055,0.24931507
2025-10-12 21:00:00,22315,22315,22315,22315,0.01,2025-10-12 23:00:00,223.15,1,1760277600000,1760284800000,113198.20000000,95000,0.20456621,0.04474886,0.24931507
2025-10-12 23:00:00,22315,22315,22315,22315,0,2025-10-13 01:00:00,0,0,1760284800000,1760292000000,113799.99000000,95000,0.20433790,0.04497717,0.24931507
2025-10-13 01:00:00,22315,22315,22315,22315,0,2025-10-13 03:00:00,0,0,1760292000000,1760299200000,114342.28000000,95000,0.20410959,0.04520548,0.24931507
2025-10-13 03:00:00,22315,22315,22315,22315,0,2025-10-13 05:00:00,0,0,1760299200000,1760306400000,114882.06000000,95000,0.20388128,0.04543379,0.24931507
2025-10-13 05:00:00,22315,22315,22315,22315,0,2025-10-13 07:00:00,0,0,1760306400000,1760313600000,114958.80000000,95000,0.20365297,0.04566210,0.24931507
2025-10-13 07:00:00,22315,22315,22315,22315,0,2025-10-13 09:00:00,0,0,1760313600000,1760320800000,115713.32000000,95000,0.20342466,0.04589041,0.24931507
2025-10-13 09:00:00,22315,22315,22315,22315,0,2025-10-13 11:00:00,0,0,1760320800000,1760328000000,114821.12000000,95000,0.20319635,0.04611872,0.24931507
2025-10-13 11:00:00,22315,22315,22315,22315,0,2025-10-13 13:00:00,0,0,1760328000000,1760335200000,114611.82000000,95000,0.20296804,0.04634703,0.24931507
2025-10-13 13:00:00,22315,22315,22315,22315,0,2025-10-13 15:00:00,0,0,1760335200000,1760342400000,115399.67000000,95000,0.20273973,0.04657534,0.24931507
2025-10-13 15:00:00,22315,22315,22315,22315,0,2025-10-13 17:00:00,0,0,1760342400000,1760349600000,115127.04000000,95000,0.20251142,0.04680365,0.24931507
2025-10-13 17:00:00,22315,22315,22315,22315,0,2025-10-13 19:00:00,0,0,1760349600000,1760356800000,114180.00000000,95000,0.20228311,0.04703196,0.24931507
2025-10-13 19:00:00,22315,22315,22315,22315,0,2025-10-13 21:00:00,0,0,1760356800000,1760364000000,115345.79000000,95000,0.20205479,0.04726027,0.24931507
2025-10-13 21:00:00,22315,22315,22315,22315,0,2025-10-13 23:00:00,0,0,1760364000000,1760371200000,114312.10000000,95000,0.20182648,0.04748858,0.24931507
2025-10-13 23:00:00,22315,22315,22315,22315,0,2025-10-14 01:00:00,0,0,1760371200000,1760378400000,115040.55000000,95000,0.20159817,0.04771689,0.24931507
2025-10-14 01:00:00,22315,22315,22315,22315,0,2025-10-14 03:00:00,0,0,1760378400000,1760385600000,115792.84000000,95000,0.20136986,0.04794521,0.24931507
2025-10-14 03:00:00,22315,22315,22315,22315,0,2025-10-14 05:00:00,0,0,1760385600000,1760392800000,115700.00000000,95000,0.20114155,0.04817352,0.24931507
2025-10-14 05:00:00,22315,22315,22315,22315,0,2025-10-14 07:00:00,0,0,1760392800000,1760400000000,115166.00000000,95000,0.20091324,0.04840183,0.24931507
2025-10-14 07:00:00,22315,22315,22315,22315,0,2025-10-14 09:00:00,0,0,1760400000000,1760407200000,114274.57000000,95000,0.20068493,0.04863014,0.24931507
2025-10-14 09:00:00,22315,22315,22315,22315,0,2025-10-14 11:00:00,0,0,1760407200000,1760414400000,113500.00000000,95000,0.20045662,0.04885845,0.24931507
2025-10-14 11:00:00,22315,22315,22315,22315,0,2025-10-14 13:00:00,0,0,1760414400000,1760421600000,112493.11000000,95000,0.20022831,0.04908676,0.24931507
2025-10-14 13:00:00,22315,22315,22315,22315,0,2025-10-14 15:00:00,0,0,1760421600000,1760428800000,111724.41000000,95000,0.20000000,0.04931507,0.24931507
2025-10-14 15:00:00,22315,22315,22315,22315,0,2025-10-14 17:00:00,0,0,1760428800000,1760436000000,111287.89000000,95000,0.19977169,0.04954338,0.24931507
2025-10-14 17:00:00,20200,20200,20200,20200,0.01,2025-10-14 19:00:00,202,1,1760436000000,1760443200000,111313.98000000,95000,0.19954338,0.04977169,0.24931507
2025-10-14 19:00:00,20200,20200,20200,20200,0,2025-10-14 21:00:00,0,0,1760443200000,1760450400000,111014.38000000,95000,0.19931507,0.05000000,0.24931507
2025-10-14 21:00:00,20200,20200,20200,20200,0,2025-10-14 23:00:00,0,0,1760450400000,1760457600000,112900.43000000,95000,0.19908676,0.05022831,0.24931507
2025-10-14 23:00:00,20200,20200,20200,20200,0,2025-10-15 01:00:00,0,0,1760457600000,1760464800000,112774.97000000,95000,0.19885845,0.05045662,0.24931507
2025-10-15 01:00:00,20200,20200,20200,20200,0,2025-10-15 03:00:00,0,0,1760464800000,1760472000000,112613.70000000,95000,0.19863014,0.05068493,0.24931507
2025-10-15 03:00:00,20200,20200,20200,20200,0,2025-10-15 05:00:00,0,0,1760472000000,1760479200000,113128.70000000,95000,0.19840183,0.05091324,0.24931507
2025-10-15 05:00:00,20200,20200,20200,20200,0,2025-10-15 07:00:00,0,0,1760479200000,1760486400000,113028.14000000,95000,0.19817352,0.05114155,0.24931507
2025-10-15 07:00:00,20200,20200,20200,20200,0,2025-10-15 09:00:00,0,0,1760486400000,1760493600000,112738.17000000,95000,0.19794521,0.05136986,0.24931507
2025-10-15 09:00:00,20200,20200,20200,20200,0,2025-10-15 11:00:00,0,0,1760493600000,1760500800000,112024.29000000,95000,0.19771689,0.05159817,0.24931507
2025-10-15 11:00:00,20200,20200,20200,20200,0,2025-10-15 13:00:00,0,0,1760500800000,1760508000000,112431.95000000,95000,0.19748858,0.05182648,0.24931507
2025-10-15 13:00:00,20200,20200,20200,20200,0,2025-10-15 15:00:00,0,0,1760508000000,1760515200000,112584.50000000,95000,0.19726027,0.05205479,0.24931507
2025-10-15 15:00:00,20200,20200,20200,20200,0,2025-10-15 17:00:00,0,0,1760515200000,1760522400000,112564.01000000,95000,0.19703196,0.05228311,0.24931507
2025-10-15 17:00:00,20200,20200,20200,20200,0,2025-10-15 19:00:00,0,0,1760522400000,1760529600000,111905.73000000,95000,0.19680365,0.05251142,0.24931507
2025-10-15 19:00:00,20200,20200,20200,20200,0,2025-10-15 21:00:00,0,0,1760529600000,1760536800000,111389.00000000,95000,0.19657534,0.05273973,0.24931507
2025-10-15 21:00:00,20200,20200,20200,20200,0,2025-10-15 23:00:00,0,0,1760536800000,1760544000000,110798.01000000,95000,0.19634703,0.05296804,0.24931507
2025-10-15 23:00:00,20200,20200,20200,20200,0,2025-10-16 01:00:00,0,0,1760544000000,1760551200000,111186.78000000,95000,0.19611872,0.05319635,0.24931507
2025-10-16 01:00:00,20200,20200,20200,20200,0,2025-10-16 03:00:00,0,0,1760551200000,1760558400000,111271.73000000,95000,0.19589041,0.05342466,0.24931507
2025-10-16 03:00:00,20200,20200,20200,20200,0,2025-10-16 05:00:00,0,0,1760558400000,1760565600000,110854.19000000,95000,0.19566210,0.05365297,0.24931507
2025-10-16 05:00:00,20200,20200,20200,20200,0,2025-10-16 07:00:00,0,0,1760565600000,1760572800000,110763.28000000,95000,0.19543379,0.05388128,0.24931507
2025-10-16 07:00:00,20200,20200,20200,20200,0,2025-10-16 09:00:00,0,0,1760572800000,1760580000000,111299.99000000,95000,0.19520548,0.05410959,0.24931507
2025-10-16 09:00:00,20200,20200,20200,20200,0,2025-10-16 11:00:00,0,0,1760580000000,1760587200000,111329.48000000,95000,0.19497717,0.05433790,0.24931507
2025-10-16 11:00:00,20200,20200,20200,20200,0,2025-10-16 13:00:00,0,0,1760587200000,1760594400000,110951.14000000,95000,0.19474886,0.05456621,0.24931507
2025-10-16 13:00:00,20200,20200,20200,20200,0,2025-10-16 15:00:00,0,0,1760594400000,1760601600000,110584.20000000,95000,0.19452055,0.05479452,0.24931507
2025-10-16 15:00:00,20200,20200,20200,20200,0,2025-10-16 17:00:00,0,0,1760601600000,1760608800000,111146.31000000,95000,0.19429224,0.05502283,0.24931507
2025-10-16 17:00:00,20200,20200,20200,20200,0,2025-10-16 19:00:00,0,0,1760608800000,1760616000000,111404.72000000,95000,0.19406393,0.05525114,0.24931507
2025-10-16 19:00:00,20200,20200,20200,20200,0,2025-10-16 21:00:00,0,0,1760616000000,1760623200000,110860.00000000,95000,0.19383562,0.05547945,0.24931507
2025-10-16 21:00:00,20200,20200,20200,20200,0,2025-10-16 23:00:00,0,0,1760623200000,1760630400000,108549.21000000,95000,0.19360731,0.05570776,0.24931507
2025-10-16 23:00:00,20200,20200,20200,20200,0,2025-10-17 01:00:00,0,0,1760630400000,1760637600000,108276.70000000,95000,0.19337900,0.05593607,0.24931507
2025-10-17 01:00:00,20200,20200,20200,20200,0,2025-10-17 03:00:00,0,0,1760637600000,1760644800000,108197.66000000,95000,0.19315068,0.05616438,0.24931507
2025-10-17 03:00:00,20200,20200,20200,20200,0,2025-10-17 05:00:00,0,0,1760644800000,1760652000000,108443.70000000,95000,0.19292237,0.05639269,0.24931507
2025-10-17 05:00:00,20200,20200,20200,20200,0,2025-10-17 07:00:00,0,0,1760652000000,1760659200000,108194.28000000,95000,0.19269406,0.05662100,0.24931507
2025-10-17 07:00:00,20200,20200,20200,20200,0,2025-10-17 09:00:00,0,0,1760659200000,1760666400000,108839.84000000,95000,0.19246575,0.05684932,0.24931507
2025-10-17 09:00:00,20200,20200,20200,20200,0,2025-10-17 11:00:00,0,0,1760666400000,1760673600000,109176.74000000,95000,0.19223744,0.05707763,0.24931507
2025-10-17 11:00:00,20200,20200,20200,20200,0,2025-10-17 13:00:00,0,0,1760673600000,1760680800000,108381.76000000,95000,0.19200913,0.05730594,0.24931507
2025-10-17 13:00:00,16340,16355,16340,16355,2.41,2025-10-17 15:00:00,39382.4,2,1760680800000,1760688000000,105633.75000000,95000,0.19178082,0.05753425,0.24931507
2025-10-17 15:00:00,15770,15800,15595,15615,1.07,2025-10-17 17:00:00,16745.2,6,1760688000000,1760695200000,104531.35000000,95000,0.19155251,0.05776256,0.24931507
2025-10-17 17:00:00,15615,15615,15615,15615,0,2025-10-17 19:00:00,0,0,1760695200000,1760702400000,105683.72000000,95000,0.19132420,0.05799087,0.24931507
2025-10-17 19:00:00,16220,16220,16220,16220,0.86,2025-10-17 21:00:00,13949.2,2,1760702400000,1760709600000,105835.63000000,95000,0.19109589,0.05821918,0.24931507
2025-10-17 21:00:00,16220,16220,16220,16220,0,2025-10-17 23:00:00,0,0,1760709600000,1760716800000,106803.53000000,95000,0.19086758,0.05844749,0.24931507
2025-10-17 23:00:00,16220,16220,16220,16220,0,2025-10-18 01:00:00,0,0,1760716800000,1760724000000,106453.27000000,95000,0.19063927,0.05867580,0.24931507
2025-10-18 01:00:00,16220,16220,16220,16220,0,2025-10-18 03:00:00,0,0,1760724000000,1760731200000,106454.72000000,95000,0.19041096,0.05890411,0.24931507
2025-10-18 03:00:00,16220,16220,16220,16220,0,2025-10-18 05:00:00,0,0,1760731200000,1760738400000,107301.40000000,95000,0.19018265,0.05913242,0.24931507
2025-10-18 05:00:00,16220,16220,16220,16220,0,2025-10-18 07:00:00,0,0,1760738400000,1760745600000,106431.68000000,95000,0.18995434,0.05936073,0.24931507
2025-10-18 07:00:00,16220,16220,16220,16220,0,2025-10-18 09:00:00,0,0,1760745600000,1760752800000,107149.30000000,95000,0.18972603,0.05958904,0.24931507
2025-10-18 09:00:00,16220,16220,16220,16220,0,2025-10-18 11:00:00,0,0,1760752800000,1760760000000,107070.40000000,95000,0.18949772,0.05981735,0.24931507
2025-10-18 11:00:00,16220,16220,16220,16220,0,2025-10-18 13:00:00,0,0,1760760000000,1760767200000,106812.52000000,95000,0.18926941,0.06004566,0.24931507
2025-10-18 13:00:00,16220,16220,16220,16220,0,2025-10-18 15:00:00,0,0,1760767200000,1760774400000,106665.00000000,95000,0.18904110,0.06027397,0.24931507
2025-10-18 15:00:00,16220,16220,16220,16220,0,2025-10-18 17:00:00,0,0,1760774400000,1760781600000,106884.41000000,95000,0.18881279,0.06050228,0.24931507
2025-10-18 17:00:00,16220,16220,16220,16220,0,2025-10-18 19:00:00,0,0,1760781600000,1760788800000,107208.60000000,95000,0.18858447,0.06073059,0.24931507
2025-10-18 19:00:00,16220,16220,16220,16220,0,2025-10-18 21:00:00,0,0,1760788800000,1760796000000,106888.78000000,95000,0.18835616,0.06095890,0.24931507
2025-10-18 21:00:00,16220,16220,16220,16220,0,2025-10-18 23:00:00,0,0,1760796000000,1760803200000,106948.75000000,95000,0.18812785,0.06118721,0.24931507
2025-10-18 23:00:00,16220,16220,16220,16220,0,2025-10-19 01:00:00,0,0,1760803200000,1760810400000,106880.03000000,95000,0.18789954,0.06141553,0.24931507
2025-10-19 01:00:00,16220,16220,16220,16220,0,2025-10-19 03:00:00,0,0,1760810400000,1760817600000,107080.14000000,95000,0.18767123,0.06164384,0.24931507
2025-10-19 03:00:00,16220,16220,16220,16220,0,2025-10-19 05:00:00,0,0,1760817600000,1760824800000,107177.05000000,95000,0.18744292,0.06187215,0.24931507
2025-10-19 05:00:00,16220,16220,16220,16220,0,2025-10-19 07:00:00,0,0,1760824800000,1760832000000,107185.01000000,95000,0.18721461,0.06210046,0.24931507
2025-10-19 07:00:00,16220,16220,16220,16220,0,2025-10-19 09:00:00,0,0,1760832000000,1760839200000,106973.26000000,95000,0.18698630,0.06232877,0.24931507
2025-10-19 09:00:00,16220,16220,16220,16220,0,2025-10-19 11:00:00,0,0,1760839200000,1760846400000,107275.78000000,95000,0.18675799,0.06255708,0.24931507
2025-10-19 11:00:00,16220,16220,16220,16220,0,2025-10-19 13:00:00,0,0,1760846400000,1760853600000,106888.59000000,95000,0.18652968,0.06278539,0.24931507
2025-10-19 13:00:00,16220,16220,16220,16220,0,2025-10-19 15:00:00,0,0,1760853600000,1760860800000,106786.00000000,95000,0.18630137,0.06301370,0.24931507
2025-10-19 15:00:00,16220,16220,16220,16220,0,2025-10-19 17:00:00,0,0,1760860800000,1760868000000,107401.47000000,95000,0.18607306,0.06324201,0.24931507
2025-10-19 17:00:00,17830,17830,17830,17830,0.01,2025-10-19 19:00:00,178.3,1,1760868000000,1760875200000,107783.47000000,95000,0.18584475,0.06347032,0.24931507
2025-10-19 19:00:00,17830,17830,17830,17830,0,2025-10-19 21:00:00,0,0,1760875200000,1760882400000,108096.34000000,95000,0.18561644,0.06369863,0.24931507
2025-10-19 21:00:00,17830,17830,17830,17830,0,2025-10-19 23:00:00,0,0,1760882400000,1760889600000,108486.70000000,95000,0.18538813,0.06392694,0.24931507
2025-10-19 23:00:00,17830,17830,17830,17830,0,2025-10-20 01:00:00,0,0,1760889600000,1760896800000,109113.52000000,95000,0.18515982,0.06415525,0.24931507
2025-10-20 01:00:00,17830,17830,17830,17830,0,2025-10-20 03:00:00,0,0,1760896800000,1760904000000,108908.43000000,95000,0.18493151,0.06438356,0.24931507
2025-10-20 03:00:00,17830,17830,17830,17830,0,2025-10-20 05:00:00,0,0,1760904000000,1760911200000,108744.82000000,95000,0.18470320,0.06461187,0.24931507
2025-10-20 05:00:00,17830,17830,17830,17830,0,2025-10-20 07:00:00,0,0,1760911200000,1760918400000,108642.78000000,95000,0.18447489,0.06484018,0.24931507
2025-10-20 07:00:00,17830,17830,17830,17830,0,2025-10-20 09:00:00,0,0,1760918400000,1760925600000,108053.58000000,95000,0.18424658,0.06506849,0.24931507
2025-10-20 09:00:00,17830,17830,17830,17830,0,2025-10-20 11:00:00,0,0,1760925600000,1760932800000,110145.44000000,95000,0.18401826,0.06529680,0.24931507
2025-10-20 11:00:00,17830,17830,17830,17830,0,2025-10-20 13:00:00,0,0,1760932800000,1760940000000,111033.79000000,95000,0.18378995,0.06552511,0.24931507
2025-10-20 13:00:00,17830,17830,17830,17830,0,2025-10-20 15:00:00,0,0,1760940000000,1760947200000,111169.92000000,95000,0.18356164,0.06575342,0.24931507
2025-10-20 15:00:00,17830,17830,17830,17830,0,2025-10-20 17:00:00,0,0,1760947200000,1760954400000,110964.13000000,95000,0.18333333,0.06598174,0.24931507
2025-10-20 17:00:00,17830,17830,17830,17830,0,2025-10-20 19:00:00,0,0,1760954400000,1760961600000,111016.75000000,95000,0.18310502,0.06621005,0.24931507
2025-10-20 19:00:00,17830,17830,17830,17830,0,2025-10-20 21:00:00,0,0,1760961600000,1760968800000,111161.35000000,95000,0.18287671,0.06643836,0.24931507
2025-10-20 21:00:00,17830,17830,17830,17830,0,2025-10-20 23:00:00,0,0,1760968800000,1760976000000,111144.55000000,95000,0.18264840,0.06666667,0.24931507
2025-10-20 23:00:00,17830,17830,17830,17830,0,2025-10-21 01:00:00,0,0,1760976000000,1760983200000,110282.76000000,95000,0.18242009,0.06689498,0.24931507
2025-10-21 01:00:00,17830,17830,17830,17830,0,2025-10-21 03:00:00,0,0,1760983200000,1760990400000,110803.22000000,95000,0.18219178,0.06712329,0.24931507
2025-10-21 03:00:00,17830,17830,17830,17830,0,2025-10-21 05:00:00,0,0,1760990400000,1760997600000,110563.20000000,95000,0.18196347,0.06735160,0.24931507
2025-10-21 05:00:00,17830,17830,17830,17830,0,2025-10-21 07:00:00,0,0,1760997600000,1761004800000,110532.09000000,95000,0.18173516,0.06757991,0.24931507
2025-10-21 07:00:00,17830,17830,17830,17830,0,2025-10-21 09:00:00,0,0,1761004800000,1761012000000,109863.19000000,95000,0.18150685,0.06780822,0.24931507
2025-10-21 09:00:00,17830,17830,17830,17830,0,2025-10-21 11:00:00,0,0,1761012000000,1761019200000,109059.22000000,95000,0.18127854,0.06803653,0.24931507
2025-10-21 11:00:00,17830,17830,17830,17830,0,2025-10-21 13:00:00,0,0,1761019200000,1761026400000,107537.12000000,95000,0.18105023,0.06826484,0.24931507
2025-10-21 13:00:00,17830,17830,17830,17830,0,2025-10-21 15:00:00,0,0,1761026400000,1761033600000,108086.37000000,95000,0.18082192,0.06849315,0.24931507
2025-10-21 15:00:00,17830,17830,17830,17830,0,2025-10-21 17:00:00,0,0,1761033600000,1761040800000,107754.27000000,95000,0.18059361,0.06872146,0.24931507
2025-10-21 17:00:00,17830,17830,17830,17830,0,2025-10-21 19:00:00,0,0,1761040800000,1761048000000,108580.01000000,95000,0.18036530,0.06894977,0.24931507
2025-10-21 19:00:00,17830,17830,17830,17830,0,2025-10-21 21:00:00,0,0,1761048000000,1761055200000,108426.98000000,95000,0.18013699,0.06917808,0.24931507
2025-10-21 21:00:00,17830,17830,17830,17830,0,2025-10-21 23:00:00,0,0,1761055200000,1761062400000,113422.61000000,95000,0.17990868,0.06940639,0.24931507
2025-10-21 23:00:00,17830,17830,17830,17830,0,2025-10-22 01:00:00,0,0,1761062400000,1761069600000,111973.42000000,95000,0.17968037,0.06963470,0.24931507
2025-10-22 01:00:00,17830,17830,17830,17830,0,2025-10-22 03:00:00,0,0,1761069600000,1761076800000,111780.39000000,95000,0.17945205,0.06986301,0.24931507
2025-10-22 03:00:00,17830,17830,17830,17830,0,2025-10-22 05:00:00,0,0,1761076800000,1761084000000,110816.32000000,95000,0.17922374,0.07009132,0.24931507
2025-10-22 05:00:00,18525,18525,18485,18485,0.03,2025-10-22 07:00:00,555.35,2,1761084000000,1761091200000,108297.67000000,95000,0.17899543,0.07031963,0.24931507
2025-10-22 07:00:00,18485,18485,18485,18485,0,2025-10-22 09:00:00,0,0,1761091200000,1761098400000,108364.21000000,95000,0.17876712,0.07054795,0.24931507
2025-10-22 09:00:00,18485,18485,18485,18485,0,2025-10-22 11:00:00,0,0,1761098400000,1761105600000,108216.02000000,95000,0.17853881,0.07077626,0.24931507
2025-10-22 11:00:00,18485,18485,18485,18485,0,2025-10-22 13:00:00,0,0,1761105600000,1761112800000,108166.81000000,95000,0.17831050,0.07100457,0.24931507
2025-10-22 13:00:00,18485,18485,18485,18485,0,2025-10-22 15:00:00,0,0,1761112800000,1761120000000,108321.63000000,95000,0.17808219,0.07123288,0.24931507
2025-10-22 15:00:00,18485,18485,18485,18485,0,2025-10-22 17:00:00,0,0,1761120000000,1761127200000,107963.13000000,95000,0.17785388,0.07146119,0.24931507
2025-10-22 17:00:00,18485,18485,18485,18485,0,2025-10-22 19:00:00,0,0,1761127200000,1761134400000,107555.05000000,95000,0.17762557,0.07168950,0.24931507
2025-10-22 19:00:00,18485,18485,18485,18485,0,2025-10-22 21:00:00,0,0,1761134400000,1761141600000,108783.36000000,95000,0.17739726,0.07191781,0.24931507
2025-10-22 21:00:00,18485,18485,18485,18485,0,2025-10-22 23:00:00,0,0,1761141600000,1761148800000,108416.50000000,95000,0.17716895,0.07214612,0.24931507
2025-10-22 23:00:00,18485,18485,18485,18485,0,2025-10-23 01:00:00,0,0,1761148800000,1761156000000,107778.45000000,95000,0.17694064,0.07237443,0.24931507
2025-10-23 01:00:00,18485,18485,18485,18485,0,2025-10-23 03:00:00,0,0,1761156000000,1761163200000,107870.35000000,95000,0.17671233,0.07260274,0.24931507
2025-10-23 03:00:00,18485,18485,18485,18485,0,2025-10-23 05:00:00,0,0,1761163200000,1761170400000,107207.98000000,95000,0.17648402,0.07283105,0.24931507
2025-10-23 05:00:00,18485,18485,18485,18485,0,2025-10-23 07:00:00,0,0,1761170400000,1761177600000,107567.44000000,95000,0.17625571,0.07305936,0.24931507
2025-10-23 07:00:00,18485,18485,18485,18485,0,2025-10-23 09:00:00,0,0,1761177600000,1761184800000,108150.00000000,95000,0.17602740,0.07328767,0.24931507
2025-10-23 09:00:00,18485,18485,18485,18485,0,2025-10-23 11:00:00,0,0,1761184800000,1761192000000,108377.96000000,95000,0.17579909,0.07351598,0.24931507
2025-10-23 11:00:00,18485,18485,18485,18485,0,2025-10-23 13:00:00,0,0,1761192000000,1761199200000,108940.58000000,95000,0.17557078,0.07374429,0.24931507
2025-10-23 13:00:00,18485,18485,18485,18485,0,2025-10-23 15:00:00,0,0,1761199200000,1761206400000,109269.90000000,95000,0.17534247,0.07397260,0.24931507
2025-10-23 15:00:00,18485,18485,18485,18485,0,2025-10-23 17:00:00,0,0,1761206400000,1761213600000,109426.99000000,95000,0.17511416,0.07420091,0.24931507
2025-10-23 17:00:00,18485,18485,18485,18485,0,2025-10-23 19:00:00,0,0,1761213600000,1761220800000,109253.89000000,95000,0.17488584,0.07442922,0.24931507
2025-10-23 19:00:00,18485,18485,18485,18485,0,2025-10-23 21:00:00,0,0,1761220800000,1761228000000,109500.62000000,95000,0.17465753,0.07465753,0.24931507
2025-10-23 21:00:00,18485,18485,18485,18485,0,2025-10-23 23:00:00,0,0,1761228000000,1761235200000,109908.28000000,95000,0.17442922,0.07488584,0.24931507
2025-10-23 23:00:00,18485,18485,18485,18485,0,2025-10-24 01:00:00,0,0,1761235200000,1761242400000,111241.71000000,95000,0.17420091,0.07511416,0.24931507
2025-10-24 01:00:00,18485,18485,18485,18485,0,2025-10-24 03:00:00,0,0,1761242400000,1761249600000,110200.00000000,95000,0.17397260,0.07534247,0.24931507
2025-10-24 03:00:00,18485,18485,18485,18485,0,2025-10-24 05:00:00,0,0,1761249600000,1761256800000,109532.97000000,95000,0.17374429,0.07557078,0.24931507
2025-10-24 05:00:00,18485,18485,18485,18485,0,2025-10-24 07:00:00,0,0,1761256800000,1761264000000,110078.18000000,95000,0.17351598,0.07579909,0.24931507
2025-10-24 07:00:00,18485,18485,18485,18485,0,2025-10-24 09:00:00,0,0,1761264000000,1761271200000,110585.08000000,95000,0.17328767,0.07602740,0.24931507
2025-10-24 09:00:00,18485,18485,18485,18485,0,2025-10-24 11:00:00,0,0,1761271200000,1761278400000,110441.46000000,95000,0.17305936,0.07625571,0.24931507
2025-10-24 11:00:00,18485,18485,18485,18485,0,2025-10-24 13:00:00,0,0,1761278400000,1761285600000,111261.36000000,95000,0.17283105,0.07648402,0.24931507
2025-10-24 13:00:00,18485,18485,18485,18485,0,2025-10-24 15:00:00,0,0,1761285600000,1761292800000,111054.61000000,95000,0.17260274,0.07671233,0.24931507
2025-10-24 15:00:00,18485,18485,18485,18485,0,2025-10-24 17:00:00,0,0,1761292800000,1761300000000,111324.51000000,95000,0.17237443,0.07694064,0.24931507
2025-10-24 17:00:00,18485,18485,18485,18485,0,2025-10-24 19:00:00,0,0,1761300000000,1761307200000,111066.29000000,95000,0.17214612,0.07716895,0.24931507
2025-10-24 19:00:00,19225,19225,19225,19225,0.01,2025-10-24 21:00:00,192.25,1,1761307200000,1761314400000,110937.94000000,95000,0.17191781,0.07739726,0.24931507
2025-10-24 21:00:00,19225,19225,19225,19225,0,2025-10-24 23:00:00,0,0,1761314400000,1761321600000,110046.91000000,95000,0.17168950,0.07762557,0.24931507
2025-10-24 23:00:00,19225,19225,19225,19225,0,2025-10-25 01:00:00,0,0,1761321600000,1761328800000,110235.22000000,95000,0.17146119,0.07785388,0.24931507
2025-10-25 01:00:00,19225,19225,19225,19225,0,2025-10-25 03:00:00,0,0,1761328800000,1761336000000,110615.07000000,95000,0.17123288,0.07808219,0.24931507
2025-10-25 03:00:00,19225,19225,19225,19225,0,2025-10-25 05:00:00,0,0,1761336000000,1761343200000,111085.57000000,95000,0.17100457,0.07831050,0.24931507
2025-10-25 05:00:00,19225,19225,19225,19225,0,2025-10-25 07:00:00,0,0,1761343200000,1761350400000,111004.89000000,95000,0.17077626,0.07853881,0.24931507
2025-10-25 07:00:00,19225,19225,19225,19225,0,2025-10-25 09:00:00,0,0,1761350400000,1761357600000,111070.31000000,95000,0.17054795,0.07876712,0.24931507
2025-10-25 09:00:00,19225,19225,19225,19225,0,2025-10-25 11:00:00,0,0,1761357600000,1761364800000,111029.99000000,95000,0.17031963,0.07899543,0.24931507
2025-10-25 11:00:00,19225,19225,19225,19225,0,2025-10-25 13:00:00,0,0,1761364800000,1761372000000,111386.79000000,95000,0.17009132,0.07922374,0.24931507
2025-10-25 13:00:00,19225,19225,19225,19225,0,2025-10-25 15:00:00,0,0,1761372000000,1761379200000,111489.60000000,95000,0.16986301,0.07945205,0.24931507
2025-10-25 15:00:00,19225,19225,19225,19225,0,2025-10-25 17:00:00,0,0,1761379200000,1761386400000,111521.47000000,95000,0.16963470,0.07968037,0.24931507
2025-10-25 17:00:00,19225,19225,19225,19225,0,2025-10-25 19:00:00,0,0,1761386400000,1761393600000,111563.81000000,95000,0.16940639,0.07990868,0.24931507
2025-10-25 19:00:00,19225,19225,19225,19225,0,2025-10-25 21:00:00,0,0,1761393600000,1761400800000,111680.91000000,95000,0.16917808,0.08013699,0.24931507
2025-10-25 21:00:00,19225,19225,19225,19225,0,2025-10-25 23:00:00,0,0,1761400800000,1761408000000,111385.18000000,95000,0.16894977,0.08036530,0.24931507
2025-10-25 23:00:00,19225,19225,19225,19225,0,2025-10-26 01:00:00,0,0,1761408000000,1761415200000,111374.96000000,95000,0.16872146,0.08059361,0.24931507
2025-10-26 01:00:00,19225,19225,19225,19225,0,2025-10-26 03:00:00,0,0,1761415200000,1761422400000,111623.45000000,95000,0.16849315,0.08082192,0.24931507
2025-10-26 03:00:00,19225,19225,19225,19225,0,2025-10-26 05:00:00,0,0,1761422400000,1761429600000,111477.76000000,95000,0.16826484,0.08105023,0.24931507
2025-10-26 05:00:00,19225,19225,19225,19225,0,2025-10-26 07:00:00,0,0,1761429600000,1761436800000,111646.27000000,95000,0.16803653,0.08127854,0.24931507
2025-10-26 07:00:00,19225,19225,19225,19225,0,2025-10-26 09:00:00,0,0,1761436800000,1761444000000,111644.42000000,95000,0.16780822,0.08150685,0.24931507
2025-10-26 09:00:00,19225,19225,19225,19225,0,2025-10-26 11:00:00,0,0,1761444000000,1761451200000,111260.46000000,95000,0.16757991,0.08173516,0.24931507
2025-10-26 11:00:00,19225,19225,19225,19225,0,2025-10-26 13:00:00,0,0,1761451200000,1761458400000,111615.32000000,95000,0.16735160,0.08196347,0.24931507
2025-10-26 13:00:00,19225,19225,19225,19225,0,2025-10-26 15:00:00,0,0,1761458400000,1761465600000,111723.98000000,95000,0.16712329,0.08219178,0.24931507
2025-10-26 15:00:00,19225,19225,19225,19225,0,2025-10-26 17:00:00,0,0,1761465600000,1761472800000,112528.83000000,95000,0.16689498,0.08242009,0.24931507
2025-10-26 17:00:00,19225,19225,19225,19225,0,2025-10-26 19:00:00,0,0,1761472800000,1761480000000,113286.09000000,95000,0.16666667,0.08264840,0.24931507
2025-10-26 19:00:00,19225,19225,19225,19225,0,2025-10-26 21:00:00,0,0,1761480000000,1761487200000,113711.53000000,95000,0.16643836,0.08287671,0.24931507
2025-10-26 21:00:00,19225,19225,19225,19225,0,2025-10-26 23:00:00,0,0,1761487200000,1761494400000,113694.97000000,95000,0.16621005,0.08310502,0.24931507
2025-10-26 23:00:00,19225,19225,19225,19225,0,2025-10-27 01:00:00,0,0,1761494400000,1761501600000,113442.13000000,95000,0.16598174,0.08333333,0.24931507
2025-10-27 01:00:00,19225,19225,19225,19225,0,2025-10-27 03:00:00,0,0,1761501600000,1761508800000,113585.99000000,95000,0.16575342,0.08356164,0.24931507
2025-10-27 03:00:00,19225,19225,19225,19225,0,2025-10-27 05:00:00,0,0,1761508800000,1761516000000,113497.06000000,95000,0.16552511,0.08378995,0.24931507
2025-10-27 05:00:00,19225,19225,19225,19225,0,2025-10-27 07:00:00,0,0,1761516000000,1761523200000,114559.40000000,95000,0.16529680,0.08401826,0.24931507
2025-10-27 07:00:00,19225,19225,19225,19225,0,2025-10-27 09:00:00,0,0,1761523200000,1761530400000,115284.01000000,95000,0.16506849,0.08424658,0.24931507
2025-10-27 09:00:00,19225,19225,19225,19225,0,2025-10-27 11:00:00,0,0,1761530400000,1761537600000,114958.51000000,95000,0.16484018,0.08447489,0.24931507
2025-10-27 11:00:00,19225,19225,19225,19225,0,2025-10-27 13:00:00,0,0,1761537600000,1761544800000,115556.57000000,95000,0.16461187,0.08470320,0.24931507
2025-10-27 13:00:00,19225,19225,19225,19225,0,2025-10-27 15:00:00,0,0,1761544800000,1761552000000,115554.60000000,95000,0.16438356,0.08493151,0.24931507
2025-10-27 15:00:00,19225,19225,19225,19225,0,2025-10-27 17:00:00,0,0,1761552000000,1761559200000,115254.01000000,95000,0.16415525,0.08515982,0.24931507
2025-10-27 17:00:00,19225,19225,19225,19225,0,2025-10-27 19:00:00,0,0,1761559200000,1761566400000,115362.02000000,95000,0.16392694,0.08538813,0.24931507
2025-10-27 19:00:00,19225,19225,19225,19225,0,2025-10-27 21:00:00,0,0,1761566400000,1761573600000,115264.28000000,95000,0.16369863,0.08561644,0.24931507
2025-10-27 21:00:00,19225,19225,19225,19225,0,2025-10-27 23:00:00,0,0,1761573600000,1761580800000,114969.68000000,95000,0.16347032,0.08584475,0.24931507
2025-10-27 23:00:00,19225,19225,19225,19225,0,2025-10-28 01:00:00,0,0,1761580800000,1761588000000,115706.06000000,95000,0.16324201,0.08607306,0.24931507
2025-10-28 01:00:00,19225,19225,19225,19225,0,2025-10-28 03:00:00,0,0,1761588000000,1761595200000,114942.64000000,95000,0.16301370,0.08630137,0.24931507
2025-10-28 03:00:00,19225,19225,19225,19225,0,2025-10-28 05:00:00,0,0,1761595200000,1761602400000,114302.70000000,95000,0.16278539,0.08652968,0.24931507
2025-10-28 05:00:00,19225,19225,19225,19225,0,2025-10-28 07:00:00,0,0,1761602400000,1761609600000,114107.65000000,95000,0.16255708,0.08675799,0.24931507
2025-10-28 07:00:00,19225,19225,19225,19225,0,2025-10-28 09:00:00,0,0,1761609600000,1761616800000,114424.76000000,95000,0.16232877,0.08698630,0.24931507
2025-10-28 09:00:00,19225,19225,19225,19225,0,2025-10-28 11:00:00,0,0,1761616800000,1761624000000,113908.24000000,95000,0.16210046,0.08721461,0.24931507
2025-10-28 11:00:00,19225,19225,19225,19225,0,2025-10-28 13:00:00,0,0,1761624000000,1761631200000,113605.31000000,95000,0.16187215,0.08744292,0.24931507
2025-10-28 13:00:00,19225,19225,19225,19225,0,2025-10-28 15:00:00,0,0,1761631200000,1761638400000,114188.37000000,95000,0.16164384,0.08767123,0.24931507
2025-10-28 15:00:00,19225,19225,19225,19225,0,2025-10-28 17:00:00,0,0,1761638400000,1761645600000,114528.60000000,95000,0.16141553,0.08789954,0.24931507
2025-10-28 17:00:00,19225,19225,19225,19225,0,2025-10-28 19:00:00,0,0,1761645600000,1761652800000,114357.73000000,95000,0.16118721,0.08812785,0.24931507
2025-10-28 19:00:00,19225,19225,19225,19225,0,2025-10-28 21:00:00,0,0,1761652800000,1761660000000,115522.90000000,95000,0.16095890,0.08835616,0.24931507
2025-10-28 21:00:00,19225,19225,19225,19225,0,2025-10-28 23:00:00,0,0,1761660000000,1761667200000,114641.38000000,95000,0.16073059,0.08858447,0.24931507
2025-10-28 23:00:00,19225,19225,19225,19225,0,2025-10-29 01:00:00,0,0,1761667200000,1761674400000,115290.00000000,95000,0.16050228,0.08881279,0.24931507
2025-10-29 01:00:00,19225,19225,19225,19225,0,2025-10-29 03:00:00,0,0,1761674400000,1761681600000,113689.99000000,95000,0.16027397,0.08904110,0.24931507
2025-10-29 03:00:00,19225,19225,19225,19225,0,2025-10-29 05:00:00,0,0,1761681600000,1761688800000,112994.40000000,95000,0.16004566,0.08926941,0.24931507
2025-10-29 05:00:00,19225,19225,19225,19225,0,2025-10-29 07:00:00,0,0,1761688800000,1761696000000,112898.45000000,95000,0.15981735,0.08949772,0.24931507
2025-10-29 07:00:00,19225,19225,19225,19225,0,2025-10-29 09:00:00,0,0,1761696000000,1761703200000,112500.03000000,95000,0.15958904,0.08972603,0.24931507
2025-10-29 09:00:00,19225,19225,19225,19225,0,2025-10-29 11:00:00,0,0,1761703200000,1761710400000,112523.49000000,95000,0.15936073,0.08995434,0.24931507
2025-10-29 11:00:00,19225,19225,19225,19225,0,2025-10-29 13:00:00,0,0,1761710400000,1761717600000,113039.10000000,95000,0.15913242,0.09018265,0.24931507
2025-10-29 13:00:00,19225,19225,19225,19225,0,2025-10-29 15:00:00,0,0,1761717600000,1761724800000,113577.90000000,95000,0.15890411,0.09041096,0.24931507
2025-10-29 15:00:00,19225,19225,19225,19225,0,2025-10-29 17:00:00,0,0,1761724800000,1761732000000,112974.44000000,95000,0.15867580,0.09063927,0.24931507
2025-10-29 17:00:00,19225,19225,19225,19225,0,2025-10-29 19:00:00,0,0,1761732000000,1761739200000,113132.36000000,95000,0.15844749,0.09086758,0.24931507
2025-10-29 19:00:00,19225,19225,19225,19225,0,2025-10-29 21:00:00,0,0,1761739200000,1761746400000,112873.07000000,95000,0.15821918,0.09109589,0.24931507
2025-10-29 21:00:00,20165,20165,20165,20165,3.47,2025-10-29 23:00:00,69972.55,1,1761746400000,1761753600000,111509.74000000,95000,0.15799087,0.09132420,0.24931507
2025-10-29 23:00:00,20165,20165,20165,20165,0,2025-10-30 01:00:00,0,0,1761753600000,1761760800000,111883.49000000,95000,0.15776256,0.09155251,0.24931507
2025-10-30 01:00:00,20165,20165,20165,20165,0,2025-10-30 03:00:00,0,0,1761760800000,1761768000000,110640.00000000,95000,0.15753425,0.09178082,0.24931507
2025-10-30 03:00:00,20165,20165,20165,20165,0,2025-10-30 05:00:00,0,0,1761768000000,1761775200000,111617.26000000,95000,0.15730594,0.09200913,0.24931507
2025-10-30 05:00:00,20165,20165,20165,20165,0,2025-10-30 07:00:00,0,0,1761775200000,1761782400000,110021.29000000,95000,0.15707763,0.09223744,0.24931507
2025-10-30 07:00:00,20165,20165,20165,20165,0,2025-10-30 09:00:00,0,0,1761782400000,1761789600000,110460.76000000,95000,0.15684932,0.09246575,0.24931507
2025-10-30 09:00:00,20165,20165,20165,20165,0,2025-10-30 11:00:00,0,0,1761789600000,1761796800000,110751.47000000,95000,0.15662100,0.09269406,0.24931507
2025-10-30 11:00:00,20165,20165,20165,20165,0,2025-10-30 13:00:00,0,0,1761796800000,1761804000000,110248.29000000,95000,0.15639269,0.09292237,0.24931507
2025-10-30 13:00:00,20165,20165,20165,20165,0,2025-10-30 15:00:00,0,0,1761804000000,1761811200000,111366.72000000,95000,0.15616438,0.09315068,0.24931507
2025-10-30 15:00:00,20165,20165,20165,20165,0,2025-10-30 17:00:00,0,0,1761811200000,1761818400000,110171.69000000,95000,0.15593607,0.09337900,0.24931507
2025-10-30 17:00:00,20165,20165,20165,20165,0,2025-10-30 19:00:00,0,0,1761818400000,1761825600000,109717.29000000,95000,0.15570776,0.09360731,0.24931507
2025-10-30 19:00:00,20165,20165,20165,20165,0,2025-10-30 21:00:00,0,0,1761825600000,1761832800000,107627.16000000,95000,0.15547945,0.09383562,0.24931507
2025-10-30 21:00:00,20165,20165,20165,20165,0,2025-10-30 23:00:00,0,0,1761832800000,1761840000000,107711.56000000,95000,0.15525114,0.09406393,0.24931507
2025-10-30 23:00:00,20165,20165,20165,20165,0,2025-10-31 01:00:00,0,0,1761840000000,1761847200000,107486.69000000,95000,0.15502283,0.09429224,0.24931507
2025-10-31 01:00:00,15370,15370,15370,15370,0.01,2025-10-31 03:00:00,153.7,1,1761847200000,1761854400000,106536.39000000,95000,0.15479452,0.09452055,0.24931507
2025-10-31 03:00:00,15370,15370,15370,15370,0,2025-10-31 05:00:00,0,0,1761854400000,1761861600000,107907.68000000,95000,0.15456621,0.09474886,0.24931507
2025-10-31 05:00:00,15370,15370,15370,15370,0,2025-10-31 07:00:00,0,0,1761861600000,1761868800000,108322.88000000,95000,0.15433790,0.09497717,0.24931507
2025-10-31 07:00:00,15370,15370,15370,15370,0,2025-10-31 09:00:00,0,0,1761868800000,1761876000000,109619.77000000,95000,0.15410959,0.09520548,0.24931507
2025-10-31 09:00:00,15370,15370,15370,15370,0,2025-10-31 11:00:00,0,0,1761876000000,1761883200000,109227.86000000,95000,0.15388128,0.09543379,0.24931507
2025-10-31 11:00:00,15370,15370,15370,15370,0,2025-10-31 13:00:00,0,0,1761883200000,1761890400000,109899.15000000,95000,0.15365297,0.09566210,0.24931507
2025-10-31 13:00:00,15370,15370,15370,15370,0,2025-10-31 15:00:00,0,0,1761890400000,1761897600000,109449.31000000,95000,0.15342466,0.09589041,0.24931507
2025-10-31 15:00:00,15370,15370,15370,15370,0,2025-10-31 17:00:00,0,0,1761897600000,1761904800000,109848.39000000,95000,0.15319635,0.09611872,0.24931507
2025-10-31 17:00:00,15370,15370,15370,15370,0,2025-10-31 19:00:00,0,0,1761904800000,1761912000000,110415.61000000,95000,0.15296804,0.09634703,0.24931507
2025-10-31 19:00:00,15370,15370,15370,15370,0,2025-10-31 21:00:00,0,0,1761912000000,1761919200000,110157.54000000,95000,0.15273973,0.09657534,0.24931507
2025-10-31 21:00:00,15370,15370,15370,15370,0,2025-10-31 23:00:00,0,0,1761919200000,1761926400000,110202.90000000,95000,0.15251142,0.09680365,0.24931507
2025-10-31 23:00:00,15370,15370,15370,15370,0,2025-11-01 01:00:00,0,0,1761926400000,1761933600000,109299.98000000,95000,0.15228311,0.09703196,0.24931507
2025-11-01 01:00:00,15370,15370,15370,15370,0,2025-11-01 03:00:00,0,0,1761933600000,1761940800000,109828.78000000,95000,0.15205479,0.09726027,0.24931507
2025-11-01 03:00:00,15370,15370,15370,15370,0,2025-11-01 05:00:00,0,0,1761940800000,1761948000000,109558.48000000,95000,0.15182648,0.09748858,0.24931507
2025-11-01 05:00:00,15370,15370,15370,15370,0,2025-11-01 07:00:00,0,0,1761948000000,1761955200000,109608.01000000,95000,0.15159817,0.09771689,0.24931507
2025-11-01 07:00:00,15370,15370,15370,15370,0,2025-11-01 09:00:00,0,0,1761955200000,1761962400000,109734.11000000,95000,0.15136986,0.09794521,0.24931507
2025-11-01 09:00:00,15370,15370,15370,15370,0,2025-11-01 11:00:00,0,0,1761962400000,1761969600000,110226.37000000,95000,0.15114155,0.09817352,0.24931507
2025-11-01 11:00:00,15370,15370,15370,15370,0,2025-11-01 13:00:00,0,0,1761969600000,1761976800000,110140.79000000,95000,0.15091324,0.09840183,0.24931507
2025-11-01 13:00:00,15370,15370,15370,15370,0,2025-11-01 15:00:00,0,0,1761976800000,1761984000000,110071.40000000,95000,0.15068493,0.09863014,0.24931507
2025-11-01 15:00:00,15370,15370,15370,15370,0,2025-11-01 17:00:00,0,0,1761984000000,1761991200000,109991.29000000,95000,0.15045662,0.09885845,0.24931507
2025-11-01 17:00:00,15370,15370,15370,15370,0,2025-11-01 19:00:00,0,0,1761991200000,1761998400000,110137.59000000,95000,0.15022831,0.09908676,0.24931507
2025-11-01 19:00:00,15370,15370,15370,15370,0,2025-11-01 21:00:00,0,0,1761998400000,1762005600000,109946.27000000,95000,0.15000000,0.09931507,0.24931507
2025-11-01 21:00:00,15370,15370,15370,15370,0,2025-11-01 23:00:00,0,0,1762005600000,1762012800000,110310.65000000,95000,0.14977169,0.09954338,0.24931507
2025-11-01 23:00:00,15370,15370,15370,15370,0,2025-11-02 01:00:00,0,0,1762012800000,1762020000000,110208.97000000,95000,0.14954338,0.09977169,0.24931507
2025-11-02 01:00:00,15370,15370,15370,15370,0,2025-11-02 03:00:00,0,0,1762020000000,1762027200000,110299.99000000,95000,0.14931507,0.10000000,0.24931507
2025-11-02 03:00:00,15370,15370,15370,15370,0,2025-11-02 05:00:00,0,0,1762027200000,1762034400000,109862.85000000,95000,0.14908676,0.10022831,0.24931507
2025-11-02 05:00:00,15370,15370,15370,15370,0,2025-11-02 07:00:00,0,0,1762034400000,1762041600000,110098.10000000,95000,0.14885845,0.10045662,0.24931507
2025-11-02 07:00:00,15370,15370,15370,15370,0,2025-11-02 09:00:00,0,0,1762041600000,1762048800000,109978.01000000,95000,0.14863014,0.10068493,0.24931507
2025-11-02 09:00:00,15370,15370,15370,15370,0,2025-11-02 11:00:00,0,0,1762048800000,1762056000000,110053.23000000,95000,0.14840183,0.10091324,0.24931507
2025-11-02 11:00:00,15370,15370,15370,15370,0,2025-11-02 13:00:00,0,0,1762056000000,1762063200000,110497.98000000,95000,0.14817352,0.10114155,0.24931507
2025-11-02 13:00:00,15370,15370,15370,15370,0,2025-11-02 15:00:00,0,0,1762063200000,1762070400000,110895.53000000,95000,0.14794521,0.10136986,0.24931507
2025-11-02 15:00:00,15370,15370,15370,15370,0,2025-11-02 17:00:00,0,0,1762070400000,1762077600000,110714.00000000,95000,0.14771689,0.10159817,0.24931507
2025-11-02 17:00:00,15370,15370,15370,15370,0,2025-11-02 19:00:00,0,0,1762077600000,1762084800000,111196.99000000,95000,0.14748858,0.10182648,0.24931507
2025-11-02 19:00:00,15370,15370,15370,15370,0,2025-11-02 21:00:00,0,0,1762084800000,1762092000000,110568.65000000,95000,0.14726027,0.10205479,0.24931507
2025-11-02 21:00:00,15370,15370,15370,15370,0,2025-11-02 23:00:00,0,0,1762092000000,1762099200000,110117.48000000,95000,0.14703196,0.10228311,0.24931507
2025-11-02 23:00:00,15370,15370,15370,15370,0,2025-11-03 01:00:00,0,0,1762099200000,1762106400000,110190.40000000,95000,0.14680365,0.10251142,0.24931507
2025-11-03 01:00:00,15370,15370,15370,15370,0,2025-11-03 03:00:00,0,0,1762106400000,1762113600000,110180.84000000,95000,0.14657534,0.10273973,0.24931507
2025-11-03 03:00:00,15370,15370,15370,15370,0,2025-11-03 05:00:00,0,0,1762113600000,1762120800000,109990.90000000,95000,0.14634703,0.10296804,0.24931507
2025-11-03 05:00:00,15370,15370,15370,15370,0,2025-11-03 07:00:00,0,0,1762120800000,1762128000000,110540.68000000,95000,0.14611872,0.10319635,0.24931507
2025-11-03 07:00:00,15370,15370,15370,15370,0,2025-11-03 09:00:00,0,0,1762128000000,1762135200000,109665.50000000,95000,0.14589041,0.10342466,0.24931507
2025-11-03 09:00:00,15370,15370,15370,15370,0,2025-11-03 11:00:00,0,0,1762135200000,1762142400000,107937.45000000,95000,0.14566210,0.10365297,0.24931507
2025-11-03 11:00:00,15370,15370,15370,15370,0,2025-11-03 13:00:00,0,0,1762142400000,1762149600000,107606.75000000,95000,0.14543379,0.10388128,0.24931507
2025-11-03 13:00:00,15370,15370,15370,15370,0,2025-11-03 15:00:00,0,0,1762149600000,1762156800000,107468.23000000,95000,0.14520548,0.10410959,0.24931507
2025-11-03 15:00:00,15370,15370,15370,15370,0,2025-11-03 17:00:00,0,0,1762156800000,1762164000000,107197.94000000,95000,0.14497717,0.10433790,0.24931507
2025-11-03 17:00:00,15370,15370,15370,15370,0,2025-11-03 19:00:00,0,0,1762164000000,1762171200000,107787.42000000,95000,0.14474886,0.10456621,0.24931507
2025-11-03 19:00:00,15370,15370,15370,15370,0,2025-11-03 21:00:00,0,0,1762171200000,1762178400000,107908.68000000,95000,0.14452055,0.10479452,0.24931507
2025-11-03 21:00:00,15370,15370,15370,15370,0,2025-11-03 23:00:00,0,0,1762178400000,1762185600000,105745.71000000,95000,0.14429224,0.10502283,0.24931507
2025-11-03 23:00:00,15370,15370,15370,15370,0,2025-11-04 01:00:00,0,0,1762185600000,1762192800000,107481.19000000,95000,0.14406393,0.10525114,0.24931507
2025-11-04 01:00:00,15370,15370,15370,15370,0,2025-11-04 03:00:00,0,0,1762192800000,1762200000000,107090.00000000,95000,0.14383562,0.10547945,0.24931507
2025-11-04 03:00:00,15370,15370,15370,15370,0,2025-11-04 05:00:00,0,0,1762200000000,1762207200000,106888.71000000,95000,0.14360731,0.10570776,0.24931507
2025-11-04 05:00:00,15370,15370,15370,15370,0,2025-11-04 07:00:00,0,0,1762207200000,1762214400000,106583.04000000,95000,0.14337900,0.10593607,0.24931507
2025-11-04 07:00:00,15370,15370,15370,15370,0,2025-11-04 09:00:00,0,0,1762214400000,1762221600000,107040.01000000,95000,0.14315068,0.10616438,0.24931507
2025-11-04 09:00:00,15370,15370,15370,15370,0,2025-11-04 11:00:00,0,0,1762221600000,1762228800000,107158.79000000,95000,0.14292237,0.10639269,0.24931507
2025-11-04 11:00:00,15370,15370,15370,15370,0,2025-11-04 13:00:00,0,0,1762228800000,1762236000000,104215.76000000,95000,0.14269406,0.10662100,0.24931507
2025-11-04 13:00:00,15370,15370,15370,15370,0,2025-11-04 15:00:00,0,0,1762236000000,1762243200000,104490.72000000,95000,0.14246575,0.10684932,0.24931507
2025-11-04 15:00:00,15370,15370,15370,15370,0,2025-11-04 17:00:00,0,0,1762243200000,1762250400000,103857.96000000,95000,0.14223744,0.10707763,0.24931507
2025-11-04 17:00:00,15370,15370,15370,15370,0,2025-11-04 19:00:00,0,0,1762250400000,1762257600000,104584.76000000,95000,0.14200913,0.10730594,0.24931507
2025-11-04 19:00:00,15370,15370,15370,15370,0,2025-11-04 21:00:00,0,0,1762257600000,1762264800000,103924.25000000,95000,0.14178082,0.10753425,0.24931507
2025-11-04 21:00:00,15370,15370,15370,15370,0,2025-11-04 23:00:00,0,0,1762264800000,1762272000000,103197.01000000,95000,0.14155251,0.10776256,0.24931507
2025-11-04 23:00:00,15370,15370,15370,15370,0,2025-11-05 01:00:00,0,0,1762272000000,1762279200000,101114.83000000,95000,0.14132420,0.10799087,0.24931507
2025-11-05 01:00:00,15370,15370,15370,15370,0,2025-11-05 03:00:00,0,0,1762279200000,1762286400000,100542.64000000,95000,0.14109589,0.10821918,0.24931507
2025-11-05 03:00:00,15370,15370,15370,15370,0,2025-11-05 05:00:00,0,0,1762286400000,1762293600000,100311.46000000,95000,0.14086758,0.10844749,0.24931507
2025-11-05 05:00:00,15370,15370,15370,15370,0,2025-11-05 07:00:00,0,0,1762293600000,1762300800000,101497.22000000,95000,0.14063927,0.10867580,0.24931507
2025-11-05 07:00:00,15370,15370,15370,15370,0,2025-11-05 09:00:00,0,0,1762300800000,1762308000000,100761.62000000,95000,0.14041096,0.10890411,0.24931507
2025-11-05 09:00:00,15370,15370,15370,15370,0,2025-11-05 11:00:00,0,0,1762308000000,1762315200000,102130.00000000,95000,0.14018265,0.10913242,0.24931507
2025-11-05 11:00:00,15370,15370,15370,15370,0,2025-11-05 13:00:00,0,0,1762315200000,1762322400000,101824.89000000,95000,0.13995434,0.10936073,0.24931507
2025-11-05 13:00:00,15370,15370,15370,15370,0,2025-11-05 15:00:00,0,0,1762322400000,1762329600000,101993.02000000,95000,0.13972603,0.10958904,0.24931507
2025-11-05 15:00:00,15370,15370,15370,15370,0,2025-11-05 17:00:00,0,0,1762329600000,1762336800000,101995.29000000,95000,0.13949772,0.10981735,0.24931507
2025-11-05 17:00:00,15370,15370,15370,15370,0,2025-11-05 19:00:00,0,0,1762336800000,1762344000000,102070.61000000,95000,0.13926941,0.11004566,0.24931507
2025-11-05 19:00:00,15370,15370,15370,15370,0,2025-11-05 21:00:00,0,0,1762344000000,1762351200000,102985.91000000,95000,0.13904110,0.11027397,0.24931507
2025-11-05 21:00:00,15370,15370,15370,15370,0,2025-11-05 23:00:00,0,0,1762351200000,1762358400000,103728.30000000,95000,0.13881279,0.11050228,0.24931507
2025-11-05 23:00:00,15370,15370,15370,15370,0,2025-11-06 01:00:00,0,0,1762358400000,1762365600000,103904.05000000,95000,0.13858447,0.11073059,0.24931507
2025-11-06 01:00:00,15370,15370,15370,15370,0,2025-11-06 03:00:00,0,0,1762365600000,1762372800000,104008.09000000,95000,0.13835616,0.11095890,0.24931507
2025-11-06 03:00:00,15370,15370,15370,15370,0,2025-11-06 05:00:00,0,0,1762372800000,1762380000000,103672.37000000,95000,0.13812785,0.11118721,0.24931507
2025-11-06 05:00:00,15370,15370,15370,15370,0,2025-11-06 07:00:00,0,0,1762380000000,1762387200000,103885.16000000,95000,0.13789954,0.11141553,0.24931507
2025-11-06 07:00:00,15370,15370,15370,15370,0,2025-11-06 09:00:00,0,0,1762387200000,1762394400000,103365.65000000,95000,0.13767123,0.11164384,0.24931507
2025-11-06 09:00:00,15370,15370,15370,15370,0,2025-11-06 11:00:00,0,0,1762394400000,1762401600000,103636.03000000,95000,0.13744292,0.11187215,0.24931507
2025-11-06 11:00:00,15370,15370,15370,15370,0,2025-11-06 13:00:00,0,0,1762401600000,1762408800000,103143.57000000,95000,0.13721461,0.11210046,0.24931507
2025-11-06 13:00:00,15370,15370,15370,15370,0,2025-11-06 15:00:00,0,0,1762408800000,1762416000000,103185.48000000,95000,0.13698630,0.11232877,0.24931507
2025-11-06 15:00:00,15370,15370,15370,15370,0,2025-11-06 17:00:00,0,0,1762416000000,1762423200000,102810.01000000,95000,0.13675799,0.11255708,0.24931507
2025-11-06 17:00:00,15370,15370,15370,15370,0,2025-11-06 19:00:00,0,0,1762423200000,1762430400000,103227.58000000,95000,0.13652968,0.11278539,0.24931507
2025-11-06 19:00:00,15370,15370,15370,15370,0,2025-11-06 21:00:00,0,0,1762430400000,1762437600000,103319.71000000,95000,0.13630137,0.11301370,0.24931507
2025-11-06 21:00:00,15370,15370,15370,15370,0,2025-11-06 23:00:00,0,0,1762437600000,1762444800000,102014.48000000,95000,0.13607306,0.11324201,0.24931507
2025-11-06 23:00:00,15370,15370,15370,15370,0,2025-11-07 01:00:00,0,0,1762444800000,1762452000000,101804.01000000,95000,0.13584475,0.11347032,0.24931507
2025-11-07 01:00:00,15370,15370,15370,15370,0,2025-11-07 03:00:00,0,0,1762452000000,1762459200000,101388.81000000,95000,0.13561644,0.11369863,0.24931507
2025-11-07 03:00:00,15370,15370,15370,15370,0,2025-11-07 05:00:00,0,0,1762459200000,1762466400000,101117.17000000,95000,0.13538813,0.11392694,0.24931507
2025-11-07 05:00:00,15370,15370,15370,15370,0,2025-11-07 07:00:00,0,0,1762466400000,1762473600000,101346.04000000,95000,0.13515982,0.11415525,0.24931507
2025-11-07 07:00:00,15370,15370,15370,15370,0,2025-11-07 09:00:00,0,0,1762473600000,1762480800000,101538.96000000,95000,0.13493151,0.11438356,0.24931507
2025-11-07 09:00:00,15370,15370,15370,15370,0,2025-11-07 11:00:00,0,0,1762480800000,1762488000000,101916.29000000,95000,0.13470320,0.11461187,0.24931507
2025-11-07 11:00:00,15370,15370,15370,15370,0,2025-11-07 13:00:00,0,0,1762488000000,1762495200000,102447.47000000,95000,0.13447489,0.11484018,0.24931507
2025-11-07 13:00:00,15370,15370,15370,15370,0,2025-11-07 15:00:00,0,0,1762495200000,1762502400000,102010.00000000,95000,0.13424658,0.11506849,0.24931507
2025-11-07 15:00:00,15370,15370,15370,15370,0,2025-11-07 17:00:00,0,0,1762502400000,1762509600000,101013.66000000,95000,0.13401826,0.11529680,0.24931507
2025-11-07 17:00:00,15370,15370,15370,15370,0,2025-11-07 19:00:00,0,0,1762509600000,1762516800000,100411.89000000,95000,0.13378995,0.11552511,0.24931507
2025-11-07 19:00:00,15370,15370,15370,15370,0,2025-11-07 21:00:00,0,0,1762516800000,1762524000000,100347.35000000,95000,0.13356164,0.11575342,0.24931507
2025-11-07 21:00:00,15370,15370,15370,15370,0,2025-11-07 23:00:00,0,0,1762524000000,1762531200000,100797.95000000,95000,0.13333333,0.11598174,0.24931507
2025-11-07 23:00:00,15370,15370,15370,15370,0,2025-11-08 01:00:00,0,0,1762531200000,1762538400000,102397.12000000,95000,0.13310502,0.11621005,0.24931507
2025-11-08 01:00:00,15370,15370,15370,15370,0,2025-11-08 03:00:00,0,0,1762538400000,1762545600000,103395.25000000,95000,0.13287671,0.11643836,0.24931507
2025-11-08 03:00:00,15370,15370,15370,15370,0,2025-11-08 05:00:00,0,0,1762545600000,1762552800000,103879.23000000,95000,0.13264840,0.11666667,0.24931507
2025-11-08 05:00:00,15370,15370,15370,15370,0,2025-11-08 07:00:00,0,0,1762552800000,1762560000000,103339.08000000,95000,0.13242009,0.11689498,0.24931507
2025-11-08 07:00:00,15370,15370,15370,15370,0,2025-11-08 09:00:00,0,0,1762560000000,1762567200000,102996.84000000,95000,0.13219178,0.11712329,0.24931507
2025-11-08 09:00:00,15370,15370,15370,15370,0,2025-11-08 11:00:00,0,0,1762567200000,1762574400000,102592.76000000,95000,0.13196347,0.11735160,0.24931507
2025-11-08 11:00:00,15370,15370,15370,15370,0,2025-11-08 13:00:00,0,0,1762574400000,1762581600000,102304.00000000,95000,0.13173516,0.11757991,0.24931507
2025-11-08 13:00:00,11075,11075,11075,11075,0.01,2025-11-08 15:00:00,110.75,1,1762581600000,1762588800000,102352.96000000,95000,0.13150685,0.11780822,0.24931507
2025-11-08 15:00:00,11075,11075,11075,11075,0,2025-11-08 17:00:00,0,0,1762588800000,1762596000000,102399.46000000,95000,0.13127854,0.11803653,0.24931507
2025-11-08 17:00:00,11075,11075,11075,11075,0,2025-11-08 19:00:00,0,0,1762596000000,1762603200000,101857.10000000,95000,0.13105023,0.11826484,0.24931507
2025-11-08 19:00:00,11075,11075,11075,11075,0,2025-11-08 21:00:00,0,0,1762603200000,1762610400000,101804.63000000,95000,0.13082192,0.11849315,0.24931507
2025-11-08 21:00:00,11075,11075,11075,11075,0,2025-11-08 23:00:00,0,0,1762610400000,1762617600000,101711.45000000,95000,0.13059361,0.11872146,0.24931507
2025-11-08 23:00:00,11075,11075,11075,11075,0,2025-11-09 01:00:00,0,0,1762617600000,1762624800000,101994.52000000,95000,0.13036530,0.11894977,0.24931507
2025-11-09 01:00:00,11075,11075,11075,11075,0,2025-11-09 03:00:00,0,0,1762624800000,1762632000000,101989.65000000,95000,0.13013699,0.11917808,0.24931507
2025-11-09 03:00:00,11075,11075,11075,11075,0,2025-11-09 05:00:00,0,0,1762632000000,1762639200000,102272.81000000,95000,0.12990868,0.11940639,0.24931507
2025-11-09 05:00:00,11075,11075,11075,11075,0,2025-11-09 07:00:00,0,0,1762639200000,1762646400000,102312.94000000,95000,0.12968037,0.11963470,0.24931507
2025-11-09 07:00:00,11075,11075,11075,11075,0,2025-11-09 09:00:00,0,0,1762646400000,1762653600000,102045.07000000,95000,0.12945205,0.11986301,0.24931507
2025-11-09 09:00:00,11075,11075,11075,11075,0,2025-11-09 11:00:00,0,0,1762653600000,1762660800000,101662.05000000,95000,0.12922374,0.12009132,0.24931507
2025-11-09 11:00:00,11075,11075,11075,11075,0,2025-11-09 13:00:00,0,0,1762660800000,1762668000000,101928.54000000,95000,0.12899543,0.12031963,0.24931507
2025-11-09 13:00:00,11075,11075,11075,11075,0,2025-11-09 15:00:00,0,0,1762668000000,1762675200000,101944.59000000,95000,0.12876712,0.12054795,0.24931507
2025-11-09 15:00:00,11075,11075,11075,11075,0,2025-11-09 17:00:00,0,0,1762675200000,1762682400000,101657.46000000,95000,0.12853881,0.12077626,0.24931507
2025-11-09 17:00:00,11075,11075,11075,11075,0,2025-11-09 19:00:00,0,0,1762682400000,1762689600000,102239.41000000,95000,0.12831050,0.12100457,0.24931507
2025-11-09 19:00:00,11075,11075,11075,11075,0,2025-11-09 21:00:00,0,0,1762689600000,1762696800000,102911.39000000,95000,0.12808219,0.12123288,0.24931507
2025-11-09 21:00:00,11075,11075,11075,11075,0,2025-11-09 23:00:00,0,0,1762696800000,1762704000000,103762.17000000,95000,0.12785388,0.12146119,0.24931507
2025-11-09 23:00:00,11075,11075,11075,11075,0,2025-11-10 01:00:00,0,0,1762704000000,1762711200000,103637.57000000,95000,0.12762557,0.12168950,0.24931507
2025-11-10 01:00:00,11075,11075,11075,11075,0,2025-11-10 03:00:00,0,0,1762711200000,1762718400000,104805.57000000,95000,0.12739726,0.12191781,0.24931507
2025-11-10 03:00:00,11075,11075,11075,11075,0,2025-11-10 05:00:00,0,0,1762718400000,1762725600000,104528.82000000,95000,0.12716895,0.12214612,0.24931507
2025-11-10 05:00:00,11075,11075,11075,11075,0,2025-11-10 07:00:00,0,0,1762725600000,1762732800000,104722.96000000,95000,0.12694064,0.12237443,0.24931507
2025-11-10 07:00:00,11075,11075,11075,11075,0,2025-11-10 09:00:00,0,0,1762732800000,1762740000000,105699.99000000,95000,0.12671233,0.12260274,0.24931507
2025-11-10 09:00:00,11075,11075,11075,11075,0,2025-11-10 11:00:00,0,0,1762740000000,1762747200000,106027.97000000,95000,0.12648402,0.12283105,0.24931507
2025-11-10 11:00:00,11075,11075,11075,11075,0,2025-11-10 13:00:00,0,0,1762747200000,1762754400000,106100.00000000,95000,0.12625571,0.12305936,0.24931507
2025-11-10 13:00:00,11075,11075,11075,11075,0,2025-11-10 15:00:00,0,0,1762754400000,1762761600000,106461.45000000,95000,0.12602740,0.12328767,0.24931507
2025-11-10 15:00:00,11075,11075,11075,11075,0,2025-11-10 17:00:00,0,0,1762761600000,1762768800000,106440.00000000,95000,0.12579909,0.12351598,0.24931507
2025-11-10 17:00:00,11075,11075,11075,11075,0,2025-11-10 19:00:00,0,0,1762768800000,1762776000000,106176.50000000,95000,0.12557078,0.12374429,0.24931507
2025-11-10 19:00:00,11075,11075,11075,11075,0,2025-11-10 21:00:00,0,0,1762776000000,1762783200000,106548.02000000,95000,0.12534247,0.12397260,0.24931507
2025-11-10 21:00:00,11075,11075,11075,11075,0,2025-11-10 23:00:00,0,0,1762783200000,1762790400000,105079.99000000,95000,0.12511416,0.12420091,0.24931507
2025-11-10 23:00:00,11075,11075,11075,11075,0,2025-11-11 01:00:00,0,0,1762790400000,1762797600000,105953.10000000,95000,0.12488584,0.12442922,0.24931507
2025-11-11 01:00:00,11075,11075,11075,11075,0,2025-11-11 03:00:00,0,0,1762797600000,1762804800000,105817.99000000,95000,0.12465753,0.12465753,0.24931507
2025-11-11 03:00:00,11075,11075,11075,11075,0,2025-11-11 05:00:00,0,0,1762804800000,1762812000000,105631.27000000,95000,0.12442922,0.12488584,0.24931507
2025-11-11 05:00:00,11075,11075,11075,11075,0,2025-11-11 07:00:00,0,0,1762812000000,1762819200000,106011.13000000,95000,0.12420091,0.12511416,0.24931507
2025-11-11 07:00:00,11075,11075,11075,11075,0,2025-11-11 09:00:00,0,0,1762819200000,1762826400000,106110.36000000,95000,0.12397260,0.12534247,0.24931507
2025-11-11 09:00:00,11075,11075,11075,11075,0,2025-11-11 11:00:00,0,0,1762826400000,1762833600000,106456.00000000,95000,0.12374429,0.12557078,0.24931507
2025-11-11 11:00:00,11075,11075,11075,11075,0,2025-11-11 13:00:00,0,0,1762833600000,1762840800000,105249.35000000,95000,0.12351598,0.12579909,0.24931507
2025-11-11 13:00:00,11075,11075,11075,11075,0,2025-11-11 15:00:00,0,0,1762840800000,1762848000000,104783.98000000,95000,0.12328767,0.12602740,0.24931507
2025-11-11 15:00:00,11075,11075,11075,11075,0,2025-11-11 17:00:00,0,0,1762848000000,1762855200000,104971.63000000,95000,0.12305936,0.12625571,0.24931507
2025-11-11 17:00:00,11075,11075,11075,11075,0,2025-11-11 19:00:00,0,0,1762855200000,1762862400000,105311.90000000,95000,0.12283105,0.12648402,0.24931507
2025-11-11 19:00:00,11075,11075,11075,11075,0,2025-11-11 21:00:00,0,0,1762862400000,1762869600000,104390.92000000,95000,0.12260274,0.12671233,0.24931507
2025-11-11 21:00:00,11075,11075,11075,11075,0,2025-11-11 23:00:00,0,0,1762869600000,1762876800000,103455.99000000,95000,0.12237443,0.12694064,0.24931507
2025-11-11 23:00:00,11075,11075,11075,11075,0,2025-11-12 01:00:00,0,0,1762876800000,1762884000000,103338.99000000,95000,0.12214612,0.12716895,0.24931507
2025-11-12 01:00:00,11075,11075,11075,11075,0,2025-11-12 03:00:00,0,0,1762884000000,1762891200000,103126.39000000,95000,0.12191781,0.12739726,0.24931507
2025-11-12 03:00:00,11075,11075,11075,11075,0,2025-11-12 05:00:00,0,0,1762891200000,1762898400000,102633.92000000,95000,0.12168950,0.12762557,0.24931507
2025-11-12 05:00:00,11075,11075,11075,11075,0,2025-11-12 07:00:00,0,0,1762898400000,1762905600000,103058.99000000,95000,0.12146119,0.12785388,0.24931507
2025-11-12 07:00:00,11075,11075,11075,11075,0,2025-11-12 09:00:00,0,0,1762905600000,1762912800000,103254.64000000,95000,0.12123288,0.12808219,0.24931507
2025-11-12 09:00:00,11075,11075,11075,11075,0,2025-11-12 11:00:00,0,0,1762912800000,1762920000000,103310.00000000,95000,0.12100457,0.12831050,0.24931507
2025-11-12 11:00:00,11075,11075,11075,11075,0,2025-11-12 13:00:00,0,0,1762920000000,1762927200000,103385.30000000,95000,0.12077626,0.12853881,0.24931507
2025-11-12 13:00:00,11075,11075,11075,11075,0,2025-11-12 15:00:00,0,0,1762927200000,1762934400000,103112.66000000,95000,0.12054795,0.12876712,0.24931507
2025-11-12 15:00:00,11075,11075,11075,11075,0,2025-11-12 17:00:00,0,0,1762934400000,1762941600000,104521.56000000,95000,0.12031963,0.12899543,0.24931507
2025-11-12 17:00:00,11075,11075,11075,11075,0,2025-11-12 19:00:00,0,0,1762941600000,1762948800000,105020.83000000,95000,0.12009132,0.12922374,0.24931507
2025-11-12 19:00:00,11075,11075,11075,11075,0,2025-11-12 21:00:00,0,0,1762948800000,1762956000000,105039.99000000,95000,0.11986301,0.12945205,0.24931507
2025-11-12 21:00:00,11075,11075,11075,11075,0,2025-11-12 23:00:00,0,0,1762956000000,1762963200000,102173.51000000,95000,0.11963470,0.12968037,0.24931507
2025-11-12 23:00:00,11075,11075,11075,11075,0,2025-11-13 01:00:00,0,0,1762963200000,1762970400000,101748.02000000,95000,0.11940639,0.12990868,0.24931507
2025-11-13 01:00:00,11075,11075,11075,11075,0,2025-11-13 03:00:00,0,0,1762970400000,1762977600000,101297.31000000,95000,0.11917808,0.13013699,0.24931507
2025-11-13 03:00:00,10600,10600,10600,10600,0.01,2025-11-13 05:00:00,106,1,1762977600000,1762984800000,101920.47000000,95000,0.11894977,0.13036530,0.24931507
2025-11-13 05:00:00,10600,10600,10600,10600,0,2025-11-13 07:00:00,0,0,1762984800000,1762992000000,101654.37000000,95000,0.11872146,0.13059361,0.24931507
2025-11-13 07:00:00,10600,10600,10600,10600,0,2025-11-13 09:00:00,0,0,1762992000000,1762999200000,102007.00000000,95000,0.11849315,0.13082192,0.24931507
2025-11-13 09:00:00,10600,10600,10600,10600,0,2025-11-13 11:00:00,0,0,1762999200000,1763006400000,102130.21000000,95000,0.11826484,0.13105023,0.24931507
2025-11-13 11:00:00,10600,10600,10600,10600,0,2025-11-13 13:00:00,0,0,1763006400000,1763013600000,103135.84000000,95000,0.11803653,0.13127854,0.24931507
2025-11-13 13:00:00,10600,10600,10600,10600,0,2025-11-13 15:00:00,0,0,1763013600000,1763020800000,103475.66000000,95000,0.11780822,0.13150685,0.24931507
2025-11-13 15:00:00,10600,10600,10600,10600,0,2025-11-13 17:00:00,0,0,1763020800000,1763028000000,102827.00000000,95000,0.11757991,0.13173516,0.24931507
2025-11-13 17:00:00,10600,10600,10600,10600,0,2025-11-13 19:00:00,0,0,1763028000000,1763035200000,102936.50000000,95000,0.11735160,0.13196347,0.24931507
2025-11-13 19:00:00,10600,10600,10600,10600,0,2025-11-13 21:00:00,0,0,1763035200000,1763042400000,102326.48000000,95000,0.11712329,0.13219178,0.24931507
2025-11-13 21:00:00,10600,10600,10600,10600,0,2025-11-13 23:00:00,0,0,1763042400000,1763049600000,101382.64000000,95000,0.11689498,0.13242009,0.24931507
2025-11-13 23:00:00,10600,10600,10600,10600,0,2025-11-14 01:00:00,0,0,1763049600000,1763056800000,99659.99000000,95000,0.11666667,0.13264840,0.24931507
2025-11-14 01:00:00,10600,10600,10600,10600,0,2025-11-14 03:00:00,0,0,1763056800000,1763064000000,98682.14000000,95000,0.11643836,0.13287671,0.24931507
2025-11-14 03:00:00,10600,10600,10600,10600,0,2025-11-14 05:00:00,0,0,1763064000000,1763071200000,98817.36000000,95000,0.11621005,0.13310502,0.24931507
2025-11-14 05:00:00,10600,10600,10600,10600,0,2025-11-14 07:00:00,0,0,1763071200000,1763078400000,99692.02000000,95000,0.11598174,0.13333333,0.24931507
2025-11-14 07:00:00,10600,10600,10600,10600,0,2025-11-14 09:00:00,0,0,1763078400000,1763085600000,99255.60000000,95000,0.11575342,0.13356164,0.24931507
2025-11-14 09:00:00,10600,10600,10600,10600,0,2025-11-14 11:00:00,0,0,1763085600000,1763092800000,99139.38000000,95000,0.11552511,0.13378995,0.24931507
2025-11-14 11:00:00,7370,7370,7370,7370,0.01,2025-11-14 13:00:00,73.7,1,1763092800000,1763100000000,97523.98000000,95000,0.11529680,0.13401826,0.24931507
2025-11-14 13:00:00,7700,7700,7700,7700,0.27,2025-11-14 15:00:00,2079,1,1763100000000,1763107200000,97151.98000000,95000,0.11506849,0.13424658,0.24931507
2025-11-14 15:00:00,7700,7700,7700,7700,0,2025-11-14 17:00:00,0,0,1763107200000,1763114400000,96839.93000000,95000,0.11484018,0.13447489,0.24931507
2025-11-14 17:00:00,7700,7700,7700,7700,0,2025-11-14 19:00:00,0,0,1763114400000,1763121600000,96167.44000000,95000,0.11461187,0.13470320,0.24931507
2025-11-14 19:00:00,7700,7700,7700,7700,0,2025-11-14 21:00:00,0,0,1763121600000,1763128800000,95243.95000000,95000,0.11438356,0.13493151,0.24931507
2025-11-14 21:00:00,7700,7700,7700,7700,0,2025-11-14 23:00:00,0,0,1763128800000,1763136000000,96796.14000000,95000,0.11415525,0.13515982,0.24931507
2025-11-14 23:00:00,7700,7700,7700,7700,0,2025-11-15 01:00:00,0,0,1763136000000,1763143200000,95842.56000000,95000,0.11392694,0.13538813,0.24931507
2025-11-15 01:00:00,7700,7700,7700,7700,0,2025-11-15 03:00:00,0,0,1763143200000,1763150400000,95778.29000000,95000,0.11369863,0.13561644,0.24931507
2025-11-15 03:00:00,6465,6465,6340,6340,2.15,2025-11-15 05:00:00,13881,3,1763150400000,1763157600000,95059.47000000,95000,0.11347032,0.13584475,0.24931507
2025-11-15 05:00:00,6435,6435,6430,6430,0.15,2025-11-15 07:00:00,964.9,2,1763157600000,1763164800000,94594.00000000,95000,0.11324201,0.13607306,0.24931507
2025-11-15 07:00:00,6430,6430,6430,6430,0,2025-11-15 09:00:00,0,0,1763164800000,1763172000000,95650.17000000,95000,0.11301370,0.13630137,0.24931507
2025-11-15 09:00:00,6430,6430,6430,6430,0,2025-11-15 11:00:00,0,0,1763172000000,1763179200000,96417.12000000,95000,0.11278539,0.13652968,0.24931507
2025-11-15 11:00:00,6430,6430,6430,6430,0,2025-11-15 13:00:00,0,0,1763179200000,1763186400000,96342.18000000,95000,0.11255708,0.13675799,0.24931507
2025-11-15 13:00:00,7020,7020,7020,7020,0.01,2025-11-15 15:00:00,70.2,1,1763186400000,1763193600000,96333.86000000,95000,0.11232877,0.13698630,0.24931507
2025-11-15 15:00:00,7020,7020,7020,7020,0,2025-11-15 17:00:00,0,0,1763193600000,1763200800000,95808.44000000,95000,0.11210046,0.13721461,0.24931507
2025-11-15 17:00:00,7020,7020,7020,7020,0,2025-11-15 19:00:00,0,0,1763200800000,1763208000000,95696.87000000,95000,0.11187215,0.13744292,0.24931507
2025-11-15 19:00:00,7020,7020,7020,7020,0,2025-11-15 21:00:00,0,0,1763208000000,1763215200000,96370.16000000,95000,0.11164384,0.13767123,0.24931507
2025-11-15 21:00:00,6925,6925,6925,6925,0.03,2025-11-15 23:00:00,207.75,1,1763215200000,1763222400000,96260.00000000,95000,0.11141553,0.13789954,0.24931507
2025-11-15 23:00:00,6925,6925,6925,6925,0,2025-11-16 01:00:00,0,0,1763222400000,1763229600000,96238.50000000,95000,0.11118721,0.13812785,0.24931507
2025-11-16 01:00:00,6925,6925,6925,6925,0,2025-11-16 03:00:00,0,0,1763229600000,1763236800000,96012.01000000,95000,0.11095890,0.13835616,0.24931507
2025-11-16 03:00:00,6925,6925,6925,6925,0,2025-11-16 05:00:00,0,0,1763236800000,1763244000000,95279.99000000,95000,0.11073059,0.13858447,0.24931507
2025-11-16 05:00:00,6925,6925,6925,6925,0,2025-11-16 07:00:00,0,0,1763244000000,1763251200000,95596.24000000,95000,0.11050228,0.13881279,0.24931507
2025-11-16 07:00:00,6350,6350,6350,6350,0.01,2025-11-16 09:00:00,63.5,1,1763251200000,1763258400000,95276.62000000,95000,0.11027397,0.13904110,0.24931507
2025-11-16 09:00:00,6350,6350,6350,6350,0,2025-11-16 11:00:00,0,0,1763258400000,1763265600000,95825.02000000,95000,0.11004566,0.13926941,0.24931507
2025-11-16 11:00:00,6350,6350,6350,6350,0,2025-11-16 13:00:00,0,0,1763265600000,1763272800000,95881.82000000,95000,0.10981735,0.13949772,0.24931507
2025-11-16 13:00:00,6350,6350,6350,6350,0,2025-11-16 15:00:00,0,0,1763272800000,1763280000000,96099.99000000,95000,0.10958904,0.13972603,0.24931507
2025-11-16 15:00:00,6350,6350,6350,6350,0,2025-11-16 17:00:00,0,0,1763280000000,1763287200000,96629.75000000,95000,0.10936073,0.13995434,0.24931507
2025-11-16 17:00:00,6350,6350,6350,6350,0,2025-11-16 19:00:00,0,0,1763287200000,1763294400000,95627.13000000,95000,0.10913242,0.14018265,0.24931507
2025-11-16 19:00:00,6350,6350,6350,6350,0,2025-11-16 21:00:00,0,0,1763294400000,1763301600000,95420.44000000,95000,0.10890411,0.14041096,0.24931507
2025-11-16 21:00:00,6350,6350,6350,6350,0,2025-11-16 23:00:00,0,0,1763301600000,1763308800000,94573.46000000,95000,0.10867580,0.14063927,0.24931507
2025-11-16 23:00:00,5835,5835,5835,5835,0.01,2025-11-17 01:00:00,58.35,1,1763308800000,1763316000000,94357.67000000,95000,0.10844749,0.14086758,0.24931507
2025-11-17 01:00:00,5780,5780,5720,5720,15.01,2025-11-17 03:00:00,86757.2,3,1763316000000,1763323200000,94020.00000000,95000,0.10821918,0.14109589,0.24931507
2025-11-17 03:00:00,5720,5720,5720,5720,0,2025-11-17 05:00:00,0,0,1763323200000,1763330400000,93505.22000000,95000,0.10799087,0.14132420,0.24931507
2025-11-17 05:00:00,5435,5435,5435,5435,0.02,2025-11-17 07:00:00,108.7,1,1763330400000,1763337600000,94261.44000000,95000,0.10776256,0.14155251,0.24931507
2025-11-17 07:00:00,5960,6065,5960,6065,0.14,2025-11-17 09:00:00,841,4,1763337600000,1763344800000,94768.02000000,95000,0.10753425,0.14178082,0.24931507
2025-11-17 09:00:00,6000,6285,6000,6285,0.19,2025-11-17 11:00:00,1182.75,2,1763344800000,1763352000000,95496.77000000,95000,0.10730594,0.14200913,0.24931507
2025-11-17 11:00:00,6115,6115,6115,6115,0.12,2025-11-17 13:00:00,733.8,1,1763352000000,1763359200000,95122.76000000,95000,0.10707763,0.14223744,0.24931507
2025-11-17 13:00:00,6115,6115,6115,6115,0,2025-11-17 15:00:00,0,0,1763359200000,1763366400000,95653.77000000,95000,0.10684932,0.14246575,0.24931507
2025-11-17 15:00:00,6395,6505,6365,6505,9.56,2025-11-17 17:00:00,61465.1,5,1763366400000,1763373600000,95656.21000000,95000,0.10662100,0.14269406,0.24931507
2025-11-17 17:00:00,6505,6505,6505,6505,0,2025-11-17 19:00:00,0,0,1763373600000,1763380800000,95565.38000000,95000,0.10639269,0.14292237,0.24931507
2025-11-17 19:00:00,6505,6505,6505,6505,0,2025-11-17 21:00:00,0,0,1763380800000,1763388000000,93959.79000000,95000,0.10616438,0.14315068,0.24931507
2025-11-17 21:00:00,5580,6305,5580,5830,1.03,2025-11-17 23:00:00,5987.15,6,1763388000000,1763395200000,93959.67000000,95000,0.10593607,0.14337900,0.24931507
2025-11-17 23:00:00,5350,5350,4985,4985,0.25,2025-11-18 01:00:00,1256.85,4,1763395200000,1763402400000,92767.49000000,95000,0.10570776,0.14360731,0.24931507
2025-11-18 01:00:00,5000,5055,4715,4715,1.83,2025-11-18 03:00:00,9048.65,6,1763402400000,1763409600000,91678.93000000,95000,0.10547945,0.14383562,0.24931507
2025-11-18 03:00:00,4715,4715,4715,4715,0,2025-11-18 05:00:00,0,0,1763409600000,1763416800000,91959.71000000,95000,0.10525114,0.14406393,0.24931507
2025-11-18 05:00:00,4715,4715,4715,4715,0,2025-11-18 07:00:00,0,0,1763416800000,1763424000000,92215.14000000,95000,0.10502283,0.14429224,0.24931507
2025-11-18 07:00:00,4595,4630,4470,4470,2.44,2025-11-18 09:00:00,11123.5,3,1763424000000,1763431200000,91714.29000000,95000,0.10479452,0.14452055,0.24931507
2025-11-18 09:00:00,4130,4130,3770,3770,0.58,2025-11-18 11:00:00,2331.25,4,1763431200000,1763438400000,90842.72000000,95000,0.10456621,0.14474886,0.24931507
2025-11-18 11:00:00,3645,3910,3645,3910,0.16,2025-11-18 13:00:00,597.75,3,1763438400000,1763445600000,90221.33000000,95000,0.10433790,0.14497717,0.24931507
2025-11-18 13:00:00,3780,3880,3690,3880,0.63,2025-11-18 15:00:00,2399.6,3,1763445600000,1763452800000,90512.10000000,95000,0.10410959,0.14520548,0.24931507
2025-11-18 15:00:00,3990,4235,3950,4180,0.45,2025-11-18 17:00:00,1822.75,4,1763452800000,1763460000000,91400.01000000,95000,0.10388128,0.14543379,0.24931507
2025-11-18 17:00:00,4315,4320,4290,4320,0.34,2025-11-18 19:00:00,1464.7,3,1763460000000,1763467200000,91517.82000000,95000,0.10365297,0.14566210,0.24931507
2025-11-18 19:00:00,4240,4240,4240,4240,0.1,2025-11-18 21:00:00,424,1,1763467200000,1763474400000,91476.56000000,95000,0.10342466,0.14589041,0.24931507
2025-11-18 21:00:00,4605,4905,4390,4900,2.55,2025-11-18 23:00:00,11369.5,6,1763474400000,1763481600000,92910.10000000,95000,0.10319635,0.14611872,0.24931507
2025-11-18 23:00:00,5060,5210,5060,5120,0.15,2025-11-19 01:00:00,768.3,3,1763481600000,1763488800000,93256.92000000,95000,0.10296804,0.14634703,0.24931507
2025-11-19 01:00:00,5235,5235,5020,5020,0.66,2025-11-19 03:00:00,3384.15,2,1763488800000,1763496000000,93195.61000000,95000,0.10273973,0.14657534,0.24931507
2025-11-19 03:00:00,4875,4875,4875,4875,0.1,2025-11-19 05:00:00,487.5,1,1763496000000,1763503200000,92491.59000000,95000,0.10251142,0.14680365,0.24931507
2025-11-19 05:00:00,4875,4875,4875,4875,0,2025-11-19 07:00:00,0,0,1763503200000,1763510400000,92960.83000000,95000,0.10228311,0.14703196,0.24931507
2025-11-19 07:00:00,4740,4740,4705,4705,0.17,2025-11-19 09:00:00,805.45,2,1763510400000,1763517600000,92439.99000000,95000,0.10205479,0.14726027,0.24931507
2025-11-19 09:00:00,4805,4805,4375,4375,0.61,2025-11-19 11:00:00,2754.75,2,1763517600000,1763524800000,91874.52000000,95000,0.10182648,0.14748858,0.24931507
2025-11-19 11:00:00,4355,4355,3780,3780,0.34,2025-11-19 13:00:00,1406.4,3,1763524800000,1763532000000,90459.99000000,95000,0.10159817,0.14771689,0.24931507
2025-11-19 13:00:00,4410,4410,4410,4410,0.01,2025-11-19 15:00:00,44.1,1,1763532000000,1763539200000,91863.64000000,95000,0.10136986,0.14794521,0.24931507
2025-11-19 15:00:00,4240,4240,4240,4240,0.1,2025-11-19 17:00:00,424,1,1763539200000,1763546400000,91513.72000000,95000,0.10114155,0.14817352,0.24931507
2025-11-19 17:00:00,4240,4240,4240,4240,0,2025-11-19 19:00:00,0,0,1763546400000,1763553600000,91410.22000000,95000,0.10091324,0.14840183,0.24931507
2025-11-19 19:00:00,4190,4190,4190,4190,0.42,2025-11-19 21:00:00,1759.8,1,1763553600000,1763560800000,91405.02000000,95000,0.10068493,0.14863014,0.24931507
2025-11-19 21:00:00,4555,4555,4555,4555,0.1,2025-11-19 23:00:00,455.5,1,1763560800000,1763568000000,89951.70000000,95000,0.10045662,0.14885845,0.24931507
2025-11-19 23:00:00,3560,3720,3560,3720,2.01,2025-11-20 01:00:00,7475.6,2,1763568000000,1763575200000,89500.01000000,95000,0.10022831,0.14908676,0.24931507
2025-11-20 01:00:00,3720,3720,3720,3720,0,2025-11-20 03:00:00,0,0,1763575200000,1763582400000,88884.56000000,95000,0.10000000,0.14931507,0.24931507
2025-11-20 03:00:00,3320,3440,3320,3440,5.01,2025-11-20 05:00:00,17233.2,6,1763582400000,1763589600000,90600.68000000,95000,0.09977169,0.14954338,0.24931507
2025-11-20 05:00:00,3440,3440,3440,3440,0,2025-11-20 07:00:00,0,0,1763589600000,1763596800000,91554.96000000,95000,0.09954338,0.14977169,0.24931507
2025-11-20 07:00:00,4295,4385,4295,4385,0.1,2025-11-20 09:00:00,433.1,2,1763596800000,1763604000000,92590.13000000,95000,0.09931507,0.15000000,0.24931507
2025-11-20 09:00:00,4630,4640,4630,4640,0.14,2025-11-20 11:00:00,649.2,2,1763604000000,1763611200000,92440.32000000,95000,0.09908676,0.15022831,0.24931507
2025-11-20 11:00:00,4665,4880,4665,4880,0.58,2025-11-20 13:00:00,2740.1,2,1763611200000,1763618400000,92616.20000000,95000,0.09885845,0.15045662,0.24931507
2025-11-20 13:00:00,4565,4565,4565,4565,0.11,2025-11-20 15:00:00,502.15,1,1763618400000,1763625600000,92320.18000000,95000,0.09863014,0.15068493,0.24931507
2025-11-20 15:00:00,4565,4565,4565,4565,0,2025-11-20 17:00:00,0,0,1763625600000,1763632800000,91950.00000000,95000,0.09840183,0.15091324,0.24931507
2025-11-20 17:00:00,4325,4325,4325,4325,0.05,2025-11-20 19:00:00,216.25,1,1763632800000,1763640000000,91934.00000000,95000,0.09817352,0.15114155,0.24931507
2025-11-20 19:00:00,4305,4305,4305,4305,0.65,2025-11-20 21:00:00,2798.25,1,1763640000000,1763647200000,91529.36000000,95000,0.09794521,0.15136986,0.24931507
2025-11-20 21:00:00,4305,4305,4305,4305,0,2025-11-20 23:00:00,0,0,1763647200000,1763654400000,89869.88000000,95000,0.09771689,0.15159817,0.24931507
2025-11-20 23:00:00,3225,3320,2585,2585,20.66,2025-11-21 01:00:00,54682.3,9,1763654400000,1763661600000,87233.81000000,95000,0.09748858,0.15182648,0.24931507
2025-11-21 01:00:00,2560,2560,2560,2560,0.02,2025-11-21 03:00:00,51.2,1,1763661600000,1763668800000,86921.28000000,95000,0.09726027,0.15205479,0.24931507
2025-11-21 03:00:00,2560,2560,2560,2560,0,2025-11-21 05:00:00,0,0,1763668800000,1763676000000,87282.60000000,95000,0.09703196,0.15228311,0.24931507
2025-11-21 05:00:00,2860,2860,2855,2855,0.06,2025-11-21 07:00:00,171.5,2,1763676000000,1763683200000,86637.23000000,95000,0.09680365,0.15251142,0.24931507
2025-11-21 07:00:00,2855,2855,2855,2855,0,2025-11-21 09:00:00,0,0,1763683200000,1763690400000,87049.86000000,95000,0.09657534,0.15273973,0.24931507
2025-11-21 09:00:00,2505,2505,2315,2350,1.52,2025-11-21 11:00:00,3675.55,6,1763690400000,1763697600000,85821.34000000,95000,0.09634703,0.15296804,0.24931507
2025-11-21 11:00:00,2310,2310,2310,2310,1.03,2025-11-21 13:00:00,2379.3,1,1763697600000,1763704800000,86195.08000000,95000,0.09611872,0.15319635,0.24931507
2025-11-21 13:00:00,2270,4520,2225,4520,0.08,2025-11-21 15:00:00,201.65,4,1763704800000,1763712000000,84049.39000000,95000,0.09589041,0.15342466,0.24931507
2025-11-21 15:00:00,2170,2170,1775,1790,6.12,2025-11-21 17:00:00,12638.1,9,1763712000000,1763719200000,82207.84000000,95000,0.09566210,0.15365297,0.24931507
2025-11-21 17:00:00,1840,1920,1840,1915,3.35,2025-11-21 19:00:00,6348.7,5,1763719200000,1763726400000,82309.66000000,95000,0.09543379,0.15388128,0.24931507
2025-11-21 19:00:00,1600,2100,1575,2075,4.5,2025-11-21 21:00:00,8869.55,9,1763726400000,1763733600000,84115.28000000,95000,0.09520548,0.15410959,0.24931507
2025-11-21 21:00:00,1995,2295,1755,1755,4.19,2025-11-21 23:00:00,8168.4,11,1763733600000,1763740800000,82932.47000000,95000,0.09497717,0.15433790,0.24931507
2025-11-21 23:00:00,2275,2280,2270,2280,1.47,2025-11-22 01:00:00,3345.9,3,1763740800000,1763748000000,84877.07000000,95000,0.09474886,0.15456621,0.24931507
2025-11-22 01:00:00,2210,2210,2065,2065,2.01,2025-11-22 03:00:00,4304.1,8,1763748000000,1763755200000,84209.30000000,95000,0.09452055,0.15479452,0.24931507
2025-11-22 03:00:00,2065,2065,2065,2065,0,2025-11-22 05:00:00,0,0,1763755200000,1763762400000,85182.14000000,95000,0.09429224,0.15502283,0.24931507
2025-11-22 05:00:00,2065,2065,2065,2065,0,2025-11-22 07:00:00,0,0,1763762400000,1763769600000,85129.43000000,95000,0.09406393,0.15525114,0.24931507
2025-11-22 07:00:00,2220,2220,2115,2115,0.44,2025-11-22 09:00:00,934.8,2,1763769600000,1763776800000,85174.28000000,95000,0.09383562,0.15547945,0.24931507
2025-11-22 09:00:00,2070,2070,2070,2070,1.25,2025-11-22 11:00:00,2587.5,1,1763776800000,1763784000000,84440.47000000,95000,0.09360731,0.15570776,0.24931507
2025-11-22 11:00:00,2070,2070,2070,2070,0,2025-11-22 13:00:00,0,0,1763784000000,1763791200000,84280.92000000,95000,0.09337900,0.15593607,0.24931507
2025-11-22 13:00:00,1965,1965,1965,1965,0.15,2025-11-22 15:00:00,294.75,1,1763791200000,1763798400000,84580.06000000,95000,0.09315068,0.15616438,0.24931507
2025-11-22 15:00:00,1965,1965,1965,1965,0,2025-11-22 17:00:00,0,0,1763798400000,1763805600000,83929.52000000,95000,0.09292237,0.15639269,0.24931507
2025-11-22 17:00:00,1760,1760,1760,1760,0.06,2025-11-22 19:00:00,105.6,1,1763805600000,1763812800000,84098.94000000,95000,0.09269406,0.15662100,0.24931507
2025-11-22 19:00:00,1760,1760,1760,1760,0,2025-11-22 21:00:00,0,0,1763812800000,1763820000000,83947.89000000,95000,0.09246575,0.15684932,0.24931507
2025-11-22 21:00:00,1760,1760,1760,1760,0,2025-11-22 23:00:00,0,0,1763820000000,1763827200000,84284.01000000,95000,0.09223744,0.15707763,0.24931507
2025-11-22 23:00:00,1760,1760,1760,1760,0,2025-11-23 01:00:00,0,0,1763827200000,1763834400000,84554.20000000,95000,0.09200913,0.15730594,0.24931507
2025-11-23 01:00:00,1760,1760,1760,1760,0,2025-11-23 03:00:00,0,0,1763834400000,1763841600000,84609.76000000,95000,0.09178082,0.15753425,0.24931507
2025-11-23 03:00:00,1760,1760,1760,1760,0,2025-11-23 05:00:00,0,0,1763841600000,1763848800000,84411.30000000,95000,0.09155251,0.15776256,0.24931507
2025-11-23 05:00:00,1760,1760,1760,1760,0,2025-11-23 07:00:00,0,0,1763848800000,1763856000000,84739.74000000,95000,0.09132420,0.15799087,0.24931507
2025-11-23 07:00:00,2185,2185,2185,2185,1,2025-11-23 09:00:00,2185,1,1763856000000,1763863200000,85879.83000000,95000,0.09109589,0.15821918,0.24931507
2025-11-23 09:00:00,2185,2185,2185,2185,0,2025-11-23 11:00:00,0,0,1763863200000,1763870400000,86308.54000000,95000,0.09086758,0.15844749,0.24931507
2025-11-23 11:00:00,2545,2545,2545,2545,0.02,2025-11-23 13:00:00,50.9,1,1763870400000,1763877600000,86358.28000000,95000,0.09063927,0.15867580,0.24931507
2025-11-23 13:00:00,2545,2545,2545,2545,0,2025-11-23 15:00:00,0,0,1763877600000,1763884800000,85782.19000000,95000,0.09041096,0.15890411,0.24931507
2025-11-23 15:00:00,2400,2400,2400,2400,0.01,2025-11-23 17:00:00,24,1,1763884800000,1763892000000,86393.02000000,95000,0.09018265,0.15913242,0.24931507
2025-11-23 17:00:00,2460,2460,2460,2460,0.1,2025-11-23 19:00:00,246,1,1763892000000,1763899200000,86331.28000000,95000,0.08995434,0.15936073,0.24931507
2025-11-23 19:00:00,2460,2460,2460,2460,0,2025-11-23 21:00:00,0,0,1763899200000,1763906400000,86928.31000000,95000,0.08972603,0.15958904,0.24931507
2025-11-23 21:00:00,2685,2710,2685,2710,0.05,2025-11-23 23:00:00,134.5,2,1763906400000,1763913600000,87087.44000000,95000,0.08949772,0.15981735,0.24931507
2025-11-23 23:00:00,2710,2710,2710,2710,0,2025-11-24 01:00:00,0,0,1763913600000,1763920800000,86746.51000000,95000,0.08926941,0.16004566,0.24931507
2025-11-24 01:00:00,2710,2710,2710,2710,0,2025-11-24 03:00:00,0,0,1763920800000,1763928000000,87325.01000000,95000,0.08904110,0.16027397,0.24931507
2025-11-24 03:00:00,2710,2710,2710,2710,0,2025-11-24 05:00:00,0,0,1763928000000,1763935200000,87992.02000000,95000,0.08881279,0.16050228,0.24931507
2025-11-24 05:00:00,2710,2710,2710,2710,0,2025-11-24 07:00:00,0,0,1763935200000,1763942400000,86830.00000000,95000,0.08858447,0.16073059,0.24931507
2025-11-24 07:00:00,2560,2580,2480,2480,3.38,2025-11-24 09:00:00,8607.05,7,1763942400000,1763949600000,87068.51000000,95000,0.08835616,0.16095890,0.24931507
2025-11-24 09:00:00,2695,2695,2695,2695,0.1,2025-11-24 11:00:00,269.5,1,1763949600000,1763956800000,87460.02000000,95000,0.08812785,0.16118721,0.24931507
2025-11-24 11:00:00,2400,2400,2400,2400,0.19,2025-11-24 13:00:00,456,2,1763956800000,1763964000000,87468.29000000,95000,0.08789954,0.16141553,0.24931507
2025-11-24 13:00:00,2400,2400,2400,2400,0,2025-11-24 15:00:00,0,0,1763964000000,1763971200000,87050.39000000,95000,0.08767123,0.16164384,0.24931507
2025-11-24 15:00:00,2400,2400,2400,2400,0,2025-11-24 17:00:00,0,0,1763971200000,1763978400000,85944.91000000,95000,0.08744292,0.16187215,0.24931507
2025-11-24 17:00:00,2400,2400,2400,2400,0,2025-11-24 19:00:00,0,0,1763978400000,1763985600000,86264.72000000,95000,0.08721461,0.16210046,0.24931507
2025-11-24 19:00:00,2245,2245,2245,2245,0.01,2025-11-24 21:00:00,22.45,1,1763985600000,1763992800000,86160.00000000,95000,0.08698630,0.16232877,0.24931507
2025-11-24 21:00:00,2305,2305,2225,2265,0.48,2025-11-24 23:00:00,1083.2,3,1763992800000,1764000000000,86616.44000000,95000,0.08675799,0.16255708,0.24931507
2025-11-24 23:00:00,2485,2485,2485,2485,0.01,2025-11-25 01:00:00,24.85,1,1764000000000,1764007200000,88369.91000000,95000,0.08652968,0.16278539,0.24931507
2025-11-25 01:00:00,2665,2665,2665,2665,0.35,2025-11-25 03:00:00,932.75,1,1764007200000,1764014400000,88327.29000000,95000,0.08630137,0.16301370,0.24931507
2025-11-25 03:00:00,2690,2880,2690,2845,5.67,2025-11-25 05:00:00,15487.3,10,1764014400000,1764021600000,88766.15000000,95000,0.08607306,0.16324201,0.24931507
2025-11-25 05:00:00,2845,2845,2845,2845,0,2025-11-25 07:00:00,0,0,1764021600000,1764028800000,88300.01000000,95000,0.08584475,0.16347032,0.24931507
2025-11-25 07:00:00,2525,2580,2525,2555,1.19,2025-11-25 09:00:00,3045.6,4,1764028800000,1764036000000,87732.83000000,95000,0.08561644,0.16369863,0.24931507
2025-11-25 09:00:00,2400,2420,2400,2420,0.31,2025-11-25 11:00:00,746,2,1764036000000,1764043200000,87822.12000000,95000,0.08538813,0.16392694,0.24931507
2025-11-25 11:00:00,2420,2420,2420,2420,0,2025-11-25 13:00:00,0,0,1764043200000,1764050400000,88120.82000000,95000,0.08515982,0.16415525,0.24931507
2025-11-25 13:00:00,2485,2485,2485,2485,4.14,2025-11-25 15:00:00,10287.9,2,1764050400000,1764057600000,87384.81000000,95000,0.08493151,0.16438356,0.24931507
2025-11-25 15:00:00,2135,2215,2135,2215,0.21,2025-11-25 17:00:00,462.75,3,1764057600000,1764064800000,87231.76000000,95000,0.08470320,0.16461187,0.24931507
2025-11-25 17:00:00,2300,2300,2300,2300,0.01,2025-11-25 19:00:00,23,1,1764064800000,1764072000000,87361.71000000,95000,0.08447489,0.16484018,0.24931507
2025-11-25 19:00:00,2385,2385,2385,2385,1.17,2025-11-25 21:00:00,2790.45,2,1764072000000,1764079200000,87083.01000000,95000,0.08424658,0.16506849,0.24931507
2025-11-25 21:00:00,2235,2235,2015,2055,1.23,2025-11-25 23:00:00,2588.85,4,1764079200000,1764086400000,86988.94000000,95000,0.08401826,0.16529680,0.24931507
2025-11-25 23:00:00,2170,2335,2170,2335,2.52,2025-11-26 01:00:00,5857.8,3,1764086400000,1764093600000,87625.89000000,95000,0.08378995,0.16552511,0.24931507
2025-11-26 01:00:00,2275,2275,1945,1945,1.18,2025-11-26 03:00:00,2301.7,2,1764093600000,1764100800000,86882.85000000,95000,0.08356164,0.16575342,0.24931507
2025-11-26 03:00:00,1945,1945,1945,1945,0,2025-11-26 05:00:00,0,0,1764100800000,1764108000000,87032.37000000,95000,0.08333333,0.16598174,0.24931507
2025-11-26 05:00:00,1945,1945,1945,1945,0,2025-11-26 07:00:00,0,0,1764108000000,1764115200000,87369.96000000,95000,0.08310502,0.16621005,0.24931507
2025-11-26 07:00:00,1945,1945,1945,1945,0,2025-11-26 09:00:00,0,0,1764115200000,1764122400000,87921.94000000,95000,0.08287671,0.16643836,0.24931507
2025-11-26 09:00:00,1945,1945,1945,1945,0,2025-11-26 11:00:00,0,0,1764122400000,1764129600000,87119.92000000,95000,0.08264840,0.16666667,0.24931507
2025-11-26 11:00:00,2020,2020,2020,2020,0.01,2025-11-26 13:00:00,20.2,1,1764129600000,1764136800000,87519.53000000,95000,0.08242009,0.16689498,0.24931507
2025-11-26 13:00:00,2020,2020,2020,2020,0,2025-11-26 15:00:00,0,0,1764136800000,1764144000000,87935.05000000,95000,0.08219178,0.16712329,0.24931507
2025-11-26 15:00:00,2020,2020,2020,2020,0,2025-11-26 17:00:00,0,0,1764144000000,1764151200000,86825.27000000,95000,0.08196347,0.16735160,0.24931507
2025-11-26 17:00:00,1925,1925,1925,1925,0.01,2025-11-26 19:00:00,19.25,1,1764151200000,1764158400000,87095.79000000,95000,0.08173516,0.16757991,0.24931507
2025-11-26 19:00:00,1880,1880,1880,1880,0.01,2025-11-26 21:00:00,18.8,1,1764158400000,1764165600000,87128.51000000,95000,0.08150685,0.16780822,0.24931507
2025-11-26 21:00:00,1945,1945,1945,1945,1.05,2025-11-26 23:00:00,2042.25,1,1764165600000,1764172800000,86978.00000000,95000,0.08127854,0.16803653,0.24931507
2025-11-26 23:00:00,2105,2380,2105,2380,1.21,2025-11-27 01:00:00,2877.05,2,1764172800000,1764180000000,89830.79000000,95000,0.08105023,0.16826484,0.24931507
2025-11-27 01:00:00,3080,3080,2910,2910,1.14,2025-11-27 03:00:00,3509.45,3,1764180000000,1764187200000,89957.36000000,95000,0.08082192,0.16849315,0.24931507
2025-11-27 03:00:00,2910,2910,2910,2910,0,2025-11-27 05:00:00,0,0,1764187200000,1764194400000,90195.99000000,95000,0.08059361,0.16872146,0.24931507
2025-11-27 05:00:00,3090,3090,3090,3090,0.99,2025-11-27 07:00:00,3059.1,2,1764194400000,1764201600000,90484.02000000,95000,0.08036530,0.16894977,0.24931507
2025-11-27 07:00:00,3090,3090,3090,3090,0,2025-11-27 09:00:00,0,0,1764201600000,1764208800000,91145.78000000,95000,0.08013699,0.16917808,0.24931507
2025-11-27 09:00:00,3275,3455,3275,3455,0.23,2025-11-27 11:00:00,756.95,3,1764208800000,1764216000000,91091.68000000,95000,0.07990868,0.16940639,0.24931507
2025-11-27 11:00:00,3455,3455,3455,3455,0,2025-11-27 13:00:00,0,0,1764216000000,1764223200000,90967.54000000,95000,0.07968037,0.16963470,0.24931507
2025-11-27 13:00:00,3395,3395,3395,3395,0.01,2025-11-27 15:00:00,33.95,1,1764223200000,1764230400000,91408.34000000,95000,0.07945205,0.16986301,0.24931507
2025-11-27 15:00:00,3500,3500,3500,3500,0.13,2025-11-27 17:00:00,455,1,1764230400000,1764237600000,91561.67000000,95000,0.07922374,0.17009132,0.24931507
2025-11-27 17:00:00,3450,3450,3450,3450,1.17,2025-11-27 19:00:00,4036.5,2,1764237600000,1764244800000,91371.88000000,95000,0.07899543,0.17031963,0.24931507
2025-11-27 19:00:00,3210,3210,3210,3210,0.74,2025-11-27 21:00:00,2375.4,1,1764244800000,1764252000000,90852.78000000,95000,0.07876712,0.17054795,0.24931507
2025-11-27 21:00:00,3065,3065,3065,3065,0.61,2025-11-27 23:00:00,1869.65,1,1764252000000,1764259200000,90958.30000000,95000,0.07853881,0.17077626,0.24931507
2025-11-27 23:00:00,3065,3065,3065,3065,0,2025-11-28 01:00:00,0,0,1764259200000,1764266400000,91479.30000000,95000,0.07831050,0.17100457,0.24931507
2025-11-28 01:00:00,3370,3370,3370,3370,2,2025-11-28 03:00:00,6740,2,1764266400000,1764273600000,91528.21000000,95000,0.07808219,0.17123288,0.24931507
2025-11-28 03:00:00,3370,3370,3370,3370,0,2025-11-28 05:00:00,0,0,1764273600000,1764280800000,91416.99000000,95000,0.07785388,0.17146119,0.24931507
2025-11-28 05:00:00,3270,3270,3270,3270,0.04,2025-11-28 07:00:00,130.8,1,1764280800000,1764288000000,91333.95000000,95000,0.07762557,0.17168950,0.24931507
2025-11-28 07:00:00,3270,3270,3270,3270,0,2025-11-28 09:00:00,0,0,1764288000000,1764295200000,90804.56000000,95000,0.07739726,0.17191781,0.24931507
2025-11-28 09:00:00,3015,3120,2980,3120,1.69,2025-11-28 11:00:00,5196.85,3,1764295200000,1764302400000,91208.85000000,95000,0.07716895,0.17214612,0.24931507
2025-11-28 11:00:00,3120,3120,3120,3120,0,2025-11-28 13:00:00,0,0,1764302400000,1764309600000,91612.09000000,95000,0.07694064,0.17237443,0.24931507
2025-11-28 13:00:00,3120,3120,3120,3120,0,2025-11-28 15:00:00,0,0,1764309600000,1764316800000,90910.87000000,95000,0.07671233,0.17260274,0.24931507
2025-11-28 15:00:00,3075,3075,3030,3030,1.09,2025-11-28 17:00:00,3333.75,2,1764316800000,1764324000000,91599.99000000,95000,0.07648402,0.17283105,0.24931507
2025-11-28 17:00:00,3255,3260,3255,3260,1,2025-11-28 19:00:00,3255.25,2,1764324000000,1764331200000,91437.64000000,95000,0.07625571,0.17305936,0.24931507
2025-11-28 19:00:00,3195,3365,3195,3365,2.25,2025-11-28 21:00:00,7358.75,2,1764331200000,1764338400000,92377.01000000,95000,0.07602740,0.17328767,0.24931507
2025-11-28 21:00:00,3545,3615,3470,3470,7.7,2025-11-28 23:00:00,27268.65,8,1764338400000,1764345600000,92362.49000000,95000,0.07579909,0.17351598,0.24931507
2025-11-28 23:00:00,3335,3340,2610,2610,2.45,2025-11-29 01:00:00,7387.15,7,1764345600000,1764352800000,90663.98000000,95000,0.07557078,0.17374429,0.24931507
2025-11-29 01:00:00,2725,2725,2725,2725,0.15,2025-11-29 03:00:00,408.75,2,1764352800000,1764360000000,91157.44000000,95000,0.07534247,0.17397260,0.24931507
2025-11-29 03:00:00,2725,2725,2725,2725,0,2025-11-29 05:00:00,0,0,1764360000000,1764367200000,90888.01000000,95000,0.07511416,0.17420091,0.24931507
2025-11-29 05:00:00,2725,2725,2725,2725,0,2025-11-29 07:00:00,0,0,1764367200000,1764374400000,90890.70000000,95000,0.07488584,0.17442922,0.24931507
2025-11-29 07:00:00,2850,2860,2850,2860,0.09,2025-11-29 09:00:00,256.9,2,1764374400000,1764381600000,90881.20000000,95000,0.07465753,0.17465753,0.24931507
2025-11-29 09:00:00,2860,2860,2860,2860,0,2025-11-29 11:00:00,0,0,1764381600000,1764388800000,90680.26000000,95000,0.07442922,0.17488584,0.24931507
2025-11-29 11:00:00,2880,2880,2880,2880,1,2025-11-29 13:00:00,2880,1,1764388800000,1764396000000,90747.16000000,95000,0.07420091,0.17511416,0.24931507
2025-11-29 13:00:00,2720,2720,2720,2720,0.01,2025-11-29 15:00:00,27.2,1,1764396000000,1764403200000,90567.67000000,95000,0.07397260,0.17534247,0.24931507
2025-11-29 15:00:00,2720,2720,2720,2720,0,2025-11-29 17:00:00,0,0,1764403200000,1764410400000,90560.08000000,95000,0.07374429,0.17557078,0.24931507
2025-11-29 17:00:00,2720,2720,2720,2720,0,2025-11-29 19:00:00,0,0,1764410400000,1764417600000,90673.19000000,95000,0.07351598,0.17579909,0.24931507
2025-11-29 19:00:00,2720,2720,2720,2720,0,2025-11-29 21:00:00,0,0,1764417600000,1764424800000,90783.17000000,95000,0.07328767,0.17602740,0.24931507
2025-11-29 21:00:00,2720,2720,2720,2720,0,2025-11-29 23:00:00,0,0,1764424800000,1764432000000,91063.50000000,95000,0.07305936,0.17625571,0.24931507
2025-11-29 23:00:00,2745,2745,2745,2745,0.02,2025-11-30 01:00:00,54.9,1,1764432000000,1764439200000,90421.21000000,95000,0.07283105,0.17648402,0.24931507
2025-11-30 01:00:00,2745,2745,2745,2745,0,2025-11-30 03:00:00,0,0,1764439200000,1764446400000,90640.78000000,95000,0.07260274,0.17671233,0.24931507
2025-11-30 03:00:00,2745,2745,2745,2745,0,2025-11-30 05:00:00,0,0,1764446400000,1764453600000,91008.68000000,95000,0.07237443,0.17694064,0.24931507
2025-11-30 05:00:00,2740,2740,2740,2740,0.01,2025-11-30 07:00:00,27.4,1,1764453600000,1764460800000,90802.44000000,95000,0.07214612,0.17716895,0.24931507
2025-11-30 07:00:00,2800,2800,2800,2800,1,2025-11-30 09:00:00,2800,1,1764460800000,1764468000000,90913.31000000,95000,0.07191781,0.17739726,0.24931507
2025-11-30 09:00:00,2685,2685,2685,2685,2.96,2025-11-30 11:00:00,7947.6,2,1764468000000,1764475200000,90909.35000000,95000,0.07168950,0.17762557,0.24931507
2025-11-30 11:00:00,2685,2685,2685,2685,0,2025-11-30 13:00:00,0,0,1764475200000,1764482400000,90783.75000000,95000,0.07146119,0.17785388,0.24931507
2025-11-30 13:00:00,2810,2810,2810,2810,0.04,2025-11-30 15:00:00,112.4,1,1764482400000,1764489600000,90968.16000000,95000,0.07123288,0.17808219,0.24931507
2025-11-30 15:00:00,2900,2900,2900,2900,0.08,2025-11-30 17:00:00,232,1,1764489600000,1764496800000,91413.07000000,95000,0.07100457,0.17831050,0.24931507
2025-11-30 17:00:00,2955,2955,2955,2955,0.01,2025-11-30 19:00:00,29.55,1,1764496800000,1764504000000,91048.78000000,95000,0.07077626,0.17853881,0.24931507
2025-11-30 19:00:00,2955,2955,2955,2955,0,2025-11-30 21:00:00,0,0,1764504000000,1764511200000,91769.99000000,95000,0.07054795,0.17876712,0.24931507
2025-11-30 21:00:00,2955,2955,2955,2955,0,2025-11-30 23:00:00,0,0,1764511200000,1764518400000,91435.31000000,95000,0.07031963,0.17899543,0.24931507
2025-11-30 23:00:00,3040,3040,3040,3040,0.01,2025-12-01 01:00:00,30.4,1,1764518400000,1764525600000,91488.19000000,95000,0.07009132,0.17922374,0.24931507
2025-12-01 01:00:00,3040,3040,3040,3040,0,2025-12-01 03:00:00,0,0,1764525600000,1764532800000,91460.79000000,95000,0.06986301,0.17945205,0.24931507
2025-12-01 03:00:00,3040,3040,3040,3040,0,2025-12-01 05:00:00,0,0,1764532800000,1764540000000,91174.22000000,95000,0.06963470,0.17968037,0.24931507
2025-12-01 05:00:00,3040,3040,3040,3040,0,2025-12-01 07:00:00,0,0,1764540000000,1764547200000,90360.00000000,95000,0.06940639,0.17990868,0.24931507
2025-12-01 07:00:00,2230,2230,1800,1800,1.09,2025-12-01 09:00:00,2413.75,4,1764547200000,1764554400000,87168.91000000,95000,0.06917808,0.18013699,0.24931507
2025-12-01 09:00:00,1630,1630,1555,1560,6.22,2025-12-01 11:00:00,9771.35,6,1764554400000,1764561600000,86346.13000000,95000,0.06894977,0.18036530,0.24931507
2025-12-01 11:00:00,1360,1360,1360,1360,2.83,2025-12-01 13:00:00,3848.8,1,1764561600000,1764568800000,86001.08000000,95000,0.06872146,0.18059361,0.24931507
2025-12-01 13:00:00,1365,1370,1330,1370,4.21,2025-12-01 15:00:00,5709.6,3,1764568800000,1764576000000,86550.30000000,95000,0.06849315,0.18082192,0.24931507
2025-12-01 15:00:00,1380,1455,1380,1430,3.85,2025-12-01 17:00:00,5532.05,4,1764576000000,1764583200000,86704.86000000,95000,0.06826484,0.18105023,0.24931507
2025-12-01 17:00:00,1415,1415,1395,1395,2.12,2025-12-01 19:00:00,2977.4,2,1764583200000,1764590400000,86149.15000000,95000,0.06803653,0.18127854,0.24931507
2025-12-01 19:00:00,1335,1390,1300,1390,13.86,2025-12-01 21:00:00,18921.4,10,1764590400000,1764597600000,85986.85000000,95000,0.06780822,0.18150685,0.24931507
2025-12-01 21:00:00,1400,1415,1090,1175,6.91,2025-12-01 23:00:00,7879,9,1764597600000,1764604800000,84677.87000000,95000,0.06757991,0.18173516,0.24931507
2025-12-01 23:00:00,1130,1250,1130,1250,4.56,2025-12-02 01:00:00,5468.4,6,1764604800000,1764612000000,84920.30000000,95000,0.06735160,0.18196347,0.24931507
2025-12-02 01:00:00,1165,1180,1165,1170,4.61,2025-12-02 03:00:00,5400.15,4,1764612000000,1764619200000,85024.50000000,95000,0.06712329,0.18219178,0.24931507
2025-12-02 03:00:00,1495,1585,1495,1555,4.52,2025-12-02 05:00:00,6943.6,4,1764619200000,1764626400000,86436.65000000,95000,0.06689498,0.18242009,0.24931507
2025-12-02 05:00:00,1605,1610,1565,1565,8.32,2025-12-02 07:00:00,13224.95,7,1764626400000,1764633600000,86286.01000000,95000,0.06666667,0.18264840,0.24931507
2025-12-02 07:00:00,1665,1665,1585,1585,1.01,2025-12-02 09:00:00,1680.85,2,1764633600000,1764640800000,86454.93000000,95000,0.06643836,0.18287671,0.24931507
2025-12-02 09:00:00,1585,1585,1585,1585,0,2025-12-02 11:00:00,0,0,1764640800000,1764648000000,86976.99000000,95000,0.06621005,0.18310502,0.24931507
2025-12-02 11:00:00,1505,1505,1440,1470,3.02,2025-12-02 13:00:00,4449.25,5,1764648000000,1764655200000,87008.20000000,95000,0.06598174,0.18333333,0.24931507
2025-12-02 13:00:00,1470,1470,1470,1470,0,2025-12-02 15:00:00,0,0,1764655200000,1764662400000,87012.65000000,95000,0.06575342,0.18356164,0.24931507
2025-12-02 15:00:00,1375,1410,1375,1410,0.24,2025-12-02 17:00:00,331.05,2,1764662400000,1764669600000,86769.87000000,95000,0.06552511,0.18378995,0.24931507
2025-12-02 17:00:00,1410,1410,1410,1410,0,2025-12-02 19:00:00,0,0,1764669600000,1764676800000,87368.92000000,95000,0.06529680,0.18401826,0.24931507
2025-12-02 19:00:00,1540,1540,1540,1540,1.27,2025-12-02 21:00:00,1955.8,1,1764676800000,1764684000000,87731.41000000,95000,0.06506849,0.18424658,0.24931507
2025-12-02 21:00:00,1665,2730,1665,2730,7.86,2025-12-02 23:00:00,17460.6,19,1764684000000,1764691200000,90850.01000000,95000,0.06484018,0.18447489,0.24931507
2025-12-02 23:00:00,2775,3050,2735,3050,1.43,2025-12-03 01:00:00,4094.9,6,1764691200000,1764698400000,91458.40000000,95000,0.06461187,0.18470320,0.24931507
2025-12-03 01:00:00,3045,3175,3045,3115,5.4,2025-12-03 03:00:00,16822.05,7,1764698400000,1764705600000,91903.39000000,95000,0.06438356,0.18493151,0.24931507
2025-12-03 03:00:00,3130,3130,2770,2770,4.36,2025-12-03 05:00:00,12574,3,1764705600000,1764712800000,91562.43000000,95000,0.06415525,0.18515982,0.24931507
2025-12-03 05:00:00,3070,3135,3070,3135,2.73,2025-12-03 07:00:00,8433.15,3,1764712800000,1764720000000,91277.88000000,95000,0.06392694,0.18538813,0.24931507
2025-12-03 07:00:00,2985,3165,2985,3165,2.12,2025-12-03 09:00:00,6334,5,1764720000000,1764727200000,92251.63000000,95000,0.06369863,0.18561644,0.24931507
2025-12-03 09:00:00,3180,3400,3180,3380,10.04,2025-12-03 11:00:00,33460.9,8,1764727200000,1764734400000,92628.91000000,95000,0.06347032,0.18584475,0.24931507
2025-12-03 11:00:00,3405,3760,3405,3760,0.54,2025-12-03 13:00:00,1892.65,5,1764734400000,1764741600000,93642.92000000,95000,0.06324201,0.18607306,0.24931507
2025-12-03 13:00:00,3780,3830,3465,3465,0.84,2025-12-03 15:00:00,3172.55,3,1764741600000,1764748800000,92999.99000000,95000,0.06301370,0.18630137,0.24931507
2025-12-03 15:00:00,3465,3465,3465,3465,0,2025-12-03 17:00:00,0,0,1764748800000,1764756000000,93178.46000000,95000,0.06278539,0.18652968,0.24931507
2025-12-03 17:00:00,3575,3575,3430,3430,1.07,2025-12-03 19:00:00,3822.35,3,1764756000000,1764763200000,93005.68000000,95000,0.06255708,0.18675799,0.24931507
2025-12-03 19:00:00,3575,3575,3575,3575,1,2025-12-03 21:00:00,3575,1,1764763200000,1764770400000,93130.88000000,95000,0.06232877,0.18698630,0.24931507
2025-12-03 21:00:00,3130,3240,3130,3240,2.53,2025-12-03 23:00:00,8066.4,3,1764770400000,1764777600000,92373.30000000,95000,0.06210046,0.18721461,0.24931507
2025-12-03 23:00:00,2970,3105,2970,3105,1.48,2025-12-04 01:00:00,4428,2,1764777600000,1764784800000,92956.22000000,95000,0.06187215,0.18744292,0.24931507
2025-12-04 01:00:00,3200,3300,3200,3300,2.64,2025-12-04 03:00:00,8481.1,4,1764784800000,1764792000000,93024.99000000,95000,0.06164384,0.18767123,0.24931507
2025-12-04 03:00:00,3500,3520,3500,3520,3.03,2025-12-04 05:00:00,10625.7,3,1764792000000,1764799200000,93700.00000000,95000,0.06141553,0.18789954,0.24931507
2025-12-04 05:00:00,3585,3585,3585,3585,0.12,2025-12-04 07:00:00,430.2,1,1764799200000,1764806400000,93429.95000000,95000,0.06118721,0.18812785,0.24931507
2025-12-04 07:00:00,3535,3535,3535,3535,0.63,2025-12-04 09:00:00,2227.05,1,1764806400000,1764813600000,93195.07000000,95000,0.06095890,0.18835616,0.24931507
2025-12-04 09:00:00,3710,3780,3660,3660,5.74,2025-12-04 11:00:00,21307.05,6,1764813600000,1764820800000,93543.04000000,95000,0.06073059,0.18858447,0.24931507
2025-12-04 11:00:00,3565,3565,3225,3225,1.15,2025-12-04 13:00:00,3843.75,4,1764820800000,1764828000000,92979.25000000,95000,0.06050228,0.18881279,0.24931507
2025-12-04 13:00:00,3335,3390,3335,3390,0.9,2025-12-04 15:00:00,3044.95,2,1764828000000,1764835200000,93397.67000000,95000,0.06027397,0.18904110,0.24931507
2025-12-04 15:00:00,3335,3495,3335,3495,0.07,2025-12-04 17:00:00,235.05,2,1764835200000,1764842400000,93454.70000000,95000,0.06004566,0.18926941,0.24931507
2025-12-04 17:00:00,3495,3495,3495,3495,0,2025-12-04 19:00:00,0,0,1764842400000,1764849600000,92948.31000000,95000,0.05981735,0.18949772,0.24931507
2025-12-04 19:00:00,3215,3215,3030,3075,2.17,2025-12-04 21:00:00,6838.45,3,1764849600000,1764856800000,92516.38000000,95000,0.05958904,0.18972603,0.24931507
2025-12-04 21:00:00,2825,2825,2775,2775,3.6,2025-12-04 23:00:00,10125.25,4,1764856800000,1764864000000,92971.49000000,95000,0.05936073,0.18995434,0.24931507
2025-12-04 23:00:00,2860,2860,2725,2725,1.76,2025-12-05 01:00:00,4902.65,2,1764864000000,1764871200000,92426.76000000,95000,0.05913242,0.19018265,0.24931507
2025-12-05 01:00:00,2710,2710,2630,2630,1.98,2025-12-05 03:00:00,5253,3,1764871200000,1764878400000,91975.44000000,95000,0.05890411,0.19041096,0.24931507
2025-12-05 03:00:00,2760,2780,2760,2770,2.37,2025-12-05 05:00:00,6565.9,3,1764878400000,1764885600000,92158.23000000,95000,0.05867580,0.19063927,0.24931507
2025-12-05 05:00:00,2770,2770,2770,2770,0,2025-12-05 07:00:00,0,0,1764885600000,1764892800000,92078.06000000,95000,0.05844749,0.19086758,0.24931507
2025-12-05 07:00:00,2770,2770,2770,2770,0,2025-12-05 09:00:00,0,0,1764892800000,1764900000000,92358.03000000,95000,0.05821918,0.19109589,0.24931507
2025-12-05 09:00:00,2810,2810,2810,2810,1.63,2025-12-05 11:00:00,4580.3,1,1764900000000,1764907200000,92142.75000000,95000,0.05799087,0.19132420,0.24931507
2025-12-05 11:00:00,2810,2810,2810,2810,0,2025-12-05 13:00:00,0,0,1764907200000,1764914400000,91932.85000000,95000,0.05776256,0.19155251,0.24931507
2025-12-05 13:00:00,2810,2810,2810,2810,0,2025-12-05 15:00:00,0,0,1764914400000,1764921600000,92215.30000000,95000,0.05753425,0.19178082,0.24931507
