open_time,open,high,low,close,volume,close_time,amount,trade_count,open_time_unix_ms,close_time_unix_ms,btc_close_price,strike_price_K,time_to_maturity_t2m,current_time_t,contract_duration_T
2025-11-16 05:00:00,4375,4375,4375,4375,0,2025-11-16 05:30:00,0,0,1763244000000,1763245800000,95612.50000000,100000,0.11067352,0.13864155,0.24931507
2025-11-16 05:30:00,4210,4210,4210,4210,0.21,2025-11-16 06:00:00,884.1,1,1763245800000,1763247600000,95619.62000000,100000,0.11061644,0.13869863,0.24931507
2025-11-16 06:00:00,4210,4210,4210,4210,0,2025-11-16 06:30:00,0,0,1763247600000,1763249400000,95635.72000000,100000,0.11055936,0.13875571,0.24931507
2025-11-16 06:30:00,4210,4210,4210,4210,0,2025-11-16 07:00:00,0,0,1763249400000,1763251200000,95596.24000000,100000,0.11050228,0.13881279,0.24931507
2025-11-16 07:00:00,4210,4210,4210,4210,0,2025-11-16 07:30:00,0,0,1763251200000,1763253000000,95268.08000000,100000,0.11044521,0.13886986,0.24931507
2025-11-16 07:30:00,4210,4210,4210,4210,0,2025-11-16 08:00:00,0,0,1763253000000,1763254800000,95362.00000000,100000,0.11038813,0.13892694,0.24931507
2025-11-16 08:00:00,4210,4210,4210,4210,0,2025-11-16 08:30:00,0,0,1763254800000,1763256600000,95450.01000000,100000,0.11033105,0.13898402,0.24931507
2025-11-16 08:30:00,4210,4210,4210,4210,0,2025-11-16 09:00:00,0,0,1763256600000,1763258400000,95276.62000000,100000,0.11027397,0.13904110,0.24931507
2025-11-16 09:00:00,4210,4210,4210,4210,0,2025-11-16 09:30:00,0,0,1763258400000,1763260200000,95660.45000000,100000,0.11021689,0.13909817,0.24931507
2025-11-16 09:30:00,4210,4210,4210,4210,0,2025-11-16 10:00:00,0,0,1763260200000,1763262000000,95963.88000000,100000,0.11015982,0.13915525,0.24931507
2025-11-16 10:00:00,4210,4210,4210,4210,0,2025-11-16 10:30:00,0,0,1763262000000,1763263800000,95814.90000000,100000,0.11010274,0.13921233,0.24931507
2025-11-16 10:30:00,4210,4210,4210,4210,0,2025-11-16 11:00:00,0,0,1763263800000,1763265600000,95825.02000000,100000,0.11004566,0.13926941,0.24931507
2025-11-16 11:00:00,4210,4210,4210,4210,0,2025-11-16 11:30:00,0,0,1763265600000,1763267400000,95835.76000000,100000,0.10998858,0.13932648,0.24931507
2025-11-16 11:30:00,4210,4210,4210,4210,0,2025-11-16 12:00:00,0,0,1763267400000,1763269200000,95821.79000000,100000,0.10993151,0.13938356,0.24931507
2025-11-16 12:00:00,4210,4210,4210,4210,0,2025-11-16 12:30:00,0,0,1763269200000,1763271000000,95966.37000000,100000,0.10987443,0.13944064,0.24931507
2025-11-16 12:30:00,4210,4210,4210,4210,0,2025-11-16 13:00:00,0,0,1763271000000,1763272800000,95881.82000000,100000,0.10981735,0.13949772,0.24931507
2025-11-16 13:00:00,4210,4210,4210,4210,0,2025-11-16 13:30:00,0,0,1763272800000,1763274600000,95978.88000000,100000,0.10976027,0.13955479,0.24931507
2025-11-16 13:30:00,4210,4210,4210,4210,0,2025-11-16 14:00:00,0,0,1763274600000,1763276400000,95813.53000000,100000,0.10970320,0.13961187,0.24931507
2025-11-16 14:00:00,4285,4285,4285,4285,0.09,2025-11-16 14:30:00,385.65,1,1763276400000,1763278200000,95820.75000000,100000,0.10964612,0.13966895,0.24931507
2025-11-16 14:30:00,4285,4285,4285,4285,0,2025-11-16 15:00:00,0,0,1763278200000,1763280000000,96099.99000000,100000,0.10958904,0.13972603,0.24931507
2025-11-16 15:00:00,4285,4285,4285,4285,0,2025-11-16 15:30:00,0,0,1763280000000,1763281800000,95869.42000000,100000,0.10953196,0.13978311,0.24931507
2025-11-16 15:30:00,4285,4285,4285,4285,0,2025-11-16 16:00:00,0,0,1763281800000,1763283600000,96116.94000000,100000,0.10947489,0.13984018,0.24931507
2025-11-16 16:00:00,4285,4285,4285,4285,0,2025-11-16 16:30:00,0,0,1763283600000,1763285400000,96107.63000000,100000,0.10941781,0.13989726,0.24931507
2025-11-16 16:30:00,4465,4465,4465,4465,0.01,2025-11-16 17:00:00,44.65,1,1763285400000,1763287200000,96629.75000000,100000,0.10936073,0.13995434,0.24931507
2025-11-16 17:00:00,4465,4465,4465,4465,0,2025-11-16 17:30:00,0,0,1763287200000,1763289000000,96481.27000000,100000,0.10930365,0.14001142,0.24931507
2025-11-16 17:30:00,4465,4465,4465,4465,0,2025-11-16 18:00:00,0,0,1763289000000,1763290800000,96444.71000000,100000,0.10924658,0.14006849,0.24931507
2025-11-16 18:00:00,4465,4465,4465,4465,0,2025-11-16 18:30:00,0,0,1763290800000,1763292600000,95608.64000000,100000,0.10918950,0.14012557,0.24931507
2025-11-16 18:30:00,4465,4465,4465,4465,0,2025-11-16 19:00:00,0,0,1763292600000,1763294400000,95627.13000000,100000,0.10913242,0.14018265,0.24931507
2025-11-16 19:00:00,4465,4465,4465,4465,0,2025-11-16 19:30:00,0,0,1763294400000,1763296200000,95815.85000000,100000,0.10907534,0.14023973,0.24931507
2025-11-16 19:30:00,4290,4290,4290,4290,0.1,2025-11-16 20:00:00,429,1,1763296200000,1763298000000,95743.90000000,100000,0.10901826,0.14029680,0.24931507
2025-11-16 20:00:00,4290,4290,4290,4290,0,2025-11-16 20:30:00,0,0,1763298000000,1763299800000,95390.01000000,100000,0.10896119,0.14035388,0.24931507
2025-11-16 20:30:00,4290,4290,4290,4290,0,2025-11-16 21:00:00,0,0,1763299800000,1763301600000,95420.44000000,100000,0.10890411,0.14041096,0.24931507
2025-11-16 21:00:00,4290,4290,4290,4290,0,2025-11-16 21:30:00,0,0,1763301600000,1763303400000,95408.02000000,100000,0.10884703,0.14046804,0.24931507
2025-11-16 21:30:00,4200,4200,4200,4200,0.05,2025-11-16 22:00:00,210,1,1763303400000,1763305200000,95531.13000000,100000,0.10878995,0.14052511,0.24931507
2025-11-16 22:00:00,4200,4200,4200,4200,0,2025-11-16 22:30:00,0,0,1763305200000,1763307000000,95428.70000000,100000,0.10873288,0.14058219,0.24931507
2025-11-16 22:30:00,4200,4200,4200,4200,0,2025-11-16 23:00:00,0,0,1763307000000,1763308800000,94573.46000000,100000,0.10867580,0.14063927,0.24931507
2025-11-16 23:00:00,4200,4200,4200,4200,0,2025-11-16 23:30:00,0,0,1763308800000,1763310600000,94304.42000000,100000,0.10861872,0.14069635,0.24931507
2025-11-16 23:30:00,4200,4200,4200,4200,0,2025-11-17 00:00:00,0,0,1763310600000,1763312400000,94224.47000000,100000,0.10856164,0.14075342,0.24931507
2025-11-17 00:00:00,4200,4200,4200,4200,0,2025-11-17 00:30:00,0,0,1763312400000,1763314200000,94397.09000000,100000,0.10850457,0.14081050,0.24931507
2025-11-17 00:30:00,4200,4200,4200,4200,0,2025-11-17 01:00:00,0,0,1763314200000,1763316000000,94357.67000000,100000,0.10844749,0.14086758,0.24931507
2025-11-17 01:00:00,4200,4200,4200,4200,0,2025-11-17 01:30:00,0,0,1763316000000,1763317800000,94828.12000000,100000,0.10839041,0.14092466,0.24931507
2025-11-17 01:30:00,3660,3660,3660,3660,0.01,2025-11-17 02:00:00,36.6,1,1763317800000,1763319600000,94049.64000000,100000,0.10833333,0.14098174,0.24931507
2025-11-17 02:00:00,3660,3660,3660,3660,0,2025-11-17 02:30:00,0,0,1763319600000,1763321400000,94399.04000000,100000,0.10827626,0.14103881,0.24931507
2025-11-17 02:30:00,3735,3735,3735,3735,0.42,2025-11-17 03:00:00,1568.7,1,1763321400000,1763323200000,94020.00000000,100000,0.10821918,0.14109589,0.24931507
2025-11-17 03:00:00,3735,3735,3735,3735,0,2025-11-17 03:30:00,0,0,1763323200000,1763325000000,94618.51000000,100000,0.10816210,0.14115297,0.24931507
2025-11-17 03:30:00,3735,3735,3735,3735,0,2025-11-17 04:00:00,0,0,1763325000000,1763326800000,94090.00000000,100000,0.10810502,0.14121005,0.24931507
2025-11-17 04:00:00,3735,3735,3735,3735,0,2025-11-17 04:30:00,0,0,1763326800000,1763328600000,93677.44000000,100000,0.10804795,0.14126712,0.24931507
2025-11-17 04:30:00,3735,3735,3735,3735,0,2025-11-17 05:00:00,0,0,1763328600000,1763330400000,93505.22000000,100000,0.10799087,0.14132420,0.24931507
2025-11-17 05:00:00,3430,3430,3430,3430,0.01,2025-11-17 05:30:00,34.3,1,1763330400000,1763332200000,93670.28000000,100000,0.10793379,0.14138128,0.24931507
2025-11-17 05:30:00,3430,3430,3430,3430,0,2025-11-17 06:00:00,0,0,1763332200000,1763334000000,94183.36000000,100000,0.10787671,0.14143836,0.24931507
2025-11-17 06:00:00,3430,3430,3430,3430,0,2025-11-17 06:30:00,0,0,1763334000000,1763335800000,94242.02000000,100000,0.10781963,0.14149543,0.24931507
2025-11-17 06:30:00,3430,3430,3430,3430,0,2025-11-17 07:00:00,0,0,1763335800000,1763337600000,94261.44000000,100000,0.10776256,0.14155251,0.24931507
2025-11-17 07:00:00,3430,3430,3430,3430,0,2025-11-17 07:30:00,0,0,1763337600000,1763339400000,94723.65000000,100000,0.10770548,0.14160959,0.24931507
2025-11-17 07:30:00,3870,3870,3870,3870,1,2025-11-17 08:00:00,3870,1,1763339400000,1763341200000,95290.01000000,100000,0.10764840,0.14166667,0.24931507
2025-11-17 08:00:00,3870,3870,3870,3870,0,2025-11-17 08:30:00,0,0,1763341200000,1763343000000,95147.59000000,100000,0.10759132,0.14172374,0.24931507
2025-11-17 08:30:00,3870,3870,3870,3870,0,2025-11-17 09:00:00,0,0,1763343000000,1763344800000,94768.02000000,100000,0.10753425,0.14178082,0.24931507
2025-11-17 09:00:00,3870,3870,3870,3870,0,2025-11-17 09:30:00,0,0,1763344800000,1763346600000,95159.71000000,100000,0.10747717,0.14183790,0.24931507
2025-11-17 09:30:00,3870,3870,3870,3870,0,2025-11-17 10:00:00,0,0,1763346600000,1763348400000,94976.18000000,100000,0.10742009,0.14189498,0.24931507
2025-11-17 10:00:00,3870,3870,3870,3870,0,2025-11-17 10:30:00,0,0,1763348400000,1763350200000,95433.01000000,100000,0.10736301,0.14195205,0.24931507
2025-11-17 10:30:00,3870,3870,3870,3870,0,2025-11-17 11:00:00,0,0,1763350200000,1763352000000,95496.77000000,100000,0.10730594,0.14200913,0.24931507
2025-11-17 11:00:00,3870,3870,3870,3870,0,2025-11-17 11:30:00,0,0,1763352000000,1763353800000,95411.96000000,100000,0.10724886,0.14206621,0.24931507
2025-11-17 11:30:00,3870,3870,3870,3870,0,2025-11-17 12:00:00,0,0,1763353800000,1763355600000,95096.74000000,100000,0.10719178,0.14212329,0.24931507
2025-11-17 12:00:00,3870,3870,3870,3870,0,2025-11-17 12:30:00,0,0,1763355600000,1763357400000,95151.90000000,100000,0.10713470,0.14218037,0.24931507
2025-11-17 12:30:00,3870,3870,3870,3870,0,2025-11-17 13:00:00,0,0,1763357400000,1763359200000,95122.76000000,100000,0.10707763,0.14223744,0.24931507
2025-11-17 13:00:00,3870,3870,3870,3870,0,2025-11-17 13:30:00,0,0,1763359200000,1763361000000,95070.75000000,100000,0.10702055,0.14229452,0.24931507
2025-11-17 13:30:00,3870,3870,3870,3870,0,2025-11-17 14:00:00,0,0,1763361000000,1763362800000,95282.36000000,100000,0.10696347,0.14235160,0.24931507
2025-11-17 14:00:00,3870,3870,3870,3870,0,2025-11-17 14:30:00,0,0,1763362800000,1763364600000,95449.40000000,100000,0.10690639,0.14240868,0.24931507
2025-11-17 14:30:00,3870,3870,3870,3870,0,2025-11-17 15:00:00,0,0,1763364600000,1763366400000,95653.77000000,100000,0.10684932,0.14246575,0.24931507
2025-11-17 15:00:00,3870,3870,3870,3870,0,2025-11-17 15:30:00,0,0,1763366400000,1763368200000,95846.83000000,100000,0.10679224,0.14252283,0.24931507
2025-11-17 15:30:00,3870,3870,3870,3870,0,2025-11-17 16:00:00,0,0,1763368200000,1763370000000,95619.06000000,100000,0.10673516,0.14257991,0.24931507
2025-11-17 16:00:00,3870,3870,3870,3870,0,2025-11-17 16:30:00,0,0,1763370000000,1763371800000,95726.56000000,100000,0.10667808,0.14263699,0.24931507
2025-11-17 16:30:00,3870,3870,3870,3870,0,2025-11-17 17:00:00,0,0,1763371800000,1763373600000,95656.21000000,100000,0.10662100,0.14269406,0.24931507
2025-11-17 17:00:00,3870,3870,3870,3870,0,2025-11-17 17:30:00,0,0,1763373600000,1763375400000,95635.72000000,100000,0.10656393,0.14275114,0.24931507
2025-11-17 17:30:00,3870,3870,3870,3870,0,2025-11-17 18:00:00,0,0,1763375400000,1763377200000,95651.70000000,100000,0.10650685,0.14280822,0.24931507
2025-11-17 18:00:00,3870,3870,3870,3870,0,2025-11-17 18:30:00,0,0,1763377200000,1763379000000,95716.21000000,100000,0.10644977,0.14286530,0.24931507
2025-11-17 18:30:00,3870,3870,3870,3870,0,2025-11-17 19:00:00,0,0,1763379000000,1763380800000,95565.38000000,100000,0.10639269,0.14292237,0.24931507
2025-11-17 19:00:00,3870,3870,3870,3870,0,2025-11-17 19:30:00,0,0,1763380800000,1763382600000,95459.99000000,100000,0.10633562,0.14297945,0.24931507
2025-11-17 19:30:00,3870,3870,3870,3870,0,2025-11-17 20:00:00,0,0,1763382600000,1763384400000,95312.23000000,100000,0.10627854,0.14303653,0.24931507
2025-11-17 20:00:00,3870,3870,3870,3870,0,2025-11-17 20:30:00,0,0,1763384400000,1763386200000,94571.88000000,100000,0.10622146,0.14309361,0.24931507
2025-11-17 20:30:00,3500,3500,3500,3500,2.05,2025-11-17 21:00:00,7175,4,1763386200000,1763388000000,93959.79000000,100000,0.10616438,0.14315068,0.24931507
2025-11-17 21:00:00,3555,3555,3555,3555,0.14,2025-11-17 21:30:00,497.7,1,1763388000000,1763389800000,94155.06000000,100000,0.10610731,0.14320776,0.24931507
2025-11-17 21:30:00,3545,4000,3545,4000,0.16,2025-11-17 22:00:00,571.75,2,1763389800000,1763391600000,94769.32000000,100000,0.10605023,0.14326484,0.24931507
2025-11-17 22:00:00,4000,4000,4000,4000,0,2025-11-17 22:30:00,0,0,1763391600000,1763393400000,94530.71000000,100000,0.10599315,0.14332192,0.24931507
2025-11-17 22:30:00,4000,4000,4000,4000,0,2025-11-17 23:00:00,0,0,1763393400000,1763395200000,93959.67000000,100000,0.10593607,0.14337900,0.24931507
2025-11-17 23:00:00,3350,3350,3350,3350,0.69,2025-11-17 23:30:00,2311.5,1,1763395200000,1763397000000,93480.29000000,100000,0.10587900,0.14343607,0.24931507
2025-11-17 23:30:00,3350,3350,3350,3350,0,2025-11-18 00:00:00,0,0,1763397000000,1763398800000,94306.00000000,100000,0.10582192,0.14349315,0.24931507
2025-11-18 00:00:00,3350,3350,3350,3350,0,2025-11-18 00:30:00,0,0,1763398800000,1763400600000,93532.63000000,100000,0.10576484,0.14355023,0.24931507
2025-11-18 00:30:00,3350,3350,3350,3350,0,2025-11-18 01:00:00,0,0,1763400600000,1763402400000,92767.49000000,100000,0.10570776,0.14360731,0.24931507
2025-11-18 01:00:00,3095,3095,3095,3095,0.02,2025-11-18 01:30:00,61.9,2,1763402400000,1763404200000,92462.98000000,100000,0.10565068,0.14366438,0.24931507
2025-11-18 01:30:00,3095,3095,3095,3095,0,2025-11-18 02:00:00,0,0,1763404200000,1763406000000,92549.01000000,100000,0.10559361,0.14372146,0.24931507
2025-11-18 02:00:00,3095,3095,3095,3095,0,2025-11-18 02:30:00,0,0,1763406000000,1763407800000,92280.35000000,100000,0.10553653,0.14377854,0.24931507
2025-11-18 02:30:00,3095,3095,3095,3095,0,2025-11-18 03:00:00,0,0,1763407800000,1763409600000,91678.93000000,100000,0.10547945,0.14383562,0.24931507
2025-11-18 03:00:00,2715,2875,2715,2875,7.14,2025-11-18 03:30:00,19982.2,6,1763409600000,1763411400000,91767.28000000,100000,0.10542237,0.14389269,0.24931507
2025-11-18 03:30:00,2760,2760,2750,2755,4.15,2025-11-18 04:00:00,11429.6,3,1763411400000,1763413200000,91920.59000000,100000,0.10536530,0.14394977,0.24931507
2025-11-18 04:00:00,2890,2890,2890,2890,0.01,2025-11-18 04:30:00,28.9,1,1763413200000,1763415000000,91783.31000000,100000,0.10530822,0.14400685,0.24931507
2025-11-18 04:30:00,2890,2890,2890,2890,0,2025-11-18 05:00:00,0,0,1763415000000,1763416800000,91959.71000000,100000,0.10525114,0.14406393,0.24931507
2025-11-18 05:00:00,2890,2890,2890,2890,0,2025-11-18 05:30:00,0,0,1763416800000,1763418600000,92172.75000000,100000,0.10519406,0.14412100,0.24931507
2025-11-18 05:30:00,2890,2890,2890,2890,0,2025-11-18 06:00:00,0,0,1763418600000,1763420400000,92247.63000000,100000,0.10513699,0.14417808,0.24931507
2025-11-18 06:00:00,2875,2875,2875,2875,0.07,2025-11-18 06:30:00,201.25,1,1763420400000,1763422200000,91884.37000000,100000,0.10507991,0.14423516,0.24931507
2025-11-18 06:30:00,2875,2875,2875,2875,0,2025-11-18 07:00:00,0,0,1763422200000,1763424000000,92215.14000000,100000,0.10502283,0.14429224,0.24931507
2025-11-18 07:00:00,2875,2875,2875,2875,0,2025-11-18 07:30:00,0,0,1763424000000,1763425800000,92029.83000000,100000,0.10496575,0.14434932,0.24931507
2025-11-18 07:30:00,2875,2875,2875,2875,0,2025-11-18 08:00:00,0,0,1763425800000,1763427600000,92169.86000000,100000,0.10490868,0.14440639,0.24931507
2025-11-18 08:00:00,2875,2875,2875,2875,0,2025-11-18 08:30:00,0,0,1763427600000,1763429400000,91798.86000000,100000,0.10485160,0.14446347,0.24931507
2025-11-18 08:30:00,2720,2720,2720,2720,0.1,2025-11-18 09:00:00,272,1,1763429400000,1763431200000,91714.29000000,100000,0.10479452,0.14452055,0.24931507
2025-11-18 09:00:00,2720,2720,2720,2720,0,2025-11-18 09:30:00,0,0,1763431200000,1763433000000,91670.89000000,100000,0.10473744,0.14457763,0.24931507
2025-11-18 09:30:00,2740,2740,2500,2500,1.11,2025-11-18 10:00:00,3017.15,4,1763433000000,1763434800000,90866.01000000,100000,0.10468037,0.14463470,0.24931507
2025-11-18 10:00:00,2320,2320,2300,2300,4.5,2025-11-18 10:30:00,10430,2,1763434800000,1763436600000,90027.77000000,100000,0.10462329,0.14469178,0.24931507
2025-11-18 10:30:00,2300,2550,2300,2550,3.37,2025-11-18 11:00:00,8411,8,1763436600000,1763438400000,90842.72000000,100000,0.10456621,0.14474886,0.24931507
2025-11-18 11:00:00,2375,2380,2275,2275,7.97,2025-11-18 11:30:00,18859,7,1763438400000,1763440200000,89924.85000000,100000,0.10450913,0.14480594,0.24931507
2025-11-18 11:30:00,2180,2180,2180,2180,0.03,2025-11-18 12:00:00,65.4,1,1763440200000,1763442000000,90081.90000000,100000,0.10445205,0.14486301,0.24931507
2025-11-18 12:00:00,2285,2320,2285,2320,0.89,2025-11-18 12:30:00,2047.3,4,1763442000000,1763443800000,90193.68000000,100000,0.10439498,0.14492009,0.24931507
2025-11-18 12:30:00,2265,2265,2265,2265,0.01,2025-11-18 13:00:00,22.65,1,1763443800000,1763445600000,90221.33000000,100000,0.10433790,0.14497717,0.24931507
2025-11-18 13:00:00,2265,2265,2265,2265,0,2025-11-18 13:30:00,0,0,1763445600000,1763447400000,90066.39000000,100000,0.10428082,0.14503425,0.24931507
2025-11-18 13:30:00,2265,2265,2265,2265,0,2025-11-18 14:00:00,0,0,1763447400000,1763449200000,89651.30000000,100000,0.10422374,0.14509132,0.24931507
2025-11-18 14:00:00,2265,2265,2265,2265,0,2025-11-18 14:30:00,0,0,1763449200000,1763451000000,90155.29000000,100000,0.10416667,0.14514840,0.24931507
2025-11-18 14:30:00,2265,2265,2265,2265,0,2025-11-18 15:00:00,0,0,1763451000000,1763452800000,90512.10000000,100000,0.10410959,0.14520548,0.24931507
2025-11-18 15:00:00,2400,2400,2400,2400,0.01,2025-11-18 15:30:00,24,1,1763452800000,1763454600000,90842.01000000,100000,0.10405251,0.14526256,0.24931507
2025-11-18 15:30:00,2530,2530,2530,2530,0.05,2025-11-18 16:00:00,126.5,1,1763454600000,1763456400000,91220.00000000,100000,0.10399543,0.14531963,0.24931507
2025-11-18 16:00:00,2600,2600,2490,2490,0.1,2025-11-18 16:30:00,255.4,3,1763456400000,1763458200000,90934.00000000,100000,0.10393836,0.14537671,0.24931507
2025-11-18 16:30:00,2510,2515,2510,2515,0.1,2025-11-18 17:00:00,251.25,2,1763458200000,1763460000000,91400.01000000,100000,0.10388128,0.14543379,0.24931507
2025-11-18 17:00:00,2515,2515,2515,2515,0,2025-11-18 17:30:00,0,0,1763460000000,1763461800000,91340.79000000,100000,0.10382420,0.14549087,0.24931507
2025-11-18 17:30:00,2515,2515,2515,2515,0,2025-11-18 18:00:00,0,0,1763461800000,1763463600000,91585.02000000,100000,0.10376712,0.14554795,0.24931507
2025-11-18 18:00:00,2565,2565,2565,2565,0.98,2025-11-18 18:30:00,2513.7,1,1763463600000,1763465400000,91468.65000000,100000,0.10371005,0.14560502,0.24931507
2025-11-18 18:30:00,2565,2565,2565,2565,0,2025-11-18 19:00:00,0,0,1763465400000,1763467200000,91517.82000000,100000,0.10365297,0.14566210,0.24931507
2025-11-18 19:00:00,2650,2650,2650,2650,0.02,2025-11-18 19:30:00,53,1,1763467200000,1763469000000,91222.71000000,100000,0.10359589,0.14571918,0.24931507
2025-11-18 19:30:00,2655,2655,2655,2655,0.01,2025-11-18 20:00:00,26.55,1,1763469000000,1763470800000,91518.54000000,100000,0.10353881,0.14577626,0.24931507
2025-11-18 20:00:00,2655,2655,2655,2655,0,2025-11-18 20:30:00,0,0,1763470800000,1763472600000,91288.58000000,100000,0.10348174,0.14583333,0.24931507
2025-11-18 20:30:00,2655,2655,2655,2655,0,2025-11-18 21:00:00,0,0,1763472600000,1763474400000,91476.56000000,100000,0.10342466,0.14589041,0.24931507
2025-11-18 21:00:00,2625,2625,2625,2625,1.25,2025-11-18 21:30:00,3281.25,1,1763474400000,1763476200000,91785.82000000,100000,0.10336758,0.14594749,0.24931507
2025-11-18 21:30:00,2650,2650,2650,2650,1.45,2025-11-18 22:00:00,3842.5,1,1763476200000,1763478000000,91359.29000000,100000,0.10331050,0.14600457,0.24931507
2025-11-18 22:00:00,2835,2970,2835,2970,9.25,2025-11-18 22:30:00,27174,5,1763478000000,1763479800000,92801.62000000,100000,0.10325342,0.14606164,0.24931507
2025-11-18 22:30:00,2970,2970,2970,2970,0,2025-11-18 23:00:00,0,0,1763479800000,1763481600000,92910.10000000,100000,0.10319635,0.14611872,0.24931507
2025-11-18 23:00:00,3145,3290,3145,3290,0.14,2025-11-18 23:30:00,450.45,2,1763481600000,1763483400000,93733.14000000,100000,0.10313927,0.14617580,0.24931507
2025-11-18 23:30:00,3290,3290,3290,3290,0,2025-11-19 00:00:00,0,0,1763483400000,1763485200000,93499.16000000,100000,0.10308219,0.14623288,0.24931507
2025-11-19 00:00:00,3290,3290,3290,3290,0,2025-11-19 00:30:00,0,0,1763485200000,1763487000000,92963.58000000,100000,0.10302511,0.14628995,0.24931507
2025-11-19 00:30:00,3290,3290,3290,3290,0,2025-11-19 01:00:00,0,0,1763487000000,1763488800000,93256.92000000,100000,0.10296804,0.14634703,0.24931507
2025-11-19 01:00:00,3280,3280,3280,3280,0.15,2025-11-19 01:30:00,492,1,1763488800000,1763490600000,93231.99000000,100000,0.10291096,0.14640411,0.24931507
2025-11-19 01:30:00,3280,3280,3280,3280,0,2025-11-19 02:00:00,0,0,1763490600000,1763492400000,93331.08000000,100000,0.10285388,0.14646119,0.24931507
2025-11-19 02:00:00,3280,3280,3280,3280,0,2025-11-19 02:30:00,0,0,1763492400000,1763494200000,93442.74000000,100000,0.10279680,0.14651826,0.24931507
2025-11-19 02:30:00,3280,3280,3280,3280,0,2025-11-19 03:00:00,0,0,1763494200000,1763496000000,93195.61000000,100000,0.10273973,0.14657534,0.24931507
2025-11-19 03:00:00,3280,3280,3280,3280,0,2025-11-19 03:30:00,0,0,1763496000000,1763497800000,93133.23000000,100000,0.10268265,0.14663242,0.24931507
2025-11-19 03:30:00,3280,3280,3280,3280,0,2025-11-19 04:00:00,0,0,1763497800000,1763499600000,92783.36000000,100000,0.10262557,0.14668950,0.24931507
2025-11-19 04:00:00,3280,3280,3280,3280,0,2025-11-19 04:30:00,0,0,1763499600000,1763501400000,92940.66000000,100000,0.10256849,0.14674658,0.24931507
2025-11-19 04:30:00,3280,3280,3280,3280,0,2025-11-19 05:00:00,0,0,1763501400000,1763503200000,92491.59000000,100000,0.10251142,0.14680365,0.24931507
2025-11-19 05:00:00,3280,3280,3280,3280,0,2025-11-19 05:30:00,0,0,1763503200000,1763505000000,93246.88000000,100000,0.10245434,0.14686073,0.24931507
2025-11-19 05:30:00,3280,3280,3280,3280,0,2025-11-19 06:00:00,0,0,1763505000000,1763506800000,93160.00000000,100000,0.10239726,0.14691781,0.24931507
2025-11-19 06:00:00,3280,3280,3280,3280,0,2025-11-19 06:30:00,0,0,1763506800000,1763508600000,92829.95000000,100000,0.10234018,0.14697489,0.24931507
2025-11-19 06:30:00,3280,3280,3280,3280,0,2025-11-19 07:00:00,0,0,1763508600000,1763510400000,92960.83000000,100000,0.10228311,0.14703196,0.24931507
2025-11-19 07:00:00,3280,3280,3280,3280,0,2025-11-19 07:30:00,0,0,1763510400000,1763512200000,92301.53000000,100000,0.10222603,0.14708904,0.24931507
2025-11-19 07:30:00,3280,3280,3280,3280,0,2025-11-19 08:00:00,0,0,1763512200000,1763514000000,92416.51000000,100000,0.10216895,0.14714612,0.24931507
2025-11-19 08:00:00,3280,3280,3280,3280,0,2025-11-19 08:30:00,0,0,1763514000000,1763515800000,92431.00000000,100000,0.10211187,0.14720320,0.24931507
2025-11-19 08:30:00,3280,3280,3280,3280,0,2025-11-19 09:00:00,0,0,1763515800000,1763517600000,92439.99000000,100000,0.10205479,0.14726027,0.24931507
2025-11-19 09:00:00,3280,3280,3280,3280,0,2025-11-19 09:30:00,0,0,1763517600000,1763519400000,92612.33000000,100000,0.10199772,0.14731735,0.24931507
2025-11-19 09:30:00,3280,3280,3280,3280,0,2025-11-19 10:00:00,0,0,1763519400000,1763521200000,92569.12000000,100000,0.10194064,0.14737443,0.24931507
2025-11-19 10:00:00,3280,3280,3280,3280,0,2025-11-19 10:30:00,0,0,1763521200000,1763523000000,92299.90000000,100000,0.10188356,0.14743151,0.24931507
2025-11-19 10:30:00,3280,3280,3280,3280,0,2025-11-19 11:00:00,0,0,1763523000000,1763524800000,91874.52000000,100000,0.10182648,0.14748858,0.24931507
2025-11-19 11:00:00,2700,2700,2700,2700,0.01,2025-11-19 11:30:00,27,1,1763524800000,1763526600000,91694.96000000,100000,0.10176941,0.14754566,0.24931507
2025-11-19 11:30:00,2700,2700,2700,2700,0,2025-11-19 12:00:00,0,0,1763526600000,1763528400000,91163.20000000,100000,0.10171233,0.14760274,0.24931507
2025-11-19 12:00:00,2700,2700,2700,2700,0,2025-11-19 12:30:00,0,0,1763528400000,1763530200000,90840.55000000,100000,0.10165525,0.14765982,0.24931507
2025-11-19 12:30:00,2700,2700,2700,2700,0,2025-11-19 13:00:00,0,0,1763530200000,1763532000000,90459.99000000,100000,0.10159817,0.14771689,0.24931507
2025-11-19 13:00:00,2700,2700,2700,2700,0,2025-11-19 13:30:00,0,0,1763532000000,1763533800000,90815.99000000,100000,0.10154110,0.14777397,0.24931507
2025-11-19 13:30:00,2700,2700,2700,2700,0,2025-11-19 14:00:00,0,0,1763533800000,1763535600000,90990.87000000,100000,0.10148402,0.14783105,0.24931507
2025-11-19 14:00:00,2700,2700,2700,2700,0,2025-11-19 14:30:00,0,0,1763535600000,1763537400000,91270.65000000,100000,0.10142694,0.14788813,0.24931507
2025-11-19 14:30:00,2700,2700,2700,2700,0,2025-11-19 15:00:00,0,0,1763537400000,1763539200000,91863.64000000,100000,0.10136986,0.14794521,0.24931507
2025-11-19 15:00:00,2700,2700,2700,2700,0,2025-11-19 15:30:00,0,0,1763539200000,1763541000000,91923.78000000,100000,0.10131279,0.14800228,0.24931507
2025-11-19 15:30:00,2700,2700,2700,2700,0,2025-11-19 16:00:00,0,0,1763541000000,1763542800000,91470.44000000,100000,0.10125571,0.14805936,0.24931507
2025-11-19 16:00:00,2700,2700,2700,2700,0,2025-11-19 16:30:00,0,0,1763542800000,1763544600000,91292.81000000,100000,0.10119863,0.14811644,0.24931507
2025-11-19 16:30:00,2595,2595,2595,2595,0.01,2025-11-19 17:00:00,25.95,1,1763544600000,1763546400000,91513.72000000,100000,0.10114155,0.14817352,0.24931507
2025-11-19 17:00:00,2595,2595,2595,2595,0,2025-11-19 17:30:00,0,0,1763546400000,1763548200000,91500.01000000,100000,0.10108447,0.14823059,0.24931507
2025-11-19 17:30:00,2595,2595,2595,2595,0,2025-11-19 18:00:00,0,0,1763548200000,1763550000000,91314.75000000,100000,0.10102740,0.14828767,0.24931507
2025-11-19 18:00:00,2595,2595,2595,2595,0,2025-11-19 18:30:00,0,0,1763550000000,1763551800000,91550.40000000,100000,0.10097032,0.14834475,0.24931507
2025-11-19 18:30:00,2595,2595,2595,2595,0,2025-11-19 19:00:00,0,0,1763551800000,1763553600000,91410.22000000,100000,0.10091324,0.14840183,0.24931507
2025-11-19 19:00:00,2595,2595,2595,2595,0,2025-11-19 19:30:00,0,0,1763553600000,1763555400000,91362.84000000,100000,0.10085616,0.14845890,0.24931507
2025-11-19 19:30:00,2595,2595,2595,2595,0,2025-11-19 20:00:00,0,0,1763555400000,1763557200000,91780.00000000,100000,0.10079909,0.14851598,0.24931507
2025-11-19 20:00:00,2595,2595,2595,2595,0,2025-11-19 20:30:00,0,0,1763557200000,1763559000000,91789.75000000,100000,0.10074201,0.14857306,0.24931507
2025-11-19 20:30:00,2595,2595,2595,2595,0,2025-11-19 21:00:00,0,0,1763559000000,1763560800000,91405.02000000,100000,0.10068493,0.14863014,0.24931507
2025-11-19 21:00:00,2595,2595,2595,2595,0,2025-11-19 21:30:00,0,0,1763560800000,1763562600000,91121.93000000,100000,0.10062785,0.14868721,0.24931507
2025-11-19 21:30:00,2595,2595,2595,2595,0,2025-11-19 22:00:00,0,0,1763562600000,1763564400000,91713.44000000,100000,0.10057078,0.14874429,0.24931507
2025-11-19 22:00:00,2670,2795,2670,2795,5.5,2025-11-19 22:30:00,15087.5,5,1763564400000,1763566200000,91235.13000000,100000,0.10051370,0.14880137,0.24931507
2025-11-19 22:30:00,2230,2230,2230,2230,1,2025-11-19 23:00:00,2230,1,1763566200000,1763568000000,89951.70000000,100000,0.10045662,0.14885845,0.24931507
2025-11-19 23:00:00,2230,2230,2230,2230,0,2025-11-19 23:30:00,0,0,1763568000000,1763569800000,89696.37000000,100000,0.10039954,0.14891553,0.24931507
2025-11-19 23:30:00,2185,2250,2185,2250,2.13,2025-11-20 00:00:00,4716.45,2,1763569800000,1763571600000,89905.78000000,100000,0.10034247,0.14897260,0.24931507
2025-11-20 00:00:00,2275,2275,2195,2195,1.91,2025-11-20 00:30:00,4269.25,2,1763571600000,1763573400000,89527.70000000,100000,0.10028539,0.14902968,0.24931507
2025-11-20 00:30:00,2165,2165,2110,2110,1.84,2025-11-20 01:00:00,3937.4,2,1763573400000,1763575200000,89500.01000000,100000,0.10022831,0.14908676,0.24931507
2025-11-20 01:00:00,2110,2110,2110,2110,0,2025-11-20 01:30:00,0,0,1763575200000,1763577000000,89068.26000000,100000,0.10017123,0.14914384,0.24931507
2025-11-20 01:30:00,2110,2110,2110,2110,0,2025-11-20 02:00:00,0,0,1763577000000,1763578800000,89237.83000000,100000,0.10011416,0.14920091,0.24931507
2025-11-20 02:00:00,2065,2065,2065,2065,0.01,2025-11-20 02:30:00,20.65,1,1763578800000,1763580600000,88954.20000000,100000,0.10005708,0.14925799,0.24931507
2025-11-20 02:30:00,2060,2060,2060,2060,0.78,2025-11-20 03:00:00,1606.8,1,1763580600000,1763582400000,88884.56000000,100000,0.10000000,0.14931507,0.24931507
2025-11-20 03:00:00,2015,2015,2015,2015,0.01,2025-11-20 03:30:00,20.15,1,1763582400000,1763584200000,89396.23000000,100000,0.09994292,0.14937215,0.24931507
2025-11-20 03:30:00,2015,2015,2015,2015,0,2025-11-20 04:00:00,0,0,1763584200000,1763586000000,89516.91000000,100000,0.09988584,0.14942922,0.24931507
2025-11-20 04:00:00,2015,2015,2015,2015,0,2025-11-20 04:30:00,0,0,1763586000000,1763587800000,90118.00000000,100000,0.09982877,0.14948630,0.24931507
2025-11-20 04:30:00,2375,2375,2360,2360,1.71,2025-11-20 05:00:00,4048.35,2,1763587800000,1763589600000,90600.68000000,100000,0.09977169,0.14954338,0.24931507
2025-11-20 05:00:00,2360,2360,2360,2360,0,2025-11-20 05:30:00,0,0,1763589600000,1763591400000,90594.86000000,100000,0.09971461,0.14960046,0.24931507
2025-11-20 05:30:00,2360,2360,2360,2360,0.4,2025-11-20 06:00:00,944,1,1763591400000,1763593200000,90480.56000000,100000,0.09965753,0.14965753,0.24931507
2025-11-20 06:00:00,2530,2530,2530,2530,1.23,2025-11-20 06:30:00,3111.9,1,1763593200000,1763595000000,91391.08000000,100000,0.09960046,0.14971461,0.24931507
2025-11-20 06:30:00,2530,2530,2530,2530,0,2025-11-20 07:00:00,0,0,1763595000000,1763596800000,91554.96000000,100000,0.09954338,0.14977169,0.24931507
2025-11-20 07:00:00,2545,2545,2545,2545,0.03,2025-11-20 07:30:00,76.35,1,1763596800000,1763598600000,91855.18000000,100000,0.09948630,0.14982877,0.24931507
2025-11-20 07:30:00,2545,2545,2545,2545,0,2025-11-20 08:00:00,0,0,1763598600000,1763600400000,91891.32000000,100000,0.09942922,0.14988584,0.24931507
2025-11-20 08:00:00,2800,2835,2775,2835,6,2025-11-20 08:30:00,16804,4,1763600400000,1763602200000,92227.82000000,100000,0.09937215,0.14994292,0.24931507
2025-11-20 08:30:00,2900,2910,2900,2910,3.2,2025-11-20 09:00:00,9297.5,3,1763602200000,1763604000000,92590.13000000,100000,0.09931507,0.15000000,0.24931507
2025-11-20 09:00:00,2910,2910,2910,2910,0,2025-11-20 09:30:00,0,0,1763604000000,1763605800000,92497.47000000,100000,0.09925799,0.15005708,0.24931507
2025-11-20 09:30:00,2910,2910,2910,2910,0,2025-11-20 10:00:00,0,0,1763605800000,1763607600000,92592.84000000,100000,0.09920091,0.15011416,0.24931507
2025-11-20 10:00:00,2845,2845,2845,2845,0.1,2025-11-20 10:30:00,284.5,1,1763607600000,1763609400000,92380.55000000,100000,0.09914384,0.15017123,0.24931507
2025-11-20 10:30:00,2845,2845,2845,2845,0,2025-11-20 11:00:00,0,0,1763609400000,1763611200000,92440.32000000,100000,0.09908676,0.15022831,0.24931507
2025-11-20 11:00:00,2795,2795,2795,2795,1.84,2025-11-20 11:30:00,5142.8,1,1763611200000,1763613000000,92289.91000000,100000,0.09902968,0.15028539,0.24931507
2025-11-20 11:30:00,2795,2795,2795,2795,0,2025-11-20 12:00:00,0,0,1763613000000,1763614800000,92962.83000000,100000,0.09897260,0.15034247,0.24931507
2025-11-20 12:00:00,2985,3015,2985,3015,1.25,2025-11-20 12:30:00,3739.05,2,1763614800000,1763616600000,92679.34000000,100000,0.09891553,0.15039954,0.24931507
2025-11-20 12:30:00,3015,3015,3015,3015,0,2025-11-20 13:00:00,0,0,1763616600000,1763618400000,92616.20000000,100000,0.09885845,0.15045662,0.24931507
2025-11-20 13:00:00,3015,3015,3015,3015,0,2025-11-20 13:30:00,0,0,1763618400000,1763620200000,92447.19000000,100000,0.09880137,0.15051370,0.24931507
2025-11-20 13:30:00,3015,3015,3015,3015,0,2025-11-20 14:00:00,0,0,1763620200000,1763622000000,91974.70000000,100000,0.09874429,0.15057078,0.24931507
2025-11-20 14:00:00,3015,3015,3015,3015,0,2025-11-20 14:30:00,0,0,1763622000000,1763623800000,91936.44000000,100000,0.09868721,0.15062785,0.24931507
2025-11-20 14:30:00,3015,3015,3015,3015,0,2025-11-20 15:00:00,0,0,1763623800000,1763625600000,92320.18000000,100000,0.09863014,0.15068493,0.24931507
2025-11-20 15:00:00,3015,3015,3015,3015,0,2025-11-20 15:30:00,0,0,1763625600000,1763627400000,92278.79000000,100000,0.09857306,0.15074201,0.24931507
2025-11-20 15:30:00,2725,2725,2725,2725,0.01,2025-11-20 16:00:00,27.25,1,1763627400000,1763629200000,92128.22000000,100000,0.09851598,0.15079909,0.24931507
2025-11-20 16:00:00,2725,2725,2725,2725,0,2025-11-20 16:30:00,0,0,1763629200000,1763631000000,91819.28000000,100000,0.09845890,0.15085616,0.24931507
2025-11-20 16:30:00,2725,2725,2725,2725,0,2025-11-20 17:00:00,0,0,1763631000000,1763632800000,91950.00000000,100000,0.09840183,0.15091324,0.24931507
2025-11-20 17:00:00,2725,2725,2725,2725,0,2025-11-20 17:30:00,0,0,1763632800000,1763634600000,91973.05000000,100000,0.09834475,0.15097032,0.24931507
2025-11-20 17:30:00,2725,2725,2725,2725,0,2025-11-20 18:00:00,0,0,1763634600000,1763636400000,91801.39000000,100000,0.09828767,0.15102740,0.24931507
2025-11-20 18:00:00,2725,2725,2725,2725,0,2025-11-20 18:30:00,0,0,1763636400000,1763638200000,91564.79000000,100000,0.09823059,0.15108447,0.24931507
2025-11-20 18:30:00,2585,2585,2585,2585,0.01,2025-11-20 19:00:00,25.85,1,1763638200000,1763640000000,91934.00000000,100000,0.09817352,0.15114155,0.24931507
2025-11-20 19:00:00,2585,2585,2585,2585,0,2025-11-20 19:30:00,0,0,1763640000000,1763641800000,91733.65000000,100000,0.09811644,0.15119863,0.24931507
2025-11-20 19:30:00,2585,2585,2585,2585,0,2025-11-20 20:00:00,0,0,1763641800000,1763643600000,91839.25000000,100000,0.09805936,0.15125571,0.24931507
2025-11-20 20:00:00,2585,2585,2585,2585,0,2025-11-20 20:30:00,0,0,1763643600000,1763645400000,91917.97000000,100000,0.09800228,0.15131279,0.24931507
2025-11-20 20:30:00,2585,2585,2585,2585,0,2025-11-20 21:00:00,0,0,1763645400000,1763647200000,91529.36000000,100000,0.09794521,0.15136986,0.24931507
2025-11-20 21:00:00,2585,2585,2585,2585,0,2025-11-20 21:30:00,0,0,1763647200000,1763649000000,91452.53000000,100000,0.09788813,0.15142694,0.24931507
2025-11-20 21:30:00,2585,2585,2585,2585,0,2025-11-20 22:00:00,0,0,1763649000000,1763650800000,91103.19000000,100000,0.09783105,0.15148402,0.24931507
2025-11-20 22:00:00,2345,2345,2310,2310,4.38,2025-11-20 22:30:00,10257.8,4,1763650800000,1763652600000,90629.88000000,100000,0.09777397,0.15154110,0.24931507
2025-11-20 22:30:00,2310,2310,2310,2310,0,2025-11-20 23:00:00,0,0,1763652600000,1763654400000,89869.88000000,100000,0.09771689,0.15159817,0.24931507
2025-11-20 23:00:00,1950,1950,1870,1870,1.44,2025-11-20 23:30:00,2722.4,2,1763654400000,1763656200000,88709.52000000,100000,0.09765982,0.15165525,0.24931507
2025-11-20 23:30:00,1915,1915,1750,1780,0.38,2025-11-21 00:00:00,676.8,6,1763656200000,1763658000000,87878.10000000,100000,0.09760274,0.15171233,0.24931507
2025-11-21 00:00:00,1675,1675,1655,1655,0.18,2025-11-21 00:30:00,300.35,3,1763658000000,1763659800000,87132.00000000,100000,0.09754566,0.15176941,0.24931507
2025-11-21 00:30:00,1590,1590,1485,1570,3.26,2025-11-21 01:00:00,5111.9,14,1763659800000,1763661600000,87233.81000000,100000,0.09748858,0.15182648,0.24931507
2025-11-21 01:00:00,1570,1570,1570,1570,0.66,2025-11-21 01:30:00,1036.2,2,1763661600000,1763663400000,86960.28000000,100000,0.09743151,0.15188356,0.24931507
2025-11-21 01:30:00,1415,1420,1415,1420,2.31,2025-11-21 02:00:00,3268.85,2,1763663400000,1763665200000,86486.27000000,100000,0.09737443,0.15194064,0.24931507
2025-11-21 02:00:00,1400,1400,1400,1400,0.05,2025-11-21 02:30:00,70,1,1763665200000,1763667000000,86928.00000000,100000,0.09731735,0.15199772,0.24931507
2025-11-21 02:30:00,1400,1400,1400,1400,0,2025-11-21 03:00:00,0,0,1763667000000,1763668800000,86921.28000000,100000,0.09726027,0.15205479,0.24931507
2025-11-21 03:00:00,1400,1400,1400,1400,0,2025-11-21 03:30:00,0,0,1763668800000,1763670600000,87056.71000000,100000,0.09720320,0.15211187,0.24931507
2025-11-21 03:30:00,1400,1400,1400,1400,0,2025-11-21 04:00:00,0,0,1763670600000,1763672400000,86462.97000000,100000,0.09714612,0.15216895,0.24931507
2025-11-21 04:00:00,1445,1445,1445,1445,0.05,2025-11-21 04:30:00,72.25,1,1763672400000,1763674200000,87154.64000000,100000,0.09708904,0.15222603,0.24931507
2025-11-21 04:30:00,1445,1445,1445,1445,0,2025-11-21 05:00:00,0,0,1763674200000,1763676000000,87282.60000000,100000,0.09703196,0.15228311,0.24931507
2025-11-21 05:00:00,1445,1445,1445,1445,0,2025-11-21 05:30:00,0,0,1763676000000,1763677800000,88131.31000000,100000,0.09697489,0.15234018,0.24931507
2025-11-21 05:30:00,1445,1445,1445,1445,0,2025-11-21 06:00:00,0,0,1763677800000,1763679600000,88065.97000000,100000,0.09691781,0.15239726,0.24931507
2025-11-21 06:00:00,1445,1445,1445,1445,0,2025-11-21 06:30:00,0,0,1763679600000,1763681400000,87265.51000000,100000,0.09686073,0.15245434,0.24931507
2025-11-21 06:30:00,1445,1445,1445,1445,0,2025-11-21 07:00:00,0,0,1763681400000,1763683200000,86637.23000000,100000,0.09680365,0.15251142,0.24931507
2025-11-21 07:00:00,1445,1445,1445,1445,0,2025-11-21 07:30:00,0,0,1763683200000,1763685000000,87281.37000000,100000,0.09674658,0.15256849,0.24931507
2025-11-21 07:30:00,1445,1445,1445,1445,0,2025-11-21 08:00:00,0,0,1763685000000,1763686800000,87285.24000000,100000,0.09668950,0.15262557,0.24931507
2025-11-21 08:00:00,1445,1445,1445,1445,0,2025-11-21 08:30:00,0,0,1763686800000,1763688600000,87281.96000000,100000,0.09663242,0.15268265,0.24931507
2025-11-21 08:30:00,1445,1445,1445,1445,0,2025-11-21 09:00:00,0,0,1763688600000,1763690400000,87049.86000000,100000,0.09657534,0.15273973,0.24931507
2025-11-21 09:00:00,1485,1490,1455,1490,16.09,2025-11-21 09:30:00,23507.65,6,1763690400000,1763692200000,86503.13000000,100000,0.09651826,0.15279680,0.24931507
2025-11-21 09:30:00,1490,1490,1490,1490,0,2025-11-21 10:00:00,0,0,1763692200000,1763694000000,85444.93000000,100000,0.09646119,0.15285388,0.24931507
2025-11-21 10:00:00,1425,1425,1425,1425,0.1,2025-11-21 10:30:00,142.5,1,1763694000000,1763695800000,85690.07000000,100000,0.09640411,0.15291096,0.24931507
2025-11-21 10:30:00,1425,1425,1425,1425,0,2025-11-21 11:00:00,0,0,1763695800000,1763697600000,85821.34000000,100000,0.09634703,0.15296804,0.24931507
2025-11-21 11:00:00,1400,1420,1400,1420,1.02,2025-11-21 11:30:00,1448.2,2,1763697600000,1763699400000,85850.86000000,100000,0.09628995,0.15302511,0.24931507
2025-11-21 11:30:00,1420,1420,1420,1420,0,2025-11-21 12:00:00,0,0,1763699400000,1763701200000,86053.09000000,100000,0.09623288,0.15308219,0.24931507
2025-11-21 12:00:00,1420,1420,1420,1420,0,2025-11-21 12:30:00,0,0,1763701200000,1763703000000,86208.42000000,100000,0.09617580,0.15313927,0.24931507
2025-11-21 12:30:00,1420,1420,1420,1420,0,2025-11-21 13:00:00,0,0,1763703000000,1763704800000,86195.08000000,100000,0.09611872,0.15319635,0.24931507
2025-11-21 13:00:00,1420,1420,1420,1420,0,2025-11-21 13:30:00,0,0,1763704800000,1763706600000,85633.40000000,100000,0.09606164,0.15325342,0.24931507
2025-11-21 13:30:00,1420,1420,1420,1420,0,2025-11-21 14:00:00,0,0,1763706600000,1763708400000,85581.30000000,100000,0.09600457,0.15331050,0.24931507
2025-11-21 14:00:00,1315,1315,1300,1300,2.02,2025-11-21 14:30:00,2626.15,2,1763708400000,1763710200000,85205.17000000,100000,0.09594749,0.15336758,0.24931507
2025-11-21 14:30:00,1250,1360,1250,1280,7.65,2025-11-21 15:00:00,10001.8,12,1763710200000,1763712000000,84049.39000000,100000,0.09589041,0.15342466,0.24931507
2025-11-21 15:00:00,1285,1310,1225,1225,3.16,2025-11-21 15:30:00,3931.25,19,1763712000000,1763713800000,84223.36000000,100000,0.09583333,0.15348174,0.24931507
2025-11-21 15:30:00,1235,1245,1170,1170,6.03,2025-11-21 16:00:00,7282.4,20,1763713800000,1763715600000,83643.45000000,100000,0.09577626,0.15353881,0.24931507
2025-11-21 16:00:00,1135,1155,1135,1155,3.14,2025-11-21 16:30:00,3615.4,5,1763715600000,1763717400000,83079.79000000,100000,0.09571918,0.15359589,0.24931507
2025-11-21 16:30:00,1155,1155,1155,1155,0,2025-11-21 17:00:00,0,0,1763717400000,1763719200000,82207.84000000,100000,0.09566210,0.15365297,0.24931507
2025-11-21 17:00:00,1055,1055,1055,1055,0.03,2025-11-21 17:30:00,31.65,3,1763719200000,1763721000000,82057.68000000,100000,0.09560502,0.15371005,0.24931507
2025-11-21 17:30:00,1055,1055,1055,1055,0,2025-11-21 18:00:00,0,0,1763721000000,1763722800000,82703.61000000,100000,0.09554795,0.15376712,0.24931507
2025-11-21 18:00:00,1165,1170,1165,1170,2.3,2025-11-21 18:30:00,2679.55,3,1763722800000,1763724600000,82925.23000000,100000,0.09549087,0.15382420,0.24931507
2025-11-21 18:30:00,1050,1060,1050,1055,0.14,2025-11-21 19:00:00,147.3,3,1763724600000,1763726400000,82309.66000000,100000,0.09543379,0.15388128,0.24931507
2025-11-21 19:00:00,1050,1050,900,900,2.43,2025-11-21 19:30:00,2488.5,7,1763726400000,1763728200000,80945.66000000,100000,0.09537671,0.15393836,0.24931507
2025-11-21 19:30:00,1100,1295,1100,1290,3.04,2025-11-21 20:00:00,3435.65,5,1763728200000,1763730000000,83285.35000000,100000,0.09531963,0.15399543,0.24931507
2025-11-21 20:00:00,1280,1300,1280,1300,1.07,2025-11-21 20:30:00,1369.8,2,1763730000000,1763731800000,83429.91000000,100000,0.09526256,0.15405251,0.24931507
2025-11-21 20:30:00,1300,1300,1300,1300,0,2025-11-21 21:00:00,0,0,1763731800000,1763733600000,84115.28000000,100000,0.09520548,0.15410959,0.24931507
2025-11-21 21:00:00,1175,1175,1090,1090,2.42,2025-11-21 21:30:00,2656.95,16,1763733600000,1763735400000,83689.70000000,100000,0.09514840,0.15416667,0.24931507
2025-11-21 21:30:00,1200,1325,1200,1325,2.59,2025-11-21 22:00:00,3151.75,3,1763735400000,1763737200000,84850.00000000,100000,0.09509132,0.15422374,0.24931507
2025-11-21 22:00:00,1235,1250,1130,1130,3.67,2025-11-21 22:30:00,4317.6,18,1763737200000,1763739000000,83623.77000000,100000,0.09503425,0.15428082,0.24931507
2025-11-21 22:30:00,1055,1055,1055,1055,0.2,2025-11-21 23:00:00,211,1,1763739000000,1763740800000,82932.47000000,100000,0.09497717,0.15433790,0.24931507
2025-11-21 23:00:00,1070,1080,1070,1080,1.81,2025-11-21 23:30:00,1943.2,2,1763740800000,1763742600000,83282.12000000,100000,0.09492009,0.15439498,0.24931507
2025-11-21 23:30:00,1080,1080,1080,1080,0,2025-11-22 00:00:00,0,0,1763742600000,1763744400000,84919.59000000,100000,0.09486301,0.15445205,0.24931507
2025-11-22 00:00:00,1315,1315,1315,1315,0.27,2025-11-22 00:30:00,355.05,1,1763744400000,1763746200000,85205.27000000,100000,0.09480594,0.15450913,0.24931507
2025-11-22 00:30:00,1395,1395,1350,1370,0.32,2025-11-22 01:00:00,438.25,5,1763746200000,1763748000000,84877.07000000,100000,0.09474886,0.15456621,0.24931507
2025-11-22 01:00:00,1285,1285,1285,1285,0.27,2025-11-22 01:30:00,346.95,1,1763748000000,1763749800000,84065.67000000,100000,0.09469178,0.15462329,0.24931507
2025-11-22 01:30:00,1320,1320,1320,1320,1.45,2025-11-22 02:00:00,1914,1,1763749800000,1763751600000,84577.11000000,100000,0.09463470,0.15468037,0.24931507
2025-11-22 02:00:00,1320,1320,1320,1320,0,2025-11-22 02:30:00,0,0,1763751600000,1763753400000,84894.66000000,100000,0.09457763,0.15473744,0.24931507
2025-11-22 02:30:00,1320,1320,1320,1320,0,2025-11-22 03:00:00,0,0,1763753400000,1763755200000,84209.30000000,100000,0.09452055,0.15479452,0.24931507
2025-11-22 03:00:00,1320,1320,1320,1320,0,2025-11-22 03:30:00,0,0,1763755200000,1763757000000,83537.47000000,100000,0.09446347,0.15485160,0.24931507
2025-11-22 03:30:00,1250,1250,1250,1250,7.78,2025-11-22 04:00:00,9725,1,1763757000000,1763758800000,84571.20000000,100000,0.09440639,0.15490868,0.24931507
2025-11-22 04:00:00,1250,1250,1250,1250,0,2025-11-22 04:30:00,0,0,1763758800000,1763760600000,84963.57000000,100000,0.09434932,0.15496575,0.24931507
2025-11-22 04:30:00,1250,1250,1250,1250,0,2025-11-22 05:00:00,0,0,1763760600000,1763762400000,85182.14000000,100000,0.09429224,0.15502283,0.24931507
2025-11-22 05:00:00,1250,1250,1250,1250,0,2025-11-22 05:30:00,0,0,1763762400000,1763764200000,84828.99000000,100000,0.09423516,0.15507991,0.24931507
2025-11-22 05:30:00,1250,1250,1250,1250,0,2025-11-22 06:00:00,0,0,1763764200000,1763766000000,84284.42000000,100000,0.09417808,0.15513699,0.24931507
2025-11-22 06:00:00,1250,1250,1250,1250,0,2025-11-22 06:30:00,0,0,1763766000000,1763767800000,85032.63000000,100000,0.09412100,0.15519406,0.24931507
2025-11-22 06:30:00,1275,1275,1275,1275,0.01,2025-11-22 07:00:00,12.75,1,1763767800000,1763769600000,85129.43000000,100000,0.09406393,0.15525114,0.24931507
2025-11-22 07:00:00,1275,1275,1275,1275,0,2025-11-22 07:30:00,0,0,1763769600000,1763771400000,84895.97000000,100000,0.09400685,0.15530822,0.24931507
2025-11-22 07:30:00,1275,1275,1275,1275,0,2025-11-22 08:00:00,0,0,1763771400000,1763773200000,84739.93000000,100000,0.09394977,0.15536530,0.24931507
2025-11-22 08:00:00,1275,1275,1275,1275,0,2025-11-22 08:30:00,0,0,1763773200000,1763775000000,84887.03000000,100000,0.09389269,0.15542237,0.24931507
2025-11-22 08:30:00,1275,1275,1275,1275,0,2025-11-22 09:00:00,0,0,1763775000000,1763776800000,85174.28000000,100000,0.09383562,0.15547945,0.24931507
2025-11-22 09:00:00,1275,1275,1275,1275,0,2025-11-22 09:30:00,0,0,1763776800000,1763778600000,84693.08000000,100000,0.09377854,0.15553653,0.24931507
2025-11-22 09:30:00,1275,1275,1275,1275,0,2025-11-22 10:00:00,0,0,1763778600000,1763780400000,84528.99000000,100000,0.09372146,0.15559361,0.24931507
2025-11-22 10:00:00,1120,1165,1120,1165,0.1,2025-11-22 10:30:00,115.05,6,1763780400000,1763782200000,84424.40000000,100000,0.09366438,0.15565068,0.24931507
2025-11-22 10:30:00,1165,1165,1165,1165,0,2025-11-22 11:00:00,0,0,1763782200000,1763784000000,84440.47000000,100000,0.09360731,0.15570776,0.24931507
2025-11-22 11:00:00,1165,1165,1165,1165,0,2025-11-22 11:30:00,0,0,1763784000000,1763785800000,84000.72000000,100000,0.09355023,0.15576484,0.24931507
2025-11-22 11:30:00,1165,1165,1165,1165,0,2025-11-22 12:00:00,0,0,1763785800000,1763787600000,84246.88000000,100000,0.09349315,0.15582192,0.24931507
2025-11-22 12:00:00,1165,1165,1165,1165,0,2025-11-22 12:30:00,0,0,1763787600000,1763789400000,84083.31000000,100000,0.09343607,0.15587900,0.24931507
2025-11-22 12:30:00,1165,1165,1165,1165,0,2025-11-22 13:00:00,0,0,1763789400000,1763791200000,84280.92000000,100000,0.09337900,0.15593607,0.24931507
2025-11-22 13:00:00,1165,1165,1165,1165,0,2025-11-22 13:30:00,0,0,1763791200000,1763793000000,84506.00000000,100000,0.09332192,0.15599315,0.24931507
2025-11-22 13:30:00,1165,1165,1165,1165,0,2025-11-22 14:00:00,0,0,1763793000000,1763794800000,84636.00000000,100000,0.09326484,0.15605023,0.24931507
2025-11-22 14:00:00,1165,1165,1165,1165,0,2025-11-22 14:30:00,0,0,1763794800000,1763796600000,84494.41000000,100000,0.09320776,0.15610731,0.24931507
2025-11-22 14:30:00,1145,1145,1145,1145,0.08,2025-11-22 15:00:00,91.6,1,1763796600000,1763798400000,84580.06000000,100000,0.09315068,0.15616438,0.24931507
2025-11-22 15:00:00,1145,1145,1145,1145,0,2025-11-22 15:30:00,0,0,1763798400000,1763800200000,84224.54000000,100000,0.09309361,0.15622146,0.24931507
2025-11-22 15:30:00,1145,1145,1145,1145,0,2025-11-22 16:00:00,0,0,1763800200000,1763802000000,84016.77000000,100000,0.09303653,0.15627854,0.24931507
2025-11-22 16:00:00,1145,1145,1145,1145,0,2025-11-22 16:30:00,0,0,1763802000000,1763803800000,84107.34000000,100000,0.09297945,0.15633562,0.24931507
2025-11-22 16:30:00,1145,1145,1145,1145,0,2025-11-22 17:00:00,0,0,1763803800000,1763805600000,83929.52000000,100000,0.09292237,0.15639269,0.24931507
2025-11-22 17:00:00,1030,1030,1030,1030,0.01,2025-11-22 17:30:00,10.3,1,1763805600000,1763807400000,83686.17000000,100000,0.09286530,0.15644977,0.24931507
2025-11-22 17:30:00,1030,1030,1030,1030,0,2025-11-22 18:00:00,0,0,1763807400000,1763809200000,83693.25000000,100000,0.09280822,0.15650685,0.24931507
2025-11-22 18:00:00,1030,1030,1030,1030,0,2025-11-22 18:30:00,0,0,1763809200000,1763811000000,84227.26000000,100000,0.09275114,0.15656393,0.24931507
2025-11-22 18:30:00,1030,1030,1030,1030,0,2025-11-22 19:00:00,0,0,1763811000000,1763812800000,84098.94000000,100000,0.09269406,0.15662100,0.24931507
2025-11-22 19:00:00,1035,1035,1035,1035,0.08,2025-11-22 19:30:00,82.8,1,1763812800000,1763814600000,83666.32000000,100000,0.09263699,0.15667808,0.24931507
2025-11-22 19:30:00,1015,1015,1015,1015,0.03,2025-11-22 20:00:00,30.45,1,1763814600000,1763816400000,83884.00000000,100000,0.09257991,0.15673516,0.24931507
2025-11-22 20:00:00,1015,1015,1015,1015,0,2025-11-22 20:30:00,0,0,1763816400000,1763818200000,83889.15000000,100000,0.09252283,0.15679224,0.24931507
2025-11-22 20:30:00,1035,1035,1035,1035,1.45,2025-11-22 21:00:00,1500.75,1,1763818200000,1763820000000,83947.89000000,100000,0.09246575,0.15684932,0.24931507
2025-11-22 21:00:00,1050,1050,1050,1050,0.5,2025-11-22 21:30:00,525,1,1763820000000,1763821800000,84581.70000000,100000,0.09240868,0.15690639,0.24931507
2025-11-22 21:30:00,1110,1135,1110,1135,26.12,2025-11-22 22:00:00,29330.6,16,1763821800000,1763823600000,84494.40000000,100000,0.09235160,0.15696347,0.24931507
2025-11-22 22:00:00,1135,1135,1135,1135,0,2025-11-22 22:30:00,0,0,1763823600000,1763825400000,84433.61000000,100000,0.09229452,0.15702055,0.24931507
2025-11-22 22:30:00,1135,1135,1135,1135,0,2025-11-22 23:00:00,0,0,1763825400000,1763827200000,84284.01000000,100000,0.09223744,0.15707763,0.24931507
2025-11-22 23:00:00,1155,1155,1155,1155,0.01,2025-11-22 23:30:00,11.55,1,1763827200000,1763829000000,84600.08000000,100000,0.09218037,0.15713470,0.24931507
2025-11-22 23:30:00,1155,1155,1155,1155,0,2025-11-23 00:00:00,0,0,1763829000000,1763830800000,84694.66000000,100000,0.09212329,0.15719178,0.24931507
2025-11-23 00:00:00,1155,1155,1155,1155,0,2025-11-23 00:30:00,0,0,1763830800000,1763832600000,84703.31000000,100000,0.09206621,0.15724886,0.24931507
2025-11-23 00:30:00,1155,1155,1155,1155,0,2025-11-23 01:00:00,0,0,1763832600000,1763834400000,84554.20000000,100000,0.09200913,0.15730594,0.24931507
2025-11-23 01:00:00,1165,1165,1165,1165,0.5,2025-11-23 01:30:00,582.5,1,1763834400000,1763836200000,84598.00000000,100000,0.09195205,0.15736301,0.24931507
2025-11-23 01:30:00,1165,1165,1165,1165,0,2025-11-23 02:00:00,0,0,1763836200000,1763838000000,84659.79000000,100000,0.09189498,0.15742009,0.24931507
2025-11-23 02:00:00,1165,1165,1165,1165,0,2025-11-23 02:30:00,0,0,1763838000000,1763839800000,84617.88000000,100000,0.09183790,0.15747717,0.24931507
2025-11-23 02:30:00,1165,1165,1165,1165,0,2025-11-23 03:00:00,0,0,1763839800000,1763841600000,84609.76000000,100000,0.09178082,0.15753425,0.24931507
2025-11-23 03:00:00,1165,1165,1165,1165,0,2025-11-23 03:30:00,0,0,1763841600000,1763843400000,84759.02000000,100000,0.09172374,0.15759132,0.24931507
2025-11-23 03:30:00,1130,1130,1120,1120,0.68,2025-11-23 04:00:00,766.6,2,1763843400000,1763845200000,84474.41000000,100000,0.09166667,0.15764840,0.24931507
2025-11-23 04:00:00,1120,1120,1120,1120,0,2025-11-23 04:30:00,0,0,1763845200000,1763847000000,84308.01000000,100000,0.09160959,0.15770548,0.24931507
2025-11-23 04:30:00,1120,1120,1120,1120,0,2025-11-23 05:00:00,0,0,1763847000000,1763848800000,84411.30000000,100000,0.09155251,0.15776256,0.24931507
2025-11-23 05:00:00,1120,1120,1120,1120,0,2025-11-23 05:30:00,0,0,1763848800000,1763850600000,84616.51000000,100000,0.09149543,0.15781963,0.24931507
2025-11-23 05:30:00,1120,1120,1120,1120,0,2025-11-23 06:00:00,0,0,1763850600000,1763852400000,85072.88000000,100000,0.09143836,0.15787671,0.24931507
2025-11-23 06:00:00,1120,1120,1120,1120,0,2025-11-23 06:30:00,0,0,1763852400000,1763854200000,84859.32000000,100000,0.09138128,0.15793379,0.24931507
2025-11-23 06:30:00,1220,1220,1215,1215,6.62,2025-11-23 07:00:00,8075.5,2,1763854200000,1763856000000,84739.74000000,100000,0.09132420,0.15799087,0.24931507
2025-11-23 07:00:00,1215,1215,1215,1215,0,2025-11-23 07:30:00,0,0,1763856000000,1763857800000,85067.87000000,100000,0.09126712,0.15804795,0.24931507
2025-11-23 07:30:00,1215,1215,1215,1215,0,2025-11-23 08:00:00,0,0,1763857800000,1763859600000,84971.74000000,100000,0.09121005,0.15810502,0.24931507
2025-11-23 08:00:00,1280,1280,1280,1280,0.1,2025-11-23 08:30:00,128,1,1763859600000,1763861400000,85530.39000000,100000,0.09115297,0.15816210,0.24931507
2025-11-23 08:30:00,1350,1350,1350,1350,1.2,2025-11-23 09:00:00,1620,1,1763861400000,1763863200000,85879.83000000,100000,0.09109589,0.15821918,0.24931507
2025-11-23 09:00:00,1350,1350,1350,1350,0,2025-11-23 09:30:00,0,0,1763863200000,1763865000000,86042.62000000,100000,0.09103881,0.15827626,0.24931507
2025-11-23 09:30:00,1445,1445,1445,1445,1,2025-11-23 10:00:00,1445,1,1763865000000,1763866800000,86000.34000000,100000,0.09098174,0.15833333,0.24931507
2025-11-23 10:00:00,1430,1430,1430,1430,0.01,2025-11-23 10:30:00,14.3,1,1763866800000,1763868600000,85945.04000000,100000,0.09092466,0.15839041,0.24931507
2025-11-23 10:30:00,1430,1430,1430,1430,0,2025-11-23 11:00:00,0,0,1763868600000,1763870400000,86308.54000000,100000,0.09086758,0.15844749,0.24931507
2025-11-23 11:00:00,1430,1430,1430,1430,0,2025-11-23 11:30:00,0,0,1763870400000,1763872200000,86502.00000000,100000,0.09081050,0.15850457,0.24931507
2025-11-23 11:30:00,1430,1430,1430,1430,0,2025-11-23 12:00:00,0,0,1763872200000,1763874000000,86548.20000000,100000,0.09075342,0.15856164,0.24931507
2025-11-23 12:00:00,1455,1455,1455,1455,0.08,2025-11-23 12:30:00,116.4,1,1763874000000,1763875800000,86235.61000000,100000,0.09069635,0.15861872,0.24931507
2025-11-23 12:30:00,1455,1455,1455,1455,0,2025-11-23 13:00:00,0,0,1763875800000,1763877600000,86358.28000000,100000,0.09063927,0.15867580,0.24931507
2025-11-23 13:00:00,1460,1460,1460,1460,0.02,2025-11-23 13:30:00,29.2,1,1763877600000,1763879400000,86164.95000000,100000,0.09058219,0.15873288,0.24931507
2025-11-23 13:30:00,1405,1405,1405,1405,0.04,2025-11-23 14:00:00,56.2,1,1763879400000,1763881200000,85864.68000000,100000,0.09052511,0.15878995,0.24931507
2025-11-23 14:00:00,1380,1380,1380,1380,0.01,2025-11-23 14:30:00,13.8,1,1763881200000,1763883000000,85522.67000000,100000,0.09046804,0.15884703,0.24931507
2025-11-23 14:30:00,1380,1380,1380,1380,0,2025-11-23 15:00:00,0,0,1763883000000,1763884800000,85782.19000000,100000,0.09041096,0.15890411,0.24931507
2025-11-23 15:00:00,1380,1380,1380,1380,0,2025-11-23 15:30:00,0,0,1763884800000,1763886600000,85988.88000000,100000,0.09035388,0.15896119,0.24931507
2025-11-23 15:30:00,1380,1380,1380,1380,0,2025-11-23 16:00:00,0,0,1763886600000,1763888400000,86137.19000000,100000,0.09029680,0.15901826,0.24931507
2025-11-23 16:00:00,1380,1380,1380,1380,0,2025-11-23 16:30:00,0,0,1763888400000,1763890200000,86161.43000000,100000,0.09023973,0.15907534,0.24931507
2025-11-23 16:30:00,1380,1380,1380,1380,0,2025-11-23 17:00:00,0,0,1763890200000,1763892000000,86393.02000000,100000,0.09018265,0.15913242,0.24931507
2025-11-23 17:00:00,1380,1380,1380,1380,0,2025-11-23 17:30:00,0,0,1763892000000,1763893800000,86164.30000000,100000,0.09012557,0.15918950,0.24931507
2025-11-23 17:30:00,1380,1380,1380,1380,0,2025-11-23 18:00:00,0,0,1763893800000,1763895600000,86066.23000000,100000,0.09006849,0.15924658,0.24931507
2025-11-23 18:00:00,1425,1425,1425,1425,0.01,2025-11-23 18:30:00,14.25,1,1763895600000,1763897400000,86046.47000000,100000,0.09001142,0.15930365,0.24931507
2025-11-23 18:30:00,1485,1485,1485,1485,1,2025-11-23 19:00:00,1485,1,1763897400000,1763899200000,86331.28000000,100000,0.08995434,0.15936073,0.24931507
2025-11-23 19:00:00,1505,1605,1505,1605,2.56,2025-11-23 19:30:00,3998.25,6,1763899200000,1763901000000,86777.01000000,100000,0.08989726,0.15941781,0.24931507
2025-11-23 19:30:00,1605,1605,1605,1605,0,2025-11-23 20:00:00,0,0,1763901000000,1763902800000,86530.04000000,100000,0.08984018,0.15947489,0.24931507
2025-11-23 20:00:00,1605,1605,1605,1605,0,2025-11-23 20:30:00,0,0,1763902800000,1763904600000,86478.51000000,100000,0.08978311,0.15953196,0.24931507
2025-11-23 20:30:00,1605,1605,1605,1605,0,2025-11-23 21:00:00,0,0,1763904600000,1763906400000,86928.31000000,100000,0.08972603,0.15958904,0.24931507
2025-11-23 21:00:00,1605,1605,1605,1605,0,2025-11-23 21:30:00,0,0,1763906400000,1763908200000,86789.86000000,100000,0.08966895,0.15964612,0.24931507
2025-11-23 21:30:00,1585,1585,1580,1580,8.63,2025-11-23 22:00:00,13675.4,2,1763908200000,1763910000000,86547.40000000,100000,0.08961187,0.15970320,0.24931507
2025-11-23 22:00:00,1555,1555,1555,1555,0.02,2025-11-23 22:30:00,31.1,1,1763910000000,1763911800000,86692.61000000,100000,0.08955479,0.15976027,0.24931507
2025-11-23 22:30:00,1555,1555,1555,1555,0,2025-11-23 23:00:00,0,0,1763911800000,1763913600000,87087.44000000,100000,0.08949772,0.15981735,0.24931507
2025-11-23 23:00:00,1555,1555,1555,1555,0,2025-11-23 23:30:00,0,0,1763913600000,1763915400000,87065.55000000,100000,0.08944064,0.15987443,0.24931507
2025-11-23 23:30:00,1555,1555,1555,1555,0,2025-11-24 00:00:00,0,0,1763915400000,1763917200000,86685.60000000,100000,0.08938356,0.15993151,0.24931507
2025-11-24 00:00:00,1540,1540,1540,1540,1,2025-11-24 00:30:00,1540,1,1763917200000,1763919000000,86889.24000000,100000,0.08932648,0.15998858,0.24931507
2025-11-24 00:30:00,1540,1540,1540,1540,0,2025-11-24 01:00:00,0,0,1763919000000,1763920800000,86746.51000000,100000,0.08926941,0.16004566,0.24931507
2025-11-24 01:00:00,1540,1540,1540,1540,0,2025-11-24 01:30:00,0,0,1763920800000,1763922600000,86888.47000000,100000,0.08921233,0.16010274,0.24931507
2025-11-24 01:30:00,1540,1540,1540,1540,0,2025-11-24 02:00:00,0,0,1763922600000,1763924400000,86995.02000000,100000,0.08915525,0.16015982,0.24931507
2025-11-24 02:00:00,1540,1540,1540,1540,0,2025-11-24 02:30:00,0,0,1763924400000,1763926200000,87332.64000000,100000,0.08909817,0.16021689,0.24931507
2025-11-24 02:30:00,1540,1540,1540,1540,0,2025-11-24 03:00:00,0,0,1763926200000,1763928000000,87325.01000000,100000,0.08904110,0.16027397,0.24931507
2025-11-24 03:00:00,1540,1540,1540,1540,0,2025-11-24 03:30:00,0,0,1763928000000,1763929800000,87623.91000000,100000,0.08898402,0.16033105,0.24931507
2025-11-24 03:30:00,1540,1540,1540,1540,0,2025-11-24 04:00:00,0,0,1763929800000,1763931600000,87483.36000000,100000,0.08892694,0.16038813,0.24931507
2025-11-24 04:00:00,1540,1540,1540,1540,0,2025-11-24 04:30:00,0,0,1763931600000,1763933400000,87596.74000000,100000,0.08886986,0.16044521,0.24931507
2025-11-24 04:30:00,1540,1540,1540,1540,0,2025-11-24 05:00:00,0,0,1763933400000,1763935200000,87992.02000000,100000,0.08881279,0.16050228,0.24931507
2025-11-24 05:00:00,1695,1695,1645,1645,0.03,2025-11-24 05:30:00,49.85,2,1763935200000,1763937000000,87904.34000000,100000,0.08875571,0.16055936,0.24931507
2025-11-24 05:30:00,1620,1620,1595,1595,0.06,2025-11-24 06:00:00,96.45,2,1763937000000,1763938800000,88004.00000000,100000,0.08869863,0.16061644,0.24931507
2025-11-24 06:00:00,1470,1475,1460,1475,34.85,2025-11-24 06:30:00,50967.75,6,1763938800000,1763940600000,87064.04000000,100000,0.08864155,0.16067352,0.24931507
2025-11-24 06:30:00,1475,1475,1475,1475,0,2025-11-24 07:00:00,0,0,1763940600000,1763942400000,86830.00000000,100000,0.08858447,0.16073059,0.24931507
2025-11-24 07:00:00,1475,1475,1475,1475,0,2025-11-24 07:30:00,0,0,1763942400000,1763944200000,86445.49000000,100000,0.08852740,0.16078767,0.24931507
2025-11-24 07:30:00,1450,1450,1450,1450,0.02,2025-11-24 08:00:00,29,1,1763944200000,1763946000000,86740.64000000,100000,0.08847032,0.16084475,0.24931507
2025-11-24 08:00:00,1490,1490,1490,1490,1.18,2025-11-24 08:30:00,1758.2,7,1763946000000,1763947800000,86827.47000000,100000,0.08841324,0.16090183,0.24931507
2025-11-24 08:30:00,1455,1455,1455,1455,1.7,2025-11-24 09:00:00,2473.5,1,1763947800000,1763949600000,87068.51000000,100000,0.08835616,0.16095890,0.24931507
2025-11-24 09:00:00,1455,1455,1455,1455,0,2025-11-24 09:30:00,0,0,1763949600000,1763951400000,87713.86000000,100000,0.08829909,0.16101598,0.24931507
2025-11-24 09:30:00,1455,1455,1455,1455,0,2025-11-24 10:00:00,0,0,1763951400000,1763953200000,87518.22000000,100000,0.08824201,0.16107306,0.24931507
2025-11-24 10:00:00,1505,1505,1505,1505,0.96,2025-11-24 10:30:00,1444.8,11,1763953200000,1763955000000,87616.78000000,100000,0.08818493,0.16113014,0.24931507
2025-11-24 10:30:00,1505,1505,1505,1505,0,2025-11-24 11:00:00,0,0,1763955000000,1763956800000,87460.02000000,100000,0.08812785,0.16118721,0.24931507
2025-11-24 11:00:00,1455,1455,1415,1415,1.12,2025-11-24 11:30:00,1596.8,3,1763956800000,1763958600000,86602.88000000,100000,0.08807078,0.16124429,0.24931507
2025-11-24 11:30:00,1355,1390,1355,1390,67.45,2025-11-24 12:00:00,92884.85,25,1763958600000,1763960400000,86738.37000000,100000,0.08801370,0.16130137,0.24931507
2025-11-24 12:00:00,1390,1390,1390,1390,0,2025-11-24 12:30:00,0,0,1763960400000,1763962200000,87630.50000000,100000,0.08795662,0.16135845,0.24931507
2025-11-24 12:30:00,1390,1390,1390,1390,0,2025-11-24 13:00:00,0,0,1763962200000,1763964000000,87468.29000000,100000,0.08789954,0.16141553,0.24931507
2025-11-24 13:00:00,1390,1390,1390,1390,0,2025-11-24 13:30:00,0,0,1763964000000,1763965800000,87161.43000000,100000,0.08784247,0.16147260,0.24931507
2025-11-24 13:30:00,1390,1390,1390,1390,0,2025-11-24 14:00:00,0,0,1763965800000,1763967600000,86910.78000000,100000,0.08778539,0.16152968,0.24931507
2025-11-24 14:00:00,1390,1390,1390,1390,0,2025-11-24 14:30:00,0,0,1763967600000,1763969400000,86880.36000000,100000,0.08772831,0.16158676,0.24931507
2025-11-24 14:30:00,1415,1415,1415,1415,0.01,2025-11-24 15:00:00,14.15,1,1763969400000,1763971200000,87050.39000000,100000,0.08767123,0.16164384,0.24931507
2025-11-24 15:00:00,1335,1335,1330,1330,1.16,2025-11-24 15:30:00,1543.4,8,1763971200000,1763973000000,86832.99000000,100000,0.08761416,0.16170091,0.24931507
2025-11-24 15:30:00,1315,1315,1315,1315,0.05,2025-11-24 16:00:00,65.75,1,1763973000000,1763974800000,86961.51000000,100000,0.08755708,0.16175799,0.24931507
2025-11-24 16:00:00,1205,1205,1205,1205,0.61,2025-11-24 16:30:00,735.05,2,1763974800000,1763976600000,85943.63000000,100000,0.08750000,0.16181507,0.24931507
2025-11-24 16:30:00,1205,1205,1205,1205,0,2025-11-24 17:00:00,0,0,1763976600000,1763978400000,85944.91000000,100000,0.08744292,0.16187215,0.24931507
2025-11-24 17:00:00,1205,1205,1205,1205,0,2025-11-24 17:30:00,0,0,1763978400000,1763980200000,85825.31000000,100000,0.08738584,0.16192922,0.24931507
2025-11-24 17:30:00,1315,1315,1315,1315,0.28,2025-11-24 18:00:00,368.2,1,1763980200000,1763982000000,86049.74000000,100000,0.08732877,0.16198630,0.24931507
2025-11-24 18:00:00,1315,1315,1315,1315,0,2025-11-24 18:30:00,0,0,1763982000000,1763983800000,86079.57000000,100000,0.08727169,0.16204338,0.24931507
2025-11-24 18:30:00,1315,1315,1315,1315,0,2025-11-24 19:00:00,0,0,1763983800000,1763985600000,86264.72000000,100000,0.08721461,0.16210046,0.24931507
2025-11-24 19:00:00,1315,1315,1315,1315,0,2025-11-24 19:30:00,0,0,1763985600000,1763987400000,86199.98000000,100000,0.08715753,0.16215753,0.24931507
2025-11-24 19:30:00,1315,1315,1315,1315,0,2025-11-24 20:00:00,0,0,1763987400000,1763989200000,86003.00000000,100000,0.08710046,0.16221461,0.24931507
2025-11-24 20:00:00,1315,1315,1315,1315,0,2025-11-24 20:30:00,0,0,1763989200000,1763991000000,86513.50000000,100000,0.08704338,0.16227169,0.24931507
2025-11-24 20:30:00,1365,1365,1365,1365,0.24,2025-11-24 21:00:00,327.6,1,1763991000000,1763992800000,86160.00000000,100000,0.08698630,0.16232877,0.24931507
2025-11-24 21:00:00,1365,1365,1365,1365,0,2025-11-24 21:30:00,0,0,1763992800000,1763994600000,85935.63000000,100000,0.08692922,0.16238584,0.24931507
2025-11-24 21:30:00,1135,1195,1135,1195,1.51,2025-11-24 22:00:00,1743.85,2,1763994600000,1763996400000,86171.14000000,100000,0.08687215,0.16244292,0.24931507
2025-11-24 22:00:00,1195,1195,1195,1195,0,2025-11-24 22:30:00,0,0,1763996400000,1763998200000,86086.82000000,100000,0.08681507,0.16250000,0.24931507
2025-11-24 22:30:00,1195,1195,1195,1195,0,2025-11-24 23:00:00,0,0,1763998200000,1764000000000,86616.44000000,100000,0.08675799,0.16255708,0.24931507
2025-11-24 23:00:00,1195,1195,1195,1195,0,2025-11-24 23:30:00,0,0,1764000000000,1764001800000,87229.98000000,100000,0.08670091,0.16261416,0.24931507
2025-11-24 23:30:00,1395,1395,1395,1395,1,2025-11-25 00:00:00,1395,1,1764001800000,1764003600000,87174.50000000,100000,0.08664384,0.16267123,0.24931507
2025-11-25 00:00:00,1395,1395,1395,1395,0,2025-11-25 00:30:00,0,0,1764003600000,1764005400000,87717.41000000,100000,0.08658676,0.16272831,0.24931507
2025-11-25 00:30:00,1470,1470,1470,1470,0.01,2025-11-25 01:00:00,14.7,1,1764005400000,1764007200000,88369.91000000,100000,0.08652968,0.16278539,0.24931507
2025-11-25 01:00:00,1565,1565,1565,1565,0.01,2025-11-25 01:30:00,15.65,1,1764007200000,1764009000000,88359.19000000,100000,0.08647260,0.16284247,0.24931507
2025-11-25 01:30:00,1565,1565,1565,1565,0,2025-11-25 02:00:00,0,0,1764009000000,1764010800000,88715.31000000,100000,0.08641553,0.16289954,0.24931507
2025-11-25 02:00:00,1630,1630,1630,1630,0.01,2025-11-25 02:30:00,16.3,1,1764010800000,1764012600000,88635.70000000,100000,0.08635845,0.16295662,0.24931507
2025-11-25 02:30:00,1620,1620,1545,1545,0.23,2025-11-25 03:00:00,356.85,3,1764012600000,1764014400000,88327.29000000,100000,0.08630137,0.16301370,0.24931507
2025-11-25 03:00:00,1525,1525,1525,1525,2,2025-11-25 03:30:00,3050,2,1764014400000,1764016200000,88884.61000000,100000,0.08624429,0.16307078,0.24931507
2025-11-25 03:30:00,1645,1645,1645,1645,0.46,2025-11-25 04:00:00,756.7,2,1764016200000,1764018000000,89089.06000000,100000,0.08618721,0.16312785,0.24931507
2025-11-25 04:00:00,1645,1645,1645,1645,0,2025-11-25 04:30:00,0,0,1764018000000,1764019800000,88917.31000000,100000,0.08613014,0.16318493,0.24931507
2025-11-25 04:30:00,1645,1645,1645,1645,0,2025-11-25 05:00:00,0,0,1764019800000,1764021600000,88766.15000000,100000,0.08607306,0.16324201,0.24931507
2025-11-25 05:00:00,1620,1620,1620,1620,1,2025-11-25 05:30:00,1620,1,1764021600000,1764023400000,88784.35000000,100000,0.08601598,0.16329909,0.24931507
2025-11-25 05:30:00,1620,1620,1620,1620,0,2025-11-25 06:00:00,0,0,1764023400000,1764025200000,88636.54000000,100000,0.08595890,0.16335616,0.24931507
2025-11-25 06:00:00,1620,1620,1620,1620,0,2025-11-25 06:30:00,0,0,1764025200000,1764027000000,88617.55000000,100000,0.08590183,0.16341324,0.24931507
2025-11-25 06:30:00,1620,1620,1620,1620,0,2025-11-25 07:00:00,0,0,1764027000000,1764028800000,88300.01000000,100000,0.08584475,0.16347032,0.24931507
2025-11-25 07:00:00,1620,1620,1620,1620,0,2025-11-25 07:30:00,0,0,1764028800000,1764030600000,87887.28000000,100000,0.08578767,0.16352740,0.24931507
2025-11-25 07:30:00,1620,1620,1620,1620,0,2025-11-25 08:00:00,0,0,1764030600000,1764032400000,88100.00000000,100000,0.08573059,0.16358447,0.24931507
2025-11-25 08:00:00,1620,1620,1620,1620,0,2025-11-25 08:30:00,0,0,1764032400000,1764034200000,88048.61000000,100000,0.08567352,0.16364155,0.24931507
2025-11-25 08:30:00,1620,1620,1620,1620,0,2025-11-25 09:00:00,0,0,1764034200000,1764036000000,87732.83000000,100000,0.08561644,0.16369863,0.24931507
2025-11-25 09:00:00,1620,1620,1620,1620,0,2025-11-25 09:30:00,0,0,1764036000000,1764037800000,87627.96000000,100000,0.08555936,0.16375571,0.24931507
2025-11-25 09:30:00,1620,1620,1620,1620,0,2025-11-25 10:00:00,0,0,1764037800000,1764039600000,87909.40000000,100000,0.08550228,0.16381279,0.24931507
2025-11-25 10:00:00,1620,1620,1620,1620,0,2025-11-25 10:30:00,0,0,1764039600000,1764041400000,87940.19000000,100000,0.08544521,0.16386986,0.24931507
2025-11-25 10:30:00,1620,1620,1620,1620,0,2025-11-25 11:00:00,0,0,1764041400000,1764043200000,87822.12000000,100000,0.08538813,0.16392694,0.24931507
2025-11-25 11:00:00,1620,1620,1620,1620,0,2025-11-25 11:30:00,0,0,1764043200000,1764045000000,88031.81000000,100000,0.08533105,0.16398402,0.24931507
2025-11-25 11:30:00,1620,1620,1620,1620,0,2025-11-25 12:00:00,0,0,1764045000000,1764046800000,88341.14000000,100000,0.08527397,0.16404110,0.24931507
2025-11-25 12:00:00,1620,1620,1620,1620,0,2025-11-25 12:30:00,0,0,1764046800000,1764048600000,88005.95000000,100000,0.08521689,0.16409817,0.24931507
2025-11-25 12:30:00,1620,1620,1620,1620,0,2025-11-25 13:00:00,0,0,1764048600000,1764050400000,88120.82000000,100000,0.08515982,0.16415525,0.24931507
2025-11-25 13:00:00,1620,1620,1620,1620,0,2025-11-25 13:30:00,0,0,1764050400000,1764052200000,87944.06000000,100000,0.08510274,0.16421233,0.24931507
2025-11-25 13:30:00,1400,1400,1400,1400,1,2025-11-25 14:00:00,1400,1,1764052200000,1764054000000,88003.97000000,100000,0.08504566,0.16426941,0.24931507
2025-11-25 14:00:00,1400,1400,1400,1400,0,2025-11-25 14:30:00,0,0,1764054000000,1764055800000,87699.78000000,100000,0.08498858,0.16432648,0.24931507
2025-11-25 14:30:00,1345,1360,1305,1310,85.9,2025-11-25 15:00:00,114907.6,25,1764055800000,1764057600000,87384.81000000,100000,0.08493151,0.16438356,0.24931507
2025-11-25 15:00:00,1310,1310,1310,1310,0,2025-11-25 15:30:00,0,0,1764057600000,1764059400000,87532.36000000,100000,0.08487443,0.16444064,0.24931507
2025-11-25 15:30:00,1320,1320,1285,1285,1.31,2025-11-25 16:00:00,1728.85,11,1764059400000,1764061200000,87009.82000000,100000,0.08481735,0.16449772,0.24931507
2025-11-25 16:00:00,1250,1250,1235,1235,0.7,2025-11-25 16:30:00,867.5,2,1764061200000,1764063000000,86684.80000000,100000,0.08476027,0.16455479,0.24931507
2025-11-25 16:30:00,1235,1235,1235,1235,0,2025-11-25 17:00:00,0,0,1764063000000,1764064800000,87231.76000000,100000,0.08470320,0.16461187,0.24931507
2025-11-25 17:00:00,1220,1220,1220,1220,1.03,2025-11-25 17:30:00,1256.6,1,1764064800000,1764066600000,87215.10000000,100000,0.08464612,0.16466895,0.24931507
2025-11-25 17:30:00,1220,1220,1220,1220,0,2025-11-25 18:00:00,0,0,1764066600000,1764068400000,87411.01000000,100000,0.08458904,0.16472603,0.24931507
2025-11-25 18:00:00,1220,1220,1220,1220,0,2025-11-25 18:30:00,0,0,1764068400000,1764070200000,87426.93000000,100000,0.08453196,0.16478311,0.24931507
2025-11-25 18:30:00,1220,1220,1220,1220,0,2025-11-25 19:00:00,0,0,1764070200000,1764072000000,87361.71000000,100000,0.08447489,0.16484018,0.24931507
2025-11-25 19:00:00,1330,1330,1330,1330,0.53,2025-11-25 19:30:00,704.9,1,1764072000000,1764073800000,87636.00000000,100000,0.08441781,0.16489726,0.24931507
2025-11-25 19:30:00,1330,1330,1330,1330,0,2025-11-25 20:00:00,0,0,1764073800000,1764075600000,87509.99000000,100000,0.08436073,0.16495434,0.24931507
2025-11-25 20:00:00,1330,1330,1330,1330,0,2025-11-25 20:30:00,0,0,1764075600000,1764077400000,87625.76000000,100000,0.08430365,0.16501142,0.24931507
2025-11-25 20:30:00,1240,1245,1240,1245,47.73,2025-11-25 21:00:00,59327.15,7,1764077400000,1764079200000,87083.01000000,100000,0.08424658,0.16506849,0.24931507
2025-11-25 21:00:00,1250,1265,1195,1195,53.53,2025-11-25 21:30:00,67342.3,8,1764079200000,1764081000000,87180.07000000,100000,0.08418950,0.16512557,0.24931507
2025-11-25 21:30:00,1155,1155,1105,1105,0.54,2025-11-25 22:00:00,622.15,3,1764081000000,1764082800000,86741.55000000,100000,0.08413242,0.16518265,0.24931507
2025-11-25 22:00:00,1080,1130,1080,1130,4.61,2025-11-25 22:30:00,5055.9,4,1764082800000,1764084600000,86760.94000000,100000,0.08407534,0.16523973,0.24931507
2025-11-25 22:30:00,1205,1205,1205,1205,0.57,2025-11-25 23:00:00,686.85,1,1764084600000,1764086400000,86988.94000000,100000,0.08401826,0.16529680,0.24931507
2025-11-25 23:00:00,1205,1205,1205,1205,0,2025-11-25 23:30:00,0,0,1764086400000,1764088200000,87236.74000000,100000,0.08396119,0.16535388,0.24931507
2025-11-25 23:30:00,1200,1200,1200,1200,1.07,2025-11-26 00:00:00,1284,1,1764088200000,1764090000000,87121.31000000,100000,0.08390411,0.16541096,0.24931507
2025-11-26 00:00:00,1200,1200,1200,1200,0.45,2025-11-26 00:30:00,540,1,1764090000000,1764091800000,87493.44000000,100000,0.08384703,0.16546804,0.24931507
2025-11-26 00:30:00,1275,1275,1275,1275,1.08,2025-11-26 01:00:00,1377,1,1764091800000,1764093600000,87625.89000000,100000,0.08378995,0.16552511,0.24931507
2025-11-26 01:00:00,1275,1275,1275,1275,0,2025-11-26 01:30:00,0,0,1764093600000,1764095400000,87646.63000000,100000,0.08373288,0.16558219,0.24931507
2025-11-26 01:30:00,1275,1275,1275,1275,0,2025-11-26 02:00:00,0,0,1764095400000,1764097200000,87239.29000000,100000,0.08367580,0.16563927,0.24931507
2025-11-26 02:00:00,1080,1080,1080,1080,0.03,2025-11-26 02:30:00,32.4,1,1764097200000,1764099000000,86296.82000000,100000,0.08361872,0.16569635,0.24931507
2025-11-26 02:30:00,1080,1080,1080,1080,0,2025-11-26 03:00:00,0,0,1764099000000,1764100800000,86882.85000000,100000,0.08356164,0.16575342,0.24931507
2025-11-26 03:00:00,1145,1145,1145,1145,1.14,2025-11-26 03:30:00,1305.3,1,1764100800000,1764102600000,87054.00000000,100000,0.08350457,0.16581050,0.24931507
2025-11-26 03:30:00,1175,1175,1175,1175,0.03,2025-11-26 04:00:00,35.25,1,1764102600000,1764104400000,87382.70000000,100000,0.08344749,0.16586758,0.24931507
2025-11-26 04:00:00,1175,1175,1175,1175,0,2025-11-26 04:30:00,0,0,1764104400000,1764106200000,87295.74000000,100000,0.08339041,0.16592466,0.24931507
2025-11-26 04:30:00,1175,1175,1175,1175,0,2025-11-26 05:00:00,0,0,1764106200000,1764108000000,87032.37000000,100000,0.08333333,0.16598174,0.24931507
2025-11-26 05:00:00,1175,1175,1175,1175,0,2025-11-26 05:30:00,0,0,1764108000000,1764109800000,87136.32000000,100000,0.08327626,0.16603881,0.24931507
2025-11-26 05:30:00,1175,1175,1175,1175,0,2025-11-26 06:00:00,0,0,1764109800000,1764111600000,87642.41000000,100000,0.08321918,0.16609589,0.24931507
2025-11-26 06:00:00,1175,1175,1175,1175,0,2025-11-26 06:30:00,0,0,1764111600000,1764113400000,87534.25000000,100000,0.08316210,0.16615297,0.24931507
2025-11-26 06:30:00,1175,1175,1175,1175,0,2025-11-26 07:00:00,0,0,1764113400000,1764115200000,87369.96000000,100000,0.08310502,0.16621005,0.24931507
2025-11-26 07:00:00,1205,1250,1200,1250,1.56,2025-11-26 07:30:00,1914.9,5,1764115200000,1764117000000,87630.66000000,100000,0.08304795,0.16626712,0.24931507
2025-11-26 07:30:00,1225,1225,1225,1225,0.08,2025-11-26 08:00:00,98,1,1764117000000,1764118800000,87573.51000000,100000,0.08299087,0.16632420,0.24931507
2025-11-26 08:00:00,1225,1225,1225,1225,0,2025-11-26 08:30:00,0,0,1764118800000,1764120600000,87591.60000000,100000,0.08293379,0.16638128,0.24931507
2025-11-26 08:30:00,1265,1315,1255,1315,2.39,2025-11-26 09:00:00,3000.15,5,1764120600000,1764122400000,87921.94000000,100000,0.08287671,0.16643836,0.24931507
2025-11-26 09:00:00,1315,1315,1315,1315,0,2025-11-26 09:30:00,0,0,1764122400000,1764124200000,87808.03000000,100000,0.08281963,0.16649543,0.24931507
2025-11-26 09:30:00,1225,1225,1225,1225,0.4,2025-11-26 10:00:00,490,1,1764124200000,1764126000000,87711.82000000,100000,0.08276256,0.16655251,0.24931507
2025-11-26 10:00:00,1225,1225,1225,1225,0,2025-11-26 10:30:00,0,0,1764126000000,1764127800000,87823.89000000,100000,0.08270548,0.16660959,0.24931507
2025-11-26 10:30:00,1085,1085,1085,1085,1,2025-11-26 11:00:00,1085,1,1764127800000,1764129600000,87119.92000000,100000,0.08264840,0.16666667,0.24931507
2025-11-26 11:00:00,1085,1085,1085,1085,0,2025-11-26 11:30:00,0,0,1764129600000,1764131400000,87242.10000000,100000,0.08259132,0.16672374,0.24931507
2025-11-26 11:30:00,1085,1085,1085,1085,0,2025-11-26 12:00:00,0,0,1764131400000,1764133200000,87230.23000000,100000,0.08253425,0.16678082,0.24931507
2025-11-26 12:00:00,1085,1085,1085,1085,0,2025-11-26 12:30:00,0,0,1764133200000,1764135000000,87549.48000000,100000,0.08247717,0.16683790,0.24931507
2025-11-26 12:30:00,1085,1085,1085,1085,0,2025-11-26 13:00:00,0,0,1764135000000,1764136800000,87519.53000000,100000,0.08242009,0.16689498,0.24931507
2025-11-26 13:00:00,1085,1085,1085,1085,0,2025-11-26 13:30:00,0,0,1764136800000,1764138600000,87613.54000000,100000,0.08236301,0.16695205,0.24931507
2025-11-26 13:30:00,1085,1085,1085,1085,0,2025-11-26 14:00:00,0,0,1764138600000,1764140400000,87794.00000000,100000,0.08230594,0.16700913,0.24931507
2025-11-26 14:00:00,1165,1175,1160,1160,3.44,2025-11-26 14:30:00,4006.35,4,1764140400000,1764142200000,87799.99000000,100000,0.08224886,0.16706621,0.24931507
2025-11-26 14:30:00,1160,1160,1160,1160,0,2025-11-26 15:00:00,0,0,1764142200000,1764144000000,87935.05000000,100000,0.08219178,0.16712329,0.24931507
2025-11-26 15:00:00,1130,1130,1130,1130,0.18,2025-11-26 15:30:00,203.4,1,1764144000000,1764145800000,87557.31000000,100000,0.08213470,0.16718037,0.24931507
2025-11-26 15:30:00,1130,1130,1130,1130,0,2025-11-26 16:00:00,0,0,1764145800000,1764147600000,87424.80000000,100000,0.08207763,0.16723744,0.24931507
2025-11-26 16:00:00,1130,1130,1130,1130,0,2025-11-26 16:30:00,0,0,1764147600000,1764149400000,87115.23000000,100000,0.08202055,0.16729452,0.24931507
2025-11-26 16:30:00,1130,1130,1130,1130,0,2025-11-26 17:00:00,0,0,1764149400000,1764151200000,86825.27000000,100000,0.08196347,0.16735160,0.24931507
2025-11-26 17:00:00,1130,1130,1130,1130,0,2025-11-26 17:30:00,0,0,1764151200000,1764153000000,86868.08000000,100000,0.08190639,0.16740868,0.24931507
2025-11-26 17:30:00,1130,1130,1130,1130,0,2025-11-26 18:00:00,0,0,1764153000000,1764154800000,86955.17000000,100000,0.08184932,0.16746575,0.24931507
2025-11-26 18:00:00,1130,1130,1130,1130,0,2025-11-26 18:30:00,0,0,1764154800000,1764156600000,86896.44000000,100000,0.08179224,0.16752283,0.24931507
2025-11-26 18:30:00,1045,1045,1035,1035,2.5,2025-11-26 19:00:00,2611.4,2,1764156600000,1764158400000,87095.79000000,100000,0.08173516,0.16757991,0.24931507
2025-11-26 19:00:00,1035,1035,1035,1035,0,2025-11-26 19:30:00,0,0,1764158400000,1764160200000,86520.98000000,100000,0.08167808,0.16763699,0.24931507
2025-11-26 19:30:00,1035,1035,1035,1035,0,2025-11-26 20:00:00,0,0,1764160200000,1764162000000,86643.08000000,100000,0.08162100,0.16769406,0.24931507
2025-11-26 20:00:00,1025,1050,1025,1050,5.63,2025-11-26 20:30:00,5867.75,3,1764162000000,1764163800000,86718.60000000,100000,0.08156393,0.16775114,0.24931507
2025-11-26 20:30:00,1080,1080,1080,1080,5,2025-11-26 21:00:00,5400,2,1764163800000,1764165600000,87128.51000000,100000,0.08150685,0.16780822,0.24931507
2025-11-26 21:00:00,1080,1080,1080,1080,0,2025-11-26 21:30:00,0,0,1764165600000,1764167400000,87308.45000000,100000,0.08144977,0.16786530,0.24931507
2025-11-26 21:30:00,1080,1080,1080,1080,0,2025-11-26 22:00:00,0,0,1764167400000,1764169200000,86899.73000000,100000,0.08139269,0.16792237,0.24931507
2025-11-26 22:00:00,1055,1055,1055,1055,0.5,2025-11-26 22:30:00,527.5,1,1764169200000,1764171000000,87261.25000000,100000,0.08133562,0.16797945,0.24931507
2025-11-26 22:30:00,1055,1055,1055,1055,0,2025-11-26 23:00:00,0,0,1764171000000,1764172800000,86978.00000000,100000,0.08127854,0.16803653,0.24931507
2025-11-26 23:00:00,1055,1055,1055,1055,0,2025-11-26 23:30:00,0,0,1764172800000,1764174600000,87594.44000000,100000,0.08122146,0.16809361,0.24931507
2025-11-26 23:30:00,1145,1180,1145,1180,0.13,2025-11-27 00:00:00,150.6,2,1764174600000,1764176400000,87820.01000000,100000,0.08116438,0.16815068,0.24931507
2025-11-27 00:00:00,1225,1240,1225,1240,1.3,2025-11-27 00:30:00,1595.2,2,1764176400000,1764178200000,88663.14000000,100000,0.08110731,0.16820776,0.24931507
2025-11-27 00:30:00,1505,1545,1505,1545,2.27,2025-11-27 01:00:00,3424.75,3,1764178200000,1764180000000,89830.79000000,100000,0.08105023,0.16826484,0.24931507
2025-11-27 01:00:00,1590,1665,1560,1665,2.3,2025-11-27 01:30:00,3731.9,4,1764180000000,1764181800000,90349.26000000,100000,0.08099315,0.16832192,0.24931507
2025-11-27 01:30:00,1585,1585,1585,1585,0.5,2025-11-27 02:00:00,792.5,1,1764181800000,1764183600000,90145.69000000,100000,0.08093607,0.16837900,0.24931507
2025-11-27 02:00:00,1580,1580,1580,1580,1.07,2025-11-27 02:30:00,1690.6,1,1764183600000,1764185400000,89790.41000000,100000,0.08087900,0.16843607,0.24931507
2025-11-27 02:30:00,1580,1580,1580,1580,0,2025-11-27 03:00:00,0,0,1764185400000,1764187200000,89957.36000000,100000,0.08082192,0.16849315,0.24931507
2025-11-27 03:00:00,1555,1555,1515,1515,92.8,2025-11-27 03:30:00,142462.85,19,1764187200000,1764189000000,90000.35000000,100000,0.08076484,0.16855023,0.24931507
2025-11-27 03:30:00,1515,1515,1515,1515,0,2025-11-27 04:00:00,0,0,1764189000000,1764190800000,89866.82000000,100000,0.08070776,0.16860731,0.24931507
2025-11-27 04:00:00,1490,1490,1485,1485,3.23,2025-11-27 04:30:00,4801.95,3,1764190800000,1764192600000,90270.00000000,100000,0.08065068,0.16866438,0.24931507
2025-11-27 04:30:00,1485,1485,1485,1485,0,2025-11-27 05:00:00,0,0,1764192600000,1764194400000,90195.99000000,100000,0.08059361,0.16872146,0.24931507
2025-11-27 05:00:00,1485,1485,1485,1485,0,2025-11-27 05:30:00,0,0,1764194400000,1764196200000,90336.91000000,100000,0.08053653,0.16877854,0.24931507
2025-11-27 05:30:00,1620,1620,1615,1615,6.63,2025-11-27 06:00:00,10717.55,3,1764196200000,1764198000000,90386.57000000,100000,0.08047945,0.16883562,0.24931507
2025-11-27 06:00:00,1615,1615,1615,1615,0,2025-11-27 06:30:00,0,0,1764198000000,1764199800000,90337.44000000,100000,0.08042237,0.16889269,0.24931507
2025-11-27 06:30:00,1615,1615,1615,1615,0,2025-11-27 07:00:00,0,0,1764199800000,1764201600000,90484.02000000,100000,0.08036530,0.16894977,0.24931507
2025-11-27 07:00:00,1615,1615,1615,1615,0,2025-11-27 07:30:00,0,0,1764201600000,1764203400000,90218.01000000,100000,0.08030822,0.16900685,0.24931507
2025-11-27 07:30:00,1640,1640,1640,1640,0.02,2025-11-27 08:00:00,32.8,1,1764203400000,1764205200000,90485.85000000,100000,0.08025114,0.16906393,0.24931507
2025-11-27 08:00:00,1730,1730,1730,1730,1.17,2025-11-27 08:30:00,2024.1,1,1764205200000,1764207000000,90719.20000000,100000,0.08019406,0.16912100,0.24931507
2025-11-27 08:30:00,1800,1800,1800,1800,0.11,2025-11-27 09:00:00,198,3,1764207000000,1764208800000,91145.78000000,100000,0.08013699,0.16917808,0.24931507
2025-11-27 09:00:00,1805,1805,1805,1805,1,2025-11-27 09:30:00,1805,1,1764208800000,1764210600000,91480.00000000,100000,0.08007991,0.16923516,0.24931507
2025-11-27 09:30:00,1910,2065,1910,2065,24.39,2025-11-27 10:00:00,48166.3,17,1764210600000,1764212400000,91389.21000000,100000,0.08002283,0.16929224,0.24931507
2025-11-27 10:00:00,1940,1940,1940,1940,0.05,2025-11-27 10:30:00,97,1,1764212400000,1764214200000,91334.53000000,100000,0.07996575,0.16934932,0.24931507
2025-11-27 10:30:00,1940,1940,1940,1940,0,2025-11-27 11:00:00,0,0,1764214200000,1764216000000,91091.68000000,100000,0.07990868,0.16940639,0.24931507
2025-11-27 11:00:00,1865,1865,1865,1865,0.19,2025-11-27 11:30:00,354.35,1,1764216000000,1764217800000,91125.69000000,100000,0.07985160,0.16946347,0.24931507
2025-11-27 11:30:00,1865,1865,1865,1865,0,2025-11-27 12:00:00,0,0,1764217800000,1764219600000,91277.06000000,100000,0.07979452,0.16952055,0.24931507
2025-11-27 12:00:00,1865,1865,1865,1865,0,2025-11-27 12:30:00,0,0,1764219600000,1764221400000,91489.02000000,100000,0.07973744,0.16957763,0.24931507
2025-11-27 12:30:00,1865,1865,1865,1865,0,2025-11-27 13:00:00,0,0,1764221400000,1764223200000,90967.54000000,100000,0.07968037,0.16963470,0.24931507
2025-11-27 13:00:00,1865,1865,1865,1865,0,2025-11-27 13:30:00,0,0,1764223200000,1764225000000,91382.00000000,100000,0.07962329,0.16969178,0.24931507
2025-11-27 13:30:00,1865,1865,1865,1865,0,2025-11-27 14:00:00,0,0,1764225000000,1764226800000,91244.58000000,100000,0.07956621,0.16974886,0.24931507
2025-11-27 14:00:00,1865,1865,1865,1865,0,2025-11-27 14:30:00,0,0,1764226800000,1764228600000,91442.95000000,100000,0.07950913,0.16980594,0.24931507
2025-11-27 14:30:00,1865,1865,1865,1865,0,2025-11-27 15:00:00,0,0,1764228600000,1764230400000,91408.34000000,100000,0.07945205,0.16986301,0.24931507
2025-11-27 15:00:00,1865,1865,1865,1865,0,2025-11-27 15:30:00,0,0,1764230400000,1764232200000,91368.81000000,100000,0.07939498,0.16992009,0.24931507
2025-11-27 15:30:00,1825,1825,1825,1825,4.09,2025-11-27 16:00:00,7464.25,3,1764232200000,1764234000000,91492.02000000,100000,0.07933790,0.16997717,0.24931507
2025-11-27 16:00:00,1910,1910,1910,1910,0.01,2025-11-27 16:30:00,19.1,1,1764234000000,1764235800000,91601.53000000,100000,0.07928082,0.17003425,0.24931507
2025-11-27 16:30:00,1940,1940,1910,1910,1.02,2025-11-27 17:00:00,1948.5,2,1764235800000,1764237600000,91561.67000000,100000,0.07922374,0.17009132,0.24931507
2025-11-27 17:00:00,1910,1910,1910,1910,0,2025-11-27 17:30:00,0,0,1764237600000,1764239400000,91650.57000000,100000,0.07916667,0.17014840,0.24931507
2025-11-27 17:30:00,1910,1910,1910,1910,0,2025-11-27 18:00:00,0,0,1764239400000,1764241200000,91613.51000000,100000,0.07910959,0.17020548,0.24931507
2025-11-27 18:00:00,1880,1880,1855,1855,1.07,2025-11-27 18:30:00,1994.35,2,1764241200000,1764243000000,91361.39000000,100000,0.07905251,0.17026256,0.24931507
2025-11-27 18:30:00,1855,1855,1855,1855,0,2025-11-27 19:00:00,0,0,1764243000000,1764244800000,91371.88000000,100000,0.07899543,0.17031963,0.24931507
2025-11-27 19:00:00,1855,1855,1855,1855,0,2025-11-27 19:30:00,0,0,1764244800000,1764246600000,91277.32000000,100000,0.07893836,0.17037671,0.24931507
2025-11-27 19:30:00,1855,1855,1855,1855,0,2025-11-27 20:00:00,0,0,1764246600000,1764248400000,90986.56000000,100000,0.07888128,0.17043379,0.24931507
2025-11-27 20:00:00,1660,1660,1660,1660,0.05,2025-11-27 20:30:00,83,1,1764248400000,1764250200000,90715.05000000,100000,0.07882420,0.17049087,0.24931507
2025-11-27 20:30:00,1660,1660,1660,1660,0,2025-11-27 21:00:00,0,0,1764250200000,1764252000000,90852.78000000,100000,0.07876712,0.17054795,0.24931507
2025-11-27 21:00:00,1635,1635,1610,1610,1.26,2025-11-27 21:30:00,2034.85,2,1764252000000,1764253800000,90951.57000000,100000,0.07871005,0.17060502,0.24931507
2025-11-27 21:30:00,1610,1610,1610,1610,0,2025-11-27 22:00:00,0,0,1764253800000,1764255600000,90789.68000000,100000,0.07865297,0.17066210,0.24931507
2025-11-27 22:00:00,1600,1600,1600,1600,0.1,2025-11-27 22:30:00,160,1,1764255600000,1764257400000,90931.97000000,100000,0.07859589,0.17071918,0.24931507
2025-11-27 22:30:00,1650,1650,1650,1650,0.06,2025-11-27 23:00:00,99,2,1764257400000,1764259200000,90958.30000000,100000,0.07853881,0.17077626,0.24931507
2025-11-27 23:00:00,1650,1650,1650,1650,0,2025-11-27 23:30:00,0,0,1764259200000,1764261000000,91206.69000000,100000,0.07848174,0.17083333,0.24931507
2025-11-27 23:30:00,1700,1745,1700,1745,5.12,2025-11-28 00:00:00,8754.4,2,1764261000000,1764262800000,91467.13000000,100000,0.07842466,0.17089041,0.24931507
2025-11-28 00:00:00,1740,1755,1740,1755,0.07,2025-11-28 00:30:00,122.7,2,1764262800000,1764264600000,91370.76000000,100000,0.07836758,0.17094749,0.24931507
2025-11-28 00:30:00,1755,1755,1755,1755,0,2025-11-28 01:00:00,0,0,1764264600000,1764266400000,91479.30000000,100000,0.07831050,0.17100457,0.24931507
2025-11-28 01:00:00,1730,1730,1730,1730,0.38,2025-11-28 01:30:00,657.4,1,1764266400000,1764268200000,91420.68000000,100000,0.07825342,0.17106164,0.24931507
2025-11-28 01:30:00,1730,1730,1730,1730,0,2025-11-28 02:00:00,0,0,1764268200000,1764270000000,91791.99000000,100000,0.07819635,0.17111872,0.24931507
2025-11-28 02:00:00,1730,1730,1730,1730,0,2025-11-28 02:30:00,0,0,1764270000000,1764271800000,91620.13000000,100000,0.07813927,0.17117580,0.24931507
2025-11-28 02:30:00,1730,1730,1730,1730,0,2025-11-28 03:00:00,0,0,1764271800000,1764273600000,91528.21000000,100000,0.07808219,0.17123288,0.24931507
2025-11-28 03:00:00,1730,1730,1730,1730,0,2025-11-28 03:30:00,0,0,1764273600000,1764275400000,91429.56000000,100000,0.07802511,0.17128995,0.24931507
2025-11-28 03:30:00,1730,1730,1730,1730,0,2025-11-28 04:00:00,0,0,1764275400000,1764277200000,91433.17000000,100000,0.07796804,0.17134703,0.24931507
2025-11-28 04:00:00,1745,1745,1745,1745,1,2025-11-28 04:30:00,1745,1,1764277200000,1764279000000,91528.50000000,100000,0.07791096,0.17140411,0.24931507
2025-11-28 04:30:00,1745,1745,1745,1745,0,2025-11-28 05:00:00,0,0,1764279000000,1764280800000,91416.99000000,100000,0.07785388,0.17146119,0.24931507
2025-11-28 05:00:00,1745,1745,1745,1745,0,2025-11-28 05:30:00,0,0,1764280800000,1764282600000,91569.77000000,100000,0.07779680,0.17151826,0.24931507
2025-11-28 05:30:00,1745,1745,1745,1745,0,2025-11-28 06:00:00,0,0,1764282600000,1764284400000,91317.65000000,100000,0.07773973,0.17157534,0.24931507
2025-11-28 06:00:00,1745,1745,1745,1745,0,2025-11-28 06:30:00,0,0,1764284400000,1764286200000,91386.48000000,100000,0.07768265,0.17163242,0.24931507
2025-11-28 06:30:00,1745,1745,1745,1745,0,2025-11-28 07:00:00,0,0,1764286200000,1764288000000,91333.95000000,100000,0.07762557,0.17168950,0.24931507
2025-11-28 07:00:00,1735,1735,1735,1735,0.01,2025-11-28 07:30:00,17.35,1,1764288000000,1764289800000,91232.01000000,100000,0.07756849,0.17174658,0.24931507
2025-11-28 07:30:00,1735,1735,1735,1735,0,2025-11-28 08:00:00,0,0,1764289800000,1764291600000,91207.34000000,100000,0.07751142,0.17180365,0.24931507
2025-11-28 08:00:00,1735,1735,1735,1735,0,2025-11-28 08:30:00,0,0,1764291600000,1764293400000,90945.00000000,100000,0.07745434,0.17186073,0.24931507
2025-11-28 08:30:00,1735,1735,1735,1735,0,2025-11-28 09:00:00,0,0,1764293400000,1764295200000,90804.56000000,100000,0.07739726,0.17191781,0.24931507
2025-11-28 09:00:00,1575,1575,1575,1575,0.05,2025-11-28 09:30:00,78.75,1,1764295200000,1764297000000,90690.10000000,100000,0.07734018,0.17197489,0.24931507
2025-11-28 09:30:00,1575,1575,1575,1575,0,2025-11-28 10:00:00,0,0,1764297000000,1764298800000,91083.08000000,100000,0.07728311,0.17203196,0.24931507
2025-11-28 10:00:00,1575,1575,1575,1575,0,2025-11-28 10:30:00,0,0,1764298800000,1764300600000,91212.38000000,100000,0.07722603,0.17208904,0.24931507
2025-11-28 10:30:00,1715,1715,1675,1675,1.5,2025-11-28 11:00:00,2532.5,2,1764300600000,1764302400000,91208.85000000,100000,0.07716895,0.17214612,0.24931507
2025-11-28 11:00:00,1675,1675,1675,1675,0,2025-11-28 11:30:00,0,0,1764302400000,1764304200000,91411.87000000,100000,0.07711187,0.17220320,0.24931507
2025-11-28 11:30:00,1675,1675,1675,1675,0,2025-11-28 12:00:00,0,0,1764304200000,1764306000000,91424.02000000,100000,0.07705479,0.17226027,0.24931507
2025-11-28 12:00:00,1675,1675,1675,1675,0,2025-11-28 12:30:00,0,0,1764306000000,1764307800000,91523.36000000,100000,0.07699772,0.17231735,0.24931507
2025-11-28 12:30:00,1780,1850,1780,1850,0.44,2025-11-28 13:00:00,793.35,3,1764307800000,1764309600000,91612.09000000,100000,0.07694064,0.17237443,0.24931507
2025-11-28 13:00:00,1765,1765,1760,1760,8.5,2025-11-28 13:30:00,14975.8,2,1764309600000,1764311400000,91303.25000000,100000,0.07688356,0.17243151,0.24931507
2025-11-28 13:30:00,1740,1740,1740,1740,0.1,2025-11-28 14:00:00,174,1,1764311400000,1764313200000,91300.69000000,100000,0.07682648,0.17248858,0.24931507
2025-11-28 14:00:00,1740,1740,1740,1740,0,2025-11-28 14:30:00,0,0,1764313200000,1764315000000,91481.34000000,100000,0.07676941,0.17254566,0.24931507
2025-11-28 14:30:00,1595,1595,1595,1595,0.02,2025-11-28 15:00:00,31.9,1,1764315000000,1764316800000,90910.87000000,100000,0.07671233,0.17260274,0.24931507
2025-11-28 15:00:00,1600,1600,1600,1600,5,2025-11-28 15:30:00,8000,2,1764316800000,1764318600000,91148.10000000,100000,0.07665525,0.17265982,0.24931507
2025-11-28 15:30:00,1595,1660,1595,1660,1.57,2025-11-28 16:00:00,2511.3,2,1764318600000,1764320400000,91690.00000000,100000,0.07659817,0.17271689,0.24931507
2025-11-28 16:00:00,1690,1690,1690,1690,0.1,2025-11-28 16:30:00,169,1,1764320400000,1764322200000,91630.79000000,100000,0.07654110,0.17277397,0.24931507
2025-11-28 16:30:00,1690,1690,1690,1690,0,2025-11-28 17:00:00,0,0,1764322200000,1764324000000,91599.99000000,100000,0.07648402,0.17283105,0.24931507
2025-11-28 17:00:00,1690,1690,1690,1690,0,2025-11-28 17:30:00,0,0,1764324000000,1764325800000,91568.16000000,100000,0.07642694,0.17288813,0.24931507
2025-11-28 17:30:00,1690,1690,1690,1690,0,2025-11-28 18:00:00,0,0,1764325800000,1764327600000,91850.49000000,100000,0.07636986,0.17294521,0.24931507
2025-11-28 18:00:00,1690,1690,1690,1690,0,2025-11-28 18:30:00,0,0,1764327600000,1764329400000,91283.17000000,100000,0.07631279,0.17300228,0.24931507
2025-11-28 18:30:00,1690,1690,1690,1690,0,2025-11-28 19:00:00,0,0,1764329400000,1764331200000,91437.64000000,100000,0.07625571,0.17305936,0.24931507
2025-11-28 19:00:00,1620,1620,1620,1620,0.01,2025-11-28 19:30:00,16.2,1,1764331200000,1764333000000,91558.33000000,100000,0.07619863,0.17311644,0.24931507
2025-11-28 19:30:00,1620,1620,1620,1620,0,2025-11-28 20:00:00,0,0,1764333000000,1764334800000,91513.40000000,100000,0.07614155,0.17317352,0.24931507
2025-11-28 20:00:00,1605,1605,1600,1600,1.02,2025-11-28 20:30:00,1632.1,3,1764334800000,1764336600000,91552.24000000,100000,0.07608447,0.17323059,0.24931507
2025-11-28 20:30:00,1600,1600,1600,1600,0,2025-11-28 21:00:00,0,0,1764336600000,1764338400000,92377.01000000,100000,0.07602740,0.17328767,0.24931507
2025-11-28 21:00:00,1860,2060,1860,2060,0.51,2025-11-28 21:30:00,996.9,6,1764338400000,1764340200000,92964.17000000,100000,0.07597032,0.17334475,0.24931507
2025-11-28 21:30:00,2010,2010,1785,1855,0.59,2025-11-28 22:00:00,1124.75,4,1764340200000,1764342000000,92250.01000000,100000,0.07591324,0.17340183,0.24931507
2025-11-28 22:00:00,1835,1985,1835,1965,2.19,2025-11-28 22:30:00,4284.55,3,1764342000000,1764343800000,92668.55000000,100000,0.07585616,0.17345890,0.24931507
2025-11-28 22:30:00,1940,1970,1940,1970,0.92,2025-11-28 23:00:00,1806.4,2,1764343800000,1764345600000,92362.49000000,100000,0.07579909,0.17351598,0.24931507
2025-11-28 23:00:00,1970,1970,1970,1970,0,2025-11-28 23:30:00,0,0,1764345600000,1764347400000,91186.21000000,100000,0.07574201,0.17357306,0.24931507
2025-11-28 23:30:00,1585,1585,1500,1500,0.25,2025-11-29 00:00:00,377.55,3,1764347400000,1764349200000,90936.23000000,100000,0.07568493,0.17363014,0.24931507
2025-11-29 00:00:00,1400,1400,1400,1400,0.2,2025-11-29 00:30:00,280,1,1764349200000,1764351000000,90480.01000000,100000,0.07562785,0.17368721,0.24931507
2025-11-29 00:30:00,1400,1400,1400,1400,0,2025-11-29 01:00:00,0,0,1764351000000,1764352800000,90663.98000000,100000,0.07557078,0.17374429,0.24931507
2025-11-29 01:00:00,1385,1385,1385,1385,0.01,2025-11-29 01:30:00,13.85,1,1764352800000,1764354600000,90791.91000000,100000,0.07551370,0.17380137,0.24931507
2025-11-29 01:30:00,1385,1385,1385,1385,0,2025-11-29 02:00:00,0,0,1764354600000,1764356400000,90830.57000000,100000,0.07545662,0.17385845,0.24931507
2025-11-29 02:00:00,1385,1385,1385,1385,0,2025-11-29 02:30:00,0,0,1764356400000,1764358200000,91091.35000000,100000,0.07539954,0.17391553,0.24931507
2025-11-29 02:30:00,1385,1385,1385,1385,0,2025-11-29 03:00:00,0,0,1764358200000,1764360000000,91157.44000000,100000,0.07534247,0.17397260,0.24931507
2025-11-29 03:00:00,1385,1385,1385,1385,0,2025-11-29 03:30:00,0,0,1764360000000,1764361800000,91156.76000000,100000,0.07528539,0.17402968,0.24931507
2025-11-29 03:30:00,1385,1385,1385,1385,0,2025-11-29 04:00:00,0,0,1764361800000,1764363600000,91201.10000000,100000,0.07522831,0.17408676,0.24931507
2025-11-29 04:00:00,1385,1385,1385,1385,0,2025-11-29 04:30:00,0,0,1764363600000,1764365400000,91137.27000000,100000,0.07517123,0.17414384,0.24931507
2025-11-29 04:30:00,1385,1385,1385,1385,0,2025-11-29 05:00:00,0,0,1764365400000,1764367200000,90888.01000000,100000,0.07511416,0.17420091,0.24931507
2025-11-29 05:00:00,1385,1385,1385,1385,0,2025-11-29 05:30:00,0,0,1764367200000,1764369000000,90871.70000000,100000,0.07505708,0.17425799,0.24931507
2025-11-29 05:30:00,1385,1385,1385,1385,0,2025-11-29 06:00:00,0,0,1764369000000,1764370800000,91122.00000000,100000,0.07500000,0.17431507,0.24931507
2025-11-29 06:00:00,1385,1385,1385,1385,0,2025-11-29 06:30:00,0,0,1764370800000,1764372600000,90982.16000000,100000,0.07494292,0.17437215,0.24931507
2025-11-29 06:30:00,1385,1385,1385,1385,0,2025-11-29 07:00:00,0,0,1764372600000,1764374400000,90890.70000000,100000,0.07488584,0.17442922,0.24931507
2025-11-29 07:00:00,1385,1385,1385,1385,0,2025-11-29 07:30:00,0,0,1764374400000,1764376200000,90895.99000000,100000,0.07482877,0.17448630,0.24931507
2025-11-29 07:30:00,1385,1385,1385,1385,0,2025-11-29 08:00:00,0,0,1764376200000,1764378000000,90884.01000000,100000,0.07477169,0.17454338,0.24931507
2025-11-29 08:00:00,1385,1385,1385,1385,0,2025-11-29 08:30:00,0,0,1764378000000,1764379800000,90964.42000000,100000,0.07471461,0.17460046,0.24931507
2025-11-29 08:30:00,1385,1385,1385,1385,0,2025-11-29 09:00:00,0,0,1764379800000,1764381600000,90881.20000000,100000,0.07465753,0.17465753,0.24931507
2025-11-29 09:00:00,1385,1385,1385,1385,0,2025-11-29 09:30:00,0,0,1764381600000,1764383400000,90845.27000000,100000,0.07460046,0.17471461,0.24931507
2025-11-29 09:30:00,1385,1385,1385,1385,0,2025-11-29 10:00:00,0,0,1764383400000,1764385200000,90798.89000000,100000,0.07454338,0.17477169,0.24931507
2025-11-29 10:00:00,1385,1385,1385,1385,0,2025-11-29 10:30:00,0,0,1764385200000,1764387000000,90720.01000000,100000,0.07448630,0.17482877,0.24931507
2025-11-29 10:30:00,1385,1385,1385,1385,0,2025-11-29 11:00:00,0,0,1764387000000,1764388800000,90680.26000000,100000,0.07442922,0.17488584,0.24931507
2025-11-29 11:00:00,1385,1385,1385,1385,0,2025-11-29 11:30:00,0,0,1764388800000,1764390600000,90697.82000000,100000,0.07437215,0.17494292,0.24931507
2025-11-29 11:30:00,1485,1485,1485,1485,0.24,2025-11-29 12:00:00,356.4,1,1764390600000,1764392400000,90901.56000000,100000,0.07431507,0.17500000,0.24931507
2025-11-29 12:00:00,1485,1485,1485,1485,0,2025-11-29 12:30:00,0,0,1764392400000,1764394200000,90895.69000000,100000,0.07425799,0.17505708,0.24931507
2025-11-29 12:30:00,1485,1485,1485,1485,0,2025-11-29 13:00:00,0,0,1764394200000,1764396000000,90747.16000000,100000,0.07420091,0.17511416,0.24931507
2025-11-29 13:00:00,1485,1485,1485,1485,0,2025-11-29 13:30:00,0,0,1764396000000,1764397800000,90549.78000000,100000,0.07414384,0.17517123,0.24931507
2025-11-29 13:30:00,1485,1485,1485,1485,0,2025-11-29 14:00:00,0,0,1764397800000,1764399600000,90565.29000000,100000,0.07408676,0.17522831,0.24931507
2025-11-29 14:00:00,1485,1485,1485,1485,0,2025-11-29 14:30:00,0,0,1764399600000,1764401400000,90489.48000000,100000,0.07402968,0.17528539,0.24931507
2025-11-29 14:30:00,1485,1485,1485,1485,0,2025-11-29 15:00:00,0,0,1764401400000,1764403200000,90567.67000000,100000,0.07397260,0.17534247,0.24931507
2025-11-29 15:00:00,1485,1485,1485,1485,0,2025-11-29 15:30:00,0,0,1764403200000,1764405000000,90622.93000000,100000,0.07391553,0.17539954,0.24931507
2025-11-29 15:30:00,1485,1485,1485,1485,0,2025-11-29 16:00:00,0,0,1764405000000,1764406800000,90629.67000000,100000,0.07385845,0.17545662,0.24931507
2025-11-29 16:00:00,1485,1485,1485,1485,0,2025-11-29 16:30:00,0,0,1764406800000,1764408600000,90528.31000000,100000,0.07380137,0.17551370,0.24931507
2025-11-29 16:30:00,1485,1485,1485,1485,0,2025-11-29 17:00:00,0,0,1764408600000,1764410400000,90560.08000000,100000,0.07374429,0.17557078,0.24931507
2025-11-29 17:00:00,1400,1400,1400,1400,0.04,2025-11-29 17:30:00,56,1,1764410400000,1764412200000,90572.58000000,100000,0.07368721,0.17562785,0.24931507
2025-11-29 17:30:00,1400,1400,1400,1400,0,2025-11-29 18:00:00,0,0,1764412200000,1764414000000,90552.47000000,100000,0.07363014,0.17568493,0.24931507
2025-11-29 18:00:00,1400,1400,1400,1400,0,2025-11-29 18:30:00,0,0,1764414000000,1764415800000,90543.10000000,100000,0.07357306,0.17574201,0.24931507
2025-11-29 18:30:00,1400,1400,1400,1400,0,2025-11-29 19:00:00,0,0,1764415800000,1764417600000,90673.19000000,100000,0.07351598,0.17579909,0.24931507
2025-11-29 19:00:00,1400,1400,1400,1400,0,2025-11-29 19:30:00,0,0,1764417600000,1764419400000,90557.25000000,100000,0.07345890,0.17585616,0.24931507
2025-11-29 19:30:00,1400,1400,1400,1400,0,2025-11-29 20:00:00,0,0,1764419400000,1764421200000,90616.01000000,100000,0.07340183,0.17591324,0.24931507
2025-11-29 20:00:00,1400,1400,1400,1400,0,2025-11-29 20:30:00,0,0,1764421200000,1764423000000,90765.73000000,100000,0.07334475,0.17597032,0.24931507
2025-11-29 20:30:00,1400,1400,1400,1400,0,2025-11-29 21:00:00,0,0,1764423000000,1764424800000,90783.17000000,100000,0.07328767,0.17602740,0.24931507
2025-11-29 21:00:00,1470,1475,1450,1475,37.2,2025-11-29 21:30:00,54252.2,13,1764424800000,1764426600000,90668.48000000,100000,0.07323059,0.17608447,0.24931507
2025-11-29 21:30:00,1475,1475,1475,1475,0,2025-11-29 22:00:00,0,0,1764426600000,1764428400000,90621.72000000,100000,0.07317352,0.17614155,0.24931507
2025-11-29 22:00:00,1475,1475,1475,1475,0,2025-11-29 22:30:00,0,0,1764428400000,1764430200000,90882.16000000,100000,0.07311644,0.17619863,0.24931507
2025-11-29 22:30:00,1495,1495,1495,1495,0.4,2025-11-29 23:00:00,598,1,1764430200000,1764432000000,91063.50000000,100000,0.07305936,0.17625571,0.24931507
2025-11-29 23:00:00,1525,1525,1525,1525,0.01,2025-11-29 23:30:00,15.25,1,1764432000000,1764433800000,90906.45000000,100000,0.07300228,0.17631279,0.24931507
2025-11-29 23:30:00,1525,1525,1525,1525,0,2025-11-30 00:00:00,0,0,1764433800000,1764435600000,91004.03000000,100000,0.07294521,0.17636986,0.24931507
2025-11-30 00:00:00,1525,1525,1525,1525,0,2025-11-30 00:30:00,0,0,1764435600000,1764437400000,90706.10000000,100000,0.07288813,0.17642694,0.24931507
2025-11-30 00:30:00,1525,1525,1525,1525,0,2025-11-30 01:00:00,0,0,1764437400000,1764439200000,90421.21000000,100000,0.07283105,0.17648402,0.24931507
2025-11-30 01:00:00,1525,1525,1525,1525,0,2025-11-30 01:30:00,0,0,1764439200000,1764441000000,90298.97000000,100000,0.07277397,0.17654110,0.24931507
2025-11-30 01:30:00,1525,1525,1525,1525,0,2025-11-30 02:00:00,0,0,1764441000000,1764442800000,90690.84000000,100000,0.07271689,0.17659817,0.24931507
2025-11-30 02:00:00,1525,1525,1525,1525,0,2025-11-30 02:30:00,0,0,1764442800000,1764444600000,90806.52000000,100000,0.07265982,0.17665525,0.24931507
2025-11-30 02:30:00,1525,1525,1525,1525,0,2025-11-30 03:00:00,0,0,1764444600000,1764446400000,90640.78000000,100000,0.07260274,0.17671233,0.24931507
2025-11-30 03:00:00,1525,1525,1525,1525,0,2025-11-30 03:30:00,0,0,1764446400000,1764448200000,90654.10000000,100000,0.07254566,0.17676941,0.24931507
2025-11-30 03:30:00,1525,1525,1525,1525,0,2025-11-30 04:00:00,0,0,1764448200000,1764450000000,90963.29000000,100000,0.07248858,0.17682648,0.24931507
2025-11-30 04:00:00,1525,1525,1525,1525,0,2025-11-30 04:30:00,0,0,1764450000000,1764451800000,90942.19000000,100000,0.07243151,0.17688356,0.24931507
2025-11-30 04:30:00,1525,1525,1525,1525,0,2025-11-30 05:00:00,0,0,1764451800000,1764453600000,91008.68000000,100000,0.07237443,0.17694064,0.24931507
2025-11-30 05:00:00,1525,1525,1525,1525,0,2025-11-30 05:30:00,0,0,1764453600000,1764455400000,90729.04000000,100000,0.07231735,0.17699772,0.24931507
2025-11-30 05:30:00,1525,1525,1525,1525,0,2025-11-30 06:00:00,0,0,1764455400000,1764457200000,90753.02000000,100000,0.07226027,0.17705479,0.24931507
2025-11-30 06:00:00,1525,1525,1525,1525,0,2025-11-30 06:30:00,0,0,1764457200000,1764459000000,90817.30000000,100000,0.07220320,0.17711187,0.24931507
2025-11-30 06:30:00,1525,1525,1525,1525,0,2025-11-30 07:00:00,0,0,1764459000000,1764460800000,90802.44000000,100000,0.07214612,0.17716895,0.24931507
2025-11-30 07:00:00,1525,1525,1525,1525,0,2025-11-30 07:30:00,0,0,1764460800000,1764462600000,90863.03000000,100000,0.07208904,0.17722603,0.24931507
2025-11-30 07:30:00,1525,1525,1525,1525,0,2025-11-30 08:00:00,0,0,1764462600000,1764464400000,90893.94000000,100000,0.07203196,0.17728311,0.24931507
2025-11-30 08:00:00,1525,1525,1525,1525,0,2025-11-30 08:30:00,0,0,1764464400000,1764466200000,90954.35000000,100000,0.07197489,0.17734018,0.24931507
2025-11-30 08:30:00,1525,1525,1525,1525,0,2025-11-30 09:00:00,0,0,1764466200000,1764468000000,90913.31000000,100000,0.07191781,0.17739726,0.24931507
2025-11-30 09:00:00,1475,1475,1475,1475,0.01,2025-11-30 09:30:00,14.75,1,1764468000000,1764469800000,90959.99000000,100000,0.07186073,0.17745434,0.24931507
2025-11-30 09:30:00,1450,1450,1450,1450,0.04,2025-11-30 10:00:00,58,1,1764469800000,1764471600000,90795.51000000,100000,0.07180365,0.17751142,0.24931507
2025-11-30 10:00:00,1450,1450,1450,1450,0,2025-11-30 10:30:00,0,0,1764471600000,1764473400000,90687.23000000,100000,0.07174658,0.17756849,0.24931507
2025-11-30 10:30:00,1430,1430,1430,1430,0.03,2025-11-30 11:00:00,42.9,1,1764473400000,1764475200000,90909.35000000,100000,0.07168950,0.17762557,0.24931507
2025-11-30 11:00:00,1430,1430,1430,1430,0,2025-11-30 11:30:00,0,0,1764475200000,1764477000000,90870.53000000,100000,0.07163242,0.17768265,0.24931507
2025-11-30 11:30:00,1430,1430,1430,1430,0,2025-11-30 12:00:00,0,0,1764477000000,1764478800000,90858.00000000,100000,0.07157534,0.17773973,0.24931507
2025-11-30 12:00:00,1430,1430,1430,1430,0,2025-11-30 12:30:00,0,0,1764478800000,1764480600000,90682.90000000,100000,0.07151826,0.17779680,0.24931507
2025-11-30 12:30:00,1430,1430,1430,1430,0,2025-11-30 13:00:00,0,0,1764480600000,1764482400000,90783.75000000,100000,0.07146119,0.17785388,0.24931507
2025-11-30 13:00:00,1430,1430,1430,1430,0,2025-11-30 13:30:00,0,0,1764482400000,1764484200000,90908.95000000,100000,0.07140411,0.17791096,0.24931507
2025-11-30 13:30:00,1430,1430,1430,1430,0,2025-11-30 14:00:00,0,0,1764484200000,1764486000000,90898.68000000,100000,0.07134703,0.17796804,0.24931507
2025-11-30 14:00:00,1430,1430,1430,1430,0,2025-11-30 14:30:00,0,0,1764486000000,1764487800000,90955.40000000,100000,0.07128995,0.17802511,0.24931507
2025-11-30 14:30:00,1430,1430,1430,1430,0,2025-11-30 15:00:00,0,0,1764487800000,1764489600000,90968.16000000,100000,0.07123288,0.17808219,0.24931507
2025-11-30 15:00:00,1505,1505,1505,1505,2.27,2025-11-30 15:30:00,3416.35,1,1764489600000,1764491400000,91161.61000000,100000,0.07117580,0.17813927,0.24931507
2025-11-30 15:30:00,1505,1505,1505,1505,0,2025-11-30 16:00:00,0,0,1764491400000,1764493200000,91184.45000000,100000,0.07111872,0.17819635,0.24931507
2025-11-30 16:00:00,1565,1565,1565,1565,5.78,2025-11-30 16:30:00,9045.7,2,1764493200000,1764495000000,91420.71000000,100000,0.07106164,0.17825342,0.24931507
2025-11-30 16:30:00,1520,1520,1520,1520,0.14,2025-11-30 17:00:00,212.8,1,1764495000000,1764496800000,91413.07000000,100000,0.07100457,0.17831050,0.24931507
2025-11-30 17:00:00,1520,1520,1520,1520,0,2025-11-30 17:30:00,0,0,1764496800000,1764498600000,91396.87000000,100000,0.07094749,0.17836758,0.24931507
2025-11-30 17:30:00,1520,1520,1520,1520,0,2025-11-30 18:00:00,0,0,1764498600000,1764500400000,91234.31000000,100000,0.07089041,0.17842466,0.24931507
2025-11-30 18:00:00,1520,1520,1520,1520,0,2025-11-30 18:30:00,0,0,1764500400000,1764502200000,91255.15000000,100000,0.07083333,0.17848174,0.24931507
2025-11-30 18:30:00,1520,1520,1520,1520,0,2025-11-30 19:00:00,0,0,1764502200000,1764504000000,91048.78000000,100000,0.07077626,0.17853881,0.24931507
2025-11-30 19:00:00,1520,1520,1520,1520,0,2025-11-30 19:30:00,0,0,1764504000000,1764505800000,91262.02000000,100000,0.07071918,0.17859589,0.24931507
2025-11-30 19:30:00,1520,1520,1520,1520,0,2025-11-30 20:00:00,0,0,1764505800000,1764507600000,91469.51000000,100000,0.07066210,0.17865297,0.24931507
2025-11-30 20:00:00,1520,1520,1520,1520,0,2025-11-30 20:30:00,0,0,1764507600000,1764509400000,91851.19000000,100000,0.07060502,0.17871005,0.24931507
2025-11-30 20:30:00,1520,1520,1520,1520,0,2025-11-30 21:00:00,0,0,1764509400000,1764511200000,91769.99000000,100000,0.07054795,0.17876712,0.24931507
2025-11-30 21:00:00,1520,1520,1520,1520,0,2025-11-30 21:30:00,0,0,1764511200000,1764513000000,91554.20000000,100000,0.07049087,0.17882420,0.24931507
2025-11-30 21:30:00,1520,1520,1520,1520,0,2025-11-30 22:00:00,0,0,1764513000000,1764514800000,91499.99000000,100000,0.07043379,0.17888128,0.24931507
2025-11-30 22:00:00,1520,1520,1520,1520,0,2025-11-30 22:30:00,0,0,1764514800000,1764516600000,91576.62000000,100000,0.07037671,0.17893836,0.24931507
2025-11-30 22:30:00,1520,1520,1520,1520,0,2025-11-30 23:00:00,0,0,1764516600000,1764518400000,91435.31000000,100000,0.07031963,0.17899543,0.24931507
2025-11-30 23:00:00,1520,1520,1520,1520,0,2025-11-30 23:30:00,0,0,1764518400000,1764520200000,91754.67000000,100000,0.07026256,0.17905251,0.24931507
2025-11-30 23:30:00,1520,1520,1520,1520,0,2025-12-01 00:00:00,0,0,1764520200000,1764522000000,91825.18000000,100000,0.07020548,0.17910959,0.24931507
2025-12-01 00:00:00,1520,1520,1520,1520,0,2025-12-01 00:30:00,0,0,1764522000000,1764523800000,91386.27000000,100000,0.07014840,0.17916667,0.24931507
2025-12-01 00:30:00,1520,1520,1520,1520,0,2025-12-01 01:00:00,0,0,1764523800000,1764525600000,91488.19000000,100000,0.07009132,0.17922374,0.24931507
2025-12-01 01:00:00,1520,1520,1520,1520,0,2025-12-01 01:30:00,0,0,1764525600000,1764527400000,91394.73000000,100000,0.07003425,0.17928082,0.24931507
2025-12-01 01:30:00,1520,1520,1520,1520,0,2025-12-01 02:00:00,0,0,1764527400000,1764529200000,91459.90000000,100000,0.06997717,0.17933790,0.24931507
2025-12-01 02:00:00,1520,1520,1520,1520,0,2025-12-01 02:30:00,0,0,1764529200000,1764531000000,91346.67000000,100000,0.06992009,0.17939498,0.24931507
2025-12-01 02:30:00,1520,1520,1520,1520,0,2025-12-01 03:00:00,0,0,1764531000000,1764532800000,91460.79000000,100000,0.06986301,0.17945205,0.24931507
2025-12-01 03:00:00,1520,1520,1520,1520,0,2025-12-01 03:30:00,0,0,1764532800000,1764534600000,91313.35000000,100000,0.06980594,0.17950913,0.24931507
2025-12-01 03:30:00,1540,1540,1540,1540,0.04,2025-12-01 04:00:00,61.6,1,1764534600000,1764536400000,91315.60000000,100000,0.06974886,0.17956621,0.24931507
2025-12-01 04:00:00,1535,1535,1535,1535,0.03,2025-12-01 04:30:00,46.05,1,1764536400000,1764538200000,91074.85000000,100000,0.06969178,0.17962329,0.24931507
2025-12-01 04:30:00,1535,1535,1535,1535,0,2025-12-01 05:00:00,0,0,1764538200000,1764540000000,91174.22000000,100000,0.06963470,0.17968037,0.24931507
2025-12-01 05:00:00,1535,1535,1535,1535,0,2025-12-01 05:30:00,0,0,1764540000000,1764541800000,91230.16000000,100000,0.06957763,0.17973744,0.24931507
2025-12-01 05:30:00,1535,1535,1535,1535,0,2025-12-01 06:00:00,0,0,1764541800000,1764543600000,91225.28000000,100000,0.06952055,0.17979452,0.24931507
2025-12-01 06:00:00,1535,1535,1535,1535,0,2025-12-01 06:30:00,0,0,1764543600000,1764545400000,90660.45000000,100000,0.06946347,0.17985160,0.24931507
2025-12-01 06:30:00,1535,1535,1535,1535,0,2025-12-01 07:00:00,0,0,1764545400000,1764547200000,90360.00000000,100000,0.06940639,0.17990868,0.24931507
2025-12-01 07:00:00,1170,1170,1130,1130,3.4,2025-12-01 07:30:00,3935.35,6,1764547200000,1764549000000,88375.56000000,100000,0.06934932,0.17996575,0.24931507
2025-12-01 07:30:00,1130,1130,1130,1130,0,2025-12-01 08:00:00,0,0,1764549000000,1764550800000,87000.00000000,100000,0.06929224,0.18002283,0.24931507
2025-12-01 08:00:00,930,950,910,910,8.63,2025-12-01 08:30:00,7858.15,6,1764550800000,1764552600000,87268.11000000,100000,0.06923516,0.18007991,0.24931507
2025-12-01 08:30:00,910,910,910,910,0,2025-12-01 09:00:00,0,0,1764552600000,1764554400000,87168.91000000,100000,0.06917808,0.18013699,0.24931507
2025-12-01 09:00:00,805,805,805,805,1,2025-12-01 09:30:00,805,1,1764554400000,1764556200000,87088.25000000,100000,0.06912100,0.18019406,0.24931507
2025-12-01 09:30:00,805,805,805,805,0,2025-12-01 10:00:00,0,0,1764556200000,1764558000000,86722.29000000,100000,0.06906393,0.18025114,0.24931507
2025-12-01 10:00:00,805,805,805,805,0,2025-12-01 10:30:00,0,0,1764558000000,1764559800000,86381.97000000,100000,0.06900685,0.18030822,0.24931507
2025-12-01 10:30:00,710,710,690,690,0.18,2025-12-01 11:00:00,126.2,2,1764559800000,1764561600000,86346.13000000,100000,0.06894977,0.18036530,0.24931507
2025-12-01 11:00:00,690,690,645,645,0.49,2025-12-01 11:30:00,320.1,2,1764561600000,1764563400000,85733.67000000,100000,0.06889269,0.18042237,0.24931507
2025-12-01 11:30:00,645,660,645,660,1.14,2025-12-01 12:00:00,741.75,4,1764563400000,1764565200000,85801.03000000,100000,0.06883562,0.18047945,0.24931507
2025-12-01 12:00:00,660,660,660,660,0,2025-12-01 12:30:00,0,0,1764565200000,1764567000000,86006.85000000,100000,0.06877854,0.18053653,0.24931507
2025-12-01 12:30:00,650,650,625,625,1.26,2025-12-01 13:00:00,812.5,2,1764567000000,1764568800000,86001.08000000,100000,0.06872146,0.18059361,0.24931507
2025-12-01 13:00:00,655,665,655,665,0.87,2025-12-01 13:30:00,578.45,2,1764568800000,1764570600000,86074.30000000,100000,0.06866438,0.18065068,0.24931507
2025-12-01 13:30:00,645,645,645,645,0.38,2025-12-01 14:00:00,245.1,2,1764570600000,1764572400000,86234.16000000,100000,0.06860731,0.18070776,0.24931507
2025-12-01 14:00:00,645,645,645,645,0,2025-12-01 14:30:00,0,0,1764572400000,1764574200000,86246.84000000,100000,0.06855023,0.18076484,0.24931507
2025-12-01 14:30:00,665,665,650,650,2.49,2025-12-01 15:00:00,1655.7,2,1764574200000,1764576000000,86550.30000000,100000,0.06849315,0.18082192,0.24931507
2025-12-01 15:00:00,635,635,635,635,2.48,2025-12-01 15:30:00,1574.8,1,1764576000000,1764577800000,86649.99000000,100000,0.06843607,0.18087900,0.24931507
2025-12-01 15:30:00,670,670,670,670,0.1,2025-12-01 16:00:00,67,1,1764577800000,1764579600000,86869.51000000,100000,0.06837900,0.18093607,0.24931507
2025-12-01 16:00:00,670,670,670,670,0,2025-12-01 16:30:00,0,0,1764579600000,1764581400000,86606.01000000,100000,0.06832192,0.18099315,0.24931507
2025-12-01 16:30:00,665,665,665,665,1,2025-12-01 17:00:00,665,1,1764581400000,1764583200000,86704.86000000,100000,0.06826484,0.18105023,0.24931507
2025-12-01 17:00:00,665,665,665,665,0,2025-12-01 17:30:00,0,0,1764583200000,1764585000000,86596.11000000,100000,0.06820776,0.18110731,0.24931507
2025-12-01 17:30:00,665,665,665,665,0,2025-12-01 18:00:00,0,0,1764585000000,1764586800000,86647.73000000,100000,0.06815068,0.18116438,0.24931507
2025-12-01 18:00:00,665,665,665,665,0,2025-12-01 18:30:00,0,0,1764586800000,1764588600000,86464.73000000,100000,0.06809361,0.18122146,0.24931507
2025-12-01 18:30:00,665,665,665,665,0,2025-12-01 19:00:00,0,0,1764588600000,1764590400000,86149.15000000,100000,0.06803653,0.18127854,0.24931507
2025-12-01 19:00:00,635,635,635,635,2.14,2025-12-01 19:30:00,1358.9,1,1764590400000,1764592200000,85835.30000000,100000,0.06797945,0.18133562,0.24931507
2025-12-01 19:30:00,635,635,595,595,6.12,2025-12-01 20:00:00,3713.5,4,1764592200000,1764594000000,85430.64000000,100000,0.06792237,0.18139269,0.24931507
2025-12-01 20:00:00,685,685,640,660,4.29,2025-12-01 20:30:00,2800.3,5,1764594000000,1764595800000,85994.00000000,100000,0.06786530,0.18144977,0.24931507
2025-12-01 20:30:00,635,635,635,635,1.34,2025-12-01 21:00:00,850.9,2,1764595800000,1764597600000,85986.85000000,100000,0.06780822,0.18150685,0.24931507
2025-12-01 21:00:00,685,690,665,670,3.75,2025-12-01 21:30:00,2553.7,8,1764597600000,1764599400000,86244.01000000,100000,0.06775114,0.18156393,0.24931507
2025-12-01 21:30:00,725,725,675,685,4.22,2025-12-01 22:00:00,2936.1,5,1764599400000,1764601200000,86067.90000000,100000,0.06769406,0.18162100,0.24931507
2025-12-01 22:00:00,685,685,685,685,0,2025-12-01 22:30:00,0,0,1764601200000,1764603000000,84955.95000000,100000,0.06763699,0.18167808,0.24931507
2025-12-01 22:30:00,580,600,580,600,4.87,2025-12-01 23:00:00,2908.1,10,1764603000000,1764604800000,84677.87000000,100000,0.06757991,0.18173516,0.24931507
2025-12-01 23:00:00,555,555,555,555,0.5,2025-12-01 23:30:00,277.5,1,1764604800000,1764606600000,84558.00000000,100000,0.06752283,0.18179224,0.24931507
2025-12-01 23:30:00,555,555,555,555,0,2025-12-02 00:00:00,0,0,1764606600000,1764608400000,84571.80000000,100000,0.06746575,0.18184932,0.24931507
2025-12-02 00:00:00,555,555,555,555,0.01,2025-12-02 00:30:00,5.55,1,1764608400000,1764610200000,84984.34000000,100000,0.06740868,0.18190639,0.24931507
2025-12-02 00:30:00,600,600,595,595,2.21,2025-12-02 01:00:00,1322.8,4,1764610200000,1764612000000,84920.30000000,100000,0.06735160,0.18196347,0.24931507
2025-12-02 01:00:00,595,595,595,595,0,2025-12-02 01:30:00,0,0,1764612000000,1764613800000,85306.00000000,100000,0.06729452,0.18202055,0.24931507
2025-12-02 01:30:00,600,600,575,575,0.31,2025-12-02 02:00:00,185.75,2,1764613800000,1764615600000,85199.48000000,100000,0.06723744,0.18207763,0.24931507
2025-12-02 02:00:00,600,600,600,600,0.67,2025-12-02 02:30:00,402,1,1764615600000,1764617400000,84738.33000000,100000,0.06718037,0.18213470,0.24931507
2025-12-02 02:30:00,600,600,600,600,0,2025-12-02 03:00:00,0,0,1764617400000,1764619200000,85024.50000000,100000,0.06712329,0.18219178,0.24931507
2025-12-02 03:00:00,580,620,580,620,4.33,2025-12-02 03:30:00,2598,6,1764619200000,1764621000000,85266.52000000,100000,0.06706621,0.18224886,0.24931507
2025-12-02 03:30:00,615,625,615,625,1.73,2025-12-02 04:00:00,1064.95,2,1764621000000,1764622800000,85518.00000000,100000,0.06700913,0.18230594,0.24931507
2025-12-02 04:00:00,625,625,625,625,0,2025-12-02 04:30:00,0,0,1764622800000,1764624600000,86170.19000000,100000,0.06695205,0.18236301,0.24931507
2025-12-02 04:30:00,625,625,625,625,0,2025-12-02 05:00:00,0,0,1764624600000,1764626400000,86436.65000000,100000,0.06689498,0.18242009,0.24931507
2025-12-02 05:00:00,780,790,775,775,4.22,2025-12-02 05:30:00,3284.1,6,1764626400000,1764628200000,86430.94000000,100000,0.06683790,0.18247717,0.24931507
2025-12-02 05:30:00,775,775,775,775,0,2025-12-02 06:00:00,0,0,1764628200000,1764630000000,86572.65000000,100000,0.06678082,0.18253425,0.24931507
2025-12-02 06:00:00,765,780,765,780,3.92,2025-12-02 06:30:00,3019.95,5,1764630000000,1764631800000,86742.71000000,100000,0.06672374,0.18259132,0.24931507
2025-12-02 06:30:00,780,780,780,780,0,2025-12-02 07:00:00,0,0,1764631800000,1764633600000,86286.01000000,100000,0.06666667,0.18264840,0.24931507
2025-12-02 07:00:00,710,710,710,710,2.69,2025-12-02 07:30:00,1909.9,2,1764633600000,1764635400000,86329.65000000,100000,0.06660959,0.18270548,0.24931507
2025-12-02 07:30:00,710,710,710,710,0,2025-12-02 08:00:00,0,0,1764635400000,1764637200000,86513.33000000,100000,0.06655251,0.18276256,0.24931507
2025-12-02 08:00:00,745,745,745,745,0.01,2025-12-02 08:30:00,7.45,1,1764637200000,1764639000000,86737.81000000,100000,0.06649543,0.18281963,0.24931507
2025-12-02 08:30:00,655,655,655,655,0.85,2025-12-02 09:00:00,556.75,3,1764639000000,1764640800000,86454.93000000,100000,0.06643836,0.18287671,0.24931507
2025-12-02 09:00:00,645,645,645,645,0.02,2025-12-02 09:30:00,12.9,1,1764640800000,1764642600000,86676.59000000,100000,0.06638128,0.18293379,0.24931507
2025-12-02 09:30:00,675,675,630,630,2.59,2025-12-02 10:00:00,1634.35,3,1764642600000,1764644400000,86554.47000000,100000,0.06632420,0.18299087,0.24931507
2025-12-02 10:00:00,635,635,635,635,0.55,2025-12-02 10:30:00,349.25,4,1764644400000,1764646200000,86356.75000000,100000,0.06626712,0.18304795,0.24931507
2025-12-02 10:30:00,645,670,645,670,3.01,2025-12-02 11:00:00,1976.45,3,1764646200000,1764648000000,86976.99000000,100000,0.06621005,0.18310502,0.24931507
2025-12-02 11:00:00,685,685,685,685,3.76,2025-12-02 11:30:00,2575.6,2,1764648000000,1764649800000,87032.00000000,100000,0.06615297,0.18316210,0.24931507
2025-12-02 11:30:00,660,660,660,660,0.6,2025-12-02 12:00:00,396,1,1764649800000,1764651600000,86970.28000000,100000,0.06609589,0.18321918,0.24931507
2025-12-02 12:00:00,660,660,660,660,0.4,2025-12-02 12:30:00,264,1,1764651600000,1764653400000,86911.38000000,100000,0.06603881,0.18327626,0.24931507
2025-12-02 12:30:00,660,660,660,660,0,2025-12-02 13:00:00,0,0,1764653400000,1764655200000,87008.20000000,100000,0.06598174,0.18333333,0.24931507
2025-12-02 13:00:00,655,655,640,640,0.16,2025-12-02 13:30:00,102.8,3,1764655200000,1764657000000,86921.98000000,100000,0.06592466,0.18339041,0.24931507
2025-12-02 13:30:00,670,670,670,670,0.14,2025-12-02 14:00:00,93.8,1,1764657000000,1764658800000,87090.46000000,100000,0.06586758,0.18344749,0.24931507
2025-12-02 14:00:00,670,670,670,670,0,2025-12-02 14:30:00,0,0,1764658800000,1764660600000,86913.90000000,100000,0.06581050,0.18350457,0.24931507
2025-12-02 14:30:00,665,670,665,670,0.21,2025-12-02 15:00:00,139.9,6,1764660600000,1764662400000,87012.65000000,100000,0.06575342,0.18356164,0.24931507
2025-12-02 15:00:00,670,670,670,670,0,2025-12-02 15:30:00,0,0,1764662400000,1764664200000,86490.80000000,100000,0.06569635,0.18361872,0.24931507
2025-12-02 15:30:00,635,635,635,635,0.01,2025-12-02 16:00:00,6.35,1,1764664200000,1764666000000,86471.89000000,100000,0.06563927,0.18367580,0.24931507
2025-12-02 16:00:00,640,670,640,670,3.09,2025-12-02 16:30:00,1978.1,4,1764666000000,1764667800000,86872.76000000,100000,0.06558219,0.18373288,0.24931507
2025-12-02 16:30:00,665,665,655,655,0.02,2025-12-02 17:00:00,13.2,2,1764667800000,1764669600000,86769.87000000,100000,0.06552511,0.18378995,0.24931507
2025-12-02 17:00:00,650,650,650,650,0.02,2025-12-02 17:30:00,13,1,1764669600000,1764671400000,86797.67000000,100000,0.06546804,0.18384703,0.24931507
2025-12-02 17:30:00,705,705,705,705,0.2,2025-12-02 18:00:00,141,1,1764671400000,1764673200000,87272.44000000,100000,0.06541096,0.18390411,0.24931507
2025-12-02 18:00:00,705,705,705,705,0,2025-12-02 18:30:00,0,0,1764673200000,1764675000000,87419.99000000,100000,0.06535388,0.18396119,0.24931507
2025-12-02 18:30:00,705,705,705,705,0,2025-12-02 19:00:00,0,0,1764675000000,1764676800000,87368.92000000,100000,0.06529680,0.18401826,0.24931507
2025-12-02 19:00:00,705,705,705,705,0,2025-12-02 19:30:00,0,0,1764676800000,1764678600000,87454.77000000,100000,0.06523973,0.18407534,0.24931507
2025-12-02 19:30:00,705,705,705,705,0,2025-12-02 20:00:00,0,0,1764678600000,1764680400000,87264.20000000,100000,0.06518265,0.18413242,0.24931507
2025-12-02 20:00:00,705,705,705,705,0,2025-12-02 20:30:00,0,0,1764680400000,1764682200000,87315.80000000,100000,0.06512557,0.18418950,0.24931507
2025-12-02 20:30:00,705,705,705,705,0,2025-12-02 21:00:00,0,0,1764682200000,1764684000000,87731.41000000,100000,0.06506849,0.18424658,0.24931507
2025-12-02 21:00:00,845,880,845,880,2.27,2025-12-02 21:30:00,1953.65,3,1764684000000,1764685800000,88675.45000000,100000,0.06501142,0.18430365,0.24931507
2025-12-02 21:30:00,930,945,880,880,1.31,2025-12-02 22:00:00,1224.15,12,1764685800000,1764687600000,89271.99000000,100000,0.06495434,0.18436073,0.24931507
2025-12-02 22:00:00,1030,1315,1030,1195,8.18,2025-12-02 22:30:00,10140.25,12,1764687600000,1764689400000,90174.52000000,100000,0.06489726,0.18441781,0.24931507
2025-12-02 22:30:00,1230,1385,1230,1385,1.19,2025-12-02 23:00:00,1617.15,2,1764689400000,1764691200000,90850.01000000,100000,0.06484018,0.18447489,0.24931507
2025-12-02 23:00:00,1320,1320,1205,1210,3.01,2025-12-02 23:30:00,3639.6,4,1764691200000,1764693000000,90277.71000000,100000,0.06478311,0.18453196,0.24931507
2025-12-02 23:30:00,1270,1305,1270,1305,2.26,2025-12-03 00:00:00,2871.95,2,1764693000000,1764694800000,90759.15000000,100000,0.06472603,0.18458904,0.24931507
2025-12-03 00:00:00,1315,1315,1315,1315,0.05,2025-12-03 00:30:00,65.75,1,1764694800000,1764696600000,91756.00000000,100000,0.06466895,0.18464612,0.24931507
2025-12-03 00:30:00,1465,1465,1465,1465,5.43,2025-12-03 01:00:00,7954.95,2,1764696600000,1764698400000,91458.40000000,100000,0.06461187,0.18470320,0.24931507
2025-12-03 01:00:00,1535,1535,1520,1520,1.22,2025-12-03 01:30:00,1856.05,2,1764698400000,1764700200000,91914.39000000,100000,0.06455479,0.18476027,0.24931507
2025-12-03 01:30:00,1520,1520,1520,1520,0,2025-12-03 02:00:00,0,0,1764700200000,1764702000000,91954.49000000,100000,0.06449772,0.18481735,0.24931507
2025-12-03 02:00:00,1520,1520,1520,1520,0,2025-12-03 02:30:00,0,0,1764702000000,1764703800000,92017.65000000,100000,0.06444064,0.18487443,0.24931507
2025-12-03 02:30:00,1520,1520,1520,1520,0,2025-12-03 03:00:00,0,0,1764703800000,1764705600000,91903.39000000,100000,0.06438356,0.18493151,0.24931507
2025-12-03 03:00:00,1520,1520,1520,1520,0,2025-12-03 03:30:00,0,0,1764705600000,1764707400000,90974.78000000,100000,0.06432648,0.18498858,0.24931507
2025-12-03 03:30:00,1520,1520,1520,1520,0,2025-12-03 04:00:00,0,0,1764707400000,1764709200000,91026.67000000,100000,0.06426941,0.18504566,0.24931507
2025-12-03 04:00:00,1520,1520,1520,1520,0,2025-12-03 04:30:00,0,0,1764709200000,1764711000000,91429.40000000,100000,0.06421233,0.18510274,0.24931507
2025-12-03 04:30:00,1520,1520,1520,1520,0.02,2025-12-03 05:00:00,30.4,1,1764711000000,1764712800000,91562.43000000,100000,0.06415525,0.18515982,0.24931507
2025-12-03 05:00:00,1520,1540,1520,1540,0.88,2025-12-03 05:30:00,1345.6,3,1764712800000,1764714600000,91620.12000000,100000,0.06409817,0.18521689,0.24931507
2025-12-03 05:30:00,1535,1535,1535,1535,0.1,2025-12-03 06:00:00,153.5,1,1764714600000,1764716400000,91981.91000000,100000,0.06404110,0.18527397,0.24931507
2025-12-03 06:00:00,1535,1535,1535,1535,0,2025-12-03 06:30:00,0,0,1764716400000,1764718200000,91666.87000000,100000,0.06398402,0.18533105,0.24931507
2025-12-03 06:30:00,1435,1435,1435,1435,1.38,2025-12-03 07:00:00,1980.3,1,1764718200000,1764720000000,91277.88000000,100000,0.06392694,0.18538813,0.24931507
2025-12-03 07:00:00,1380,1380,1380,1380,1.37,2025-12-03 07:30:00,1890.6,1,1764720000000,1764721800000,91183.20000000,100000,0.06386986,0.18544521,0.24931507
2025-12-03 07:30:00,1440,1440,1440,1440,0.26,2025-12-03 08:00:00,374.4,1,1764721800000,1764723600000,91660.12000000,100000,0.06381279,0.18550228,0.24931507
2025-12-03 08:00:00,1440,1440,1440,1440,0,2025-12-03 08:30:00,0,0,1764723600000,1764725400000,91902.28000000,100000,0.06375571,0.18555936,0.24931507
2025-12-03 08:30:00,1500,1595,1500,1595,0.49,2025-12-03 09:00:00,772.8,3,1764725400000,1764727200000,92251.63000000,100000,0.06369863,0.18561644,0.24931507
2025-12-03 09:00:00,1570,1750,1570,1750,7.68,2025-12-03 09:30:00,13207.55,11,1764727200000,1764729000000,92806.76000000,100000,0.06364155,0.18567352,0.24931507
2025-12-03 09:30:00,1745,1745,1595,1690,5.37,2025-12-03 10:00:00,8761.75,11,1764729000000,1764730800000,92817.92000000,100000,0.06358447,0.18573059,0.24931507
2025-12-03 10:00:00,1690,1690,1690,1690,0,2025-12-03 10:30:00,0,0,1764730800000,1764732600000,92836.38000000,100000,0.06352740,0.18578767,0.24931507
2025-12-03 10:30:00,1710,1710,1680,1680,0.02,2025-12-03 11:00:00,33.9,2,1764732600000,1764734400000,92628.91000000,100000,0.06347032,0.18584475,0.24931507
2025-12-03 11:00:00,1680,1680,1680,1680,0,2025-12-03 11:30:00,0,0,1764734400000,1764736200000,92823.30000000,100000,0.06341324,0.18590183,0.24931507
2025-12-03 11:30:00,1755,1800,1725,1800,1.52,2025-12-03 12:00:00,2657.8,6,1764736200000,1764738000000,93362.21000000,100000,0.06335616,0.18595890,0.24931507
2025-12-03 12:00:00,1825,1825,1825,1825,2.39,2025-12-03 12:30:00,4361.75,2,1764738000000,1764739800000,93351.31000000,100000,0.06329909,0.18601598,0.24931507
2025-12-03 12:30:00,1850,1900,1850,1885,2.03,2025-12-03 13:00:00,3756.6,4,1764739800000,1764741600000,93642.92000000,100000,0.06324201,0.18607306,0.24931507
2025-12-03 13:00:00,1955,1955,1955,1955,0.01,2025-12-03 13:30:00,19.55,1,1764741600000,1764743400000,93935.83000000,100000,0.06318493,0.18613014,0.24931507
2025-12-03 13:30:00,1770,1770,1770,1770,0.04,2025-12-03 14:00:00,70.8,1,1764743400000,1764745200000,93431.80000000,100000,0.06312785,0.18618721,0.24931507
2025-12-03 14:00:00,1800,1800,1695,1695,0.47,2025-12-03 14:30:00,813.25,9,1764745200000,1764747000000,93040.00000000,100000,0.06307078,0.18624429,0.24931507
2025-12-03 14:30:00,1740,1740,1740,1740,0.04,2025-12-03 15:00:00,69.6,1,1764747000000,1764748800000,92999.99000000,100000,0.06301370,0.18630137,0.24931507
2025-12-03 15:00:00,1725,1725,1700,1700,1.01,2025-12-03 15:30:00,1717.25,2,1764748800000,1764750600000,92916.79000000,100000,0.06295662,0.18635845,0.24931507
2025-12-03 15:30:00,1700,1700,1700,1700,0,2025-12-03 16:00:00,0,0,1764750600000,1764752400000,92765.65000000,100000,0.06289954,0.18641553,0.24931507
2025-12-03 16:00:00,1700,1700,1700,1700,0,2025-12-03 16:30:00,0,0,1764752400000,1764754200000,92934.49000000,100000,0.06284247,0.18647260,0.24931507
2025-12-03 16:30:00,1695,1695,1695,1695,0.81,2025-12-03 17:00:00,1372.95,1,1764754200000,1764756000000,93178.46000000,100000,0.06278539,0.18652968,0.24931507
2025-12-03 17:00:00,1720,1730,1720,1730,1.68,2025-12-03 17:30:00,2890.65,3,1764756000000,1764757800000,93214.08000000,100000,0.06272831,0.18658676,0.24931507
2025-12-03 17:30:00,1685,1695,1665,1670,0.05,2025-12-03 18:00:00,84.1,4,1764757800000,1764759600000,92939.40000000,100000,0.06267123,0.18664384,0.24931507
2025-12-03 18:00:00,1650,1650,1650,1650,0.5,2025-12-03 18:30:00,825,1,1764759600000,1764761400000,92995.32000000,100000,0.06261416,0.18670091,0.24931507
2025-12-03 18:30:00,1650,1650,1650,1650,0,2025-12-03 19:00:00,0,0,1764761400000,1764763200000,93005.68000000,100000,0.06255708,0.18675799,0.24931507
2025-12-03 19:00:00,1650,1650,1650,1650,0,2025-12-03 19:30:00,0,0,1764763200000,1764765000000,92730.70000000,100000,0.06250000,0.18681507,0.24931507
2025-12-03 19:30:00,1695,1715,1695,1715,0.1,2025-12-03 20:00:00,170.9,2,1764765000000,1764766800000,92937.39000000,100000,0.06244292,0.18687215,0.24931507
2025-12-03 20:00:00,1735,1735,1735,1735,0.43,2025-12-03 20:30:00,746.05,1,1764766800000,1764768600000,93015.53000000,100000,0.06238584,0.18692922,0.24931507
2025-12-03 20:30:00,1785,1785,1785,1785,2.39,2025-12-03 21:00:00,4266.15,1,1764768600000,1764770400000,93130.88000000,100000,0.06232877,0.18698630,0.24931507
2025-12-03 21:00:00,1600,1615,1475,1615,1.93,2025-12-03 21:30:00,3043.65,5,1764770400000,1764772200000,92540.06000000,100000,0.06227169,0.18704338,0.24931507
2025-12-03 21:30:00,1580,1940,1580,1700,7,2025-12-03 22:00:00,12898.9,9,1764772200000,1764774000000,92357.54000000,100000,0.06221461,0.18710046,0.24931507
2025-12-03 22:00:00,1600,1600,1600,1600,0.3,2025-12-03 22:30:00,480,1,1764774000000,1764775800000,92317.19000000,100000,0.06215753,0.18715753,0.24931507
2025-12-03 22:30:00,1630,1630,1630,1630,0.01,2025-12-03 23:00:00,16.3,1,1764775800000,1764777600000,92373.30000000,100000,0.06210046,0.18721461,0.24931507
2025-12-03 23:00:00,1500,1500,1500,1500,0.4,2025-12-03 23:30:00,600,1,1764777600000,1764779400000,92268.45000000,100000,0.06204338,0.18727169,0.24931507
2025-12-03 23:30:00,1630,1630,1630,1630,0.06,2025-12-04 00:00:00,97.8,1,1764779400000,1764781200000,92242.24000000,100000,0.06198630,0.18732877,0.24931507
2025-12-04 00:00:00,1630,1630,1630,1630,0,2025-12-04 00:30:00,0,0,1764781200000,1764783000000,92506.45000000,100000,0.06192922,0.18738584,0.24931507
2025-12-04 00:30:00,1630,1630,1630,1630,0,2025-12-04 01:00:00,0,0,1764783000000,1764784800000,92956.22000000,100000,0.06187215,0.18744292,0.24931507
2025-12-04 01:00:00,1675,1695,1675,1695,1.2,2025-12-04 01:30:00,2033.8,2,1764784800000,1764786600000,93096.69000000,100000,0.06181507,0.18750000,0.24931507
2025-12-04 01:30:00,1695,1695,1695,1695,0,2025-12-04 02:00:00,0,0,1764786600000,1764788400000,92623.86000000,100000,0.06175799,0.18755708,0.24931507
2025-12-04 02:00:00,1695,1695,1695,1695,0,2025-12-04 02:30:00,0,0,1764788400000,1764790200000,92714.63000000,100000,0.06170091,0.18761416,0.24931507
2025-12-04 02:30:00,1555,1555,1555,1555,0.02,2025-12-04 03:00:00,31.1,1,1764790200000,1764792000000,93024.99000000,100000,0.06164384,0.18767123,0.24931507
2025-12-04 03:00:00,1555,1555,1555,1555,0,2025-12-04 03:30:00,0,0,1764792000000,1764793800000,93033.12000000,100000,0.06158676,0.18772831,0.24931507
2025-12-04 03:30:00,1555,1555,1555,1555,0,2025-12-04 04:00:00,0,0,1764793800000,1764795600000,92980.43000000,100000,0.06152968,0.18778539,0.24931507
2025-12-04 04:00:00,1555,1555,1555,1555,0,2025-12-04 04:30:00,0,0,1764795600000,1764797400000,93276.20000000,100000,0.06147260,0.18784247,0.24931507
2025-12-04 04:30:00,1555,1555,1555,1555,0,2025-12-04 05:00:00,0,0,1764797400000,1764799200000,93700.00000000,100000,0.06141553,0.18789954,0.24931507
2025-12-04 05:00:00,1555,1555,1555,1555,0,2025-12-04 05:30:00,0,0,1764799200000,1764801000000,93405.53000000,100000,0.06135845,0.18795662,0.24931507
2025-12-04 05:30:00,1725,1725,1725,1725,1.21,2025-12-04 06:00:00,2087.25,1,1764801000000,1764802800000,93781.01000000,100000,0.06130137,0.18801370,0.24931507
2025-12-04 06:00:00,1790,1790,1790,1790,0.43,2025-12-04 06:30:00,769.7,1,1764802800000,1764804600000,93641.13000000,100000,0.06124429,0.18807078,0.24931507
2025-12-04 06:30:00,1765,1765,1765,1765,3,2025-12-04 07:00:00,5295,2,1764804600000,1764806400000,93429.95000000,100000,0.06118721,0.18812785,0.24931507
2025-12-04 07:00:00,1740,1740,1625,1625,2.52,2025-12-04 07:30:00,4096.15,2,1764806400000,1764808200000,92828.08000000,100000,0.06113014,0.18818493,0.24931507
2025-12-04 07:30:00,1620,1620,1620,1620,1.11,2025-12-04 08:00:00,1798.2,1,1764808200000,1764810000000,93054.86000000,100000,0.06107306,0.18824201,0.24931507
2025-12-04 08:00:00,1620,1620,1620,1620,0,2025-12-04 08:30:00,0,0,1764810000000,1764811800000,93384.29000000,100000,0.06101598,0.18829909,0.24931507
2025-12-04 08:30:00,1620,1620,1620,1620,0,2025-12-04 09:00:00,0,0,1764811800000,1764813600000,93195.07000000,100000,0.06095890,0.18835616,0.24931507
2025-12-04 09:00:00,1790,1825,1790,1825,3.35,2025-12-04 09:30:00,6037.1,3,1764813600000,1764815400000,93800.01000000,100000,0.06090183,0.18841324,0.24931507
2025-12-04 09:30:00,1805,1840,1805,1840,0.1,2025-12-04 10:00:00,182.25,2,1764815400000,1764817200000,93943.24000000,100000,0.06084475,0.18847032,0.24931507
2025-12-04 10:00:00,1775,1775,1775,1775,1.43,2025-12-04 10:30:00,2538.25,1,1764817200000,1764819000000,93616.57000000,100000,0.06078767,0.18852740,0.24931507
2025-12-04 10:30:00,1735,1735,1735,1735,0.02,2025-12-04 11:00:00,34.7,1,1764819000000,1764820800000,93543.04000000,100000,0.06073059,0.18858447,0.24931507
2025-12-04 11:00:00,1735,1735,1735,1735,0,2025-12-04 11:30:00,0,0,1764820800000,1764822600000,93409.11000000,100000,0.06067352,0.18864155,0.24931507
2025-12-04 11:30:00,1690,1705,1690,1705,1.01,2025-12-04 12:00:00,1721.9,2,1764822600000,1764824400000,93360.58000000,100000,0.06061644,0.18869863,0.24931507
2025-12-04 12:00:00,1635,1635,1610,1610,0.5,2025-12-04 12:30:00,810,2,1764824400000,1764826200000,93203.40000000,100000,0.06055936,0.18875571,0.24931507
2025-12-04 12:30:00,1610,1610,1610,1610,0,2025-12-04 13:00:00,0,0,1764826200000,1764828000000,92979.25000000,100000,0.06050228,0.18881279,0.24931507
2025-12-04 13:00:00,1610,1610,1610,1610,0,2025-12-04 13:30:00,0,0,1764828000000,1764829800000,93206.39000000,100000,0.06044521,0.18886986,0.24931507
2025-12-04 13:30:00,1630,1630,1630,1630,0.01,2025-12-04 14:00:00,16.3,1,1764829800000,1764831600000,93140.74000000,100000,0.06038813,0.18892694,0.24931507
2025-12-04 14:00:00,1630,1630,1630,1630,0,2025-12-04 14:30:00,0,0,1764831600000,1764833400000,93101.13000000,100000,0.06033105,0.18898402,0.24931507
2025-12-04 14:30:00,1615,1615,1615,1615,0.06,2025-12-04 15:00:00,96.9,1,1764833400000,1764835200000,93397.67000000,100000,0.06027397,0.18904110,0.24931507
2025-12-04 15:00:00,1580,1580,1580,1580,1.04,2025-12-04 15:30:00,1643.2,1,1764835200000,1764837000000,93126.03000000,100000,0.06021689,0.18909817,0.24931507
2025-12-04 15:30:00,1580,1580,1580,1580,0,2025-12-04 16:00:00,0,0,1764837000000,1764838800000,93260.63000000,100000,0.06015982,0.18915525,0.24931507
2025-12-04 16:00:00,1640,1695,1640,1695,2.89,2025-12-04 16:30:00,4871.05,3,1764838800000,1764840600000,93367.72000000,100000,0.06010274,0.18921233,0.24931507
2025-12-04 16:30:00,1650,1670,1650,1670,0.23,2025-12-04 17:00:00,383.9,2,1764840600000,1764842400000,93454.70000000,100000,0.06004566,0.18926941,0.24931507
2025-12-04 17:00:00,1670,1670,1670,1670,0,2025-12-04 17:30:00,0,0,1764842400000,1764844200000,93312.81000000,100000,0.05998858,0.18932648,0.24931507
2025-12-04 17:30:00,1580,1580,1580,1580,1,2025-12-04 18:00:00,1580,1,1764844200000,1764846000000,93260.00000000,100000,0.05993151,0.18938356,0.24931507
2025-12-04 18:00:00,1600,1600,1580,1580,1.26,2025-12-04 18:30:00,2011,2,1764846000000,1764847800000,93006.71000000,100000,0.05987443,0.18944064,0.24931507
2025-12-04 18:30:00,1580,1580,1580,1580,0,2025-12-04 19:00:00,0,0,1764847800000,1764849600000,92948.31000000,100000,0.05981735,0.18949772,0.24931507
2025-12-04 19:00:00,1580,1580,1580,1580,0,2025-12-04 19:30:00,0,0,1764849600000,1764851400000,92862.20000000,100000,0.05976027,0.18955479,0.24931507
2025-12-04 19:30:00,1520,1520,1520,1520,1.99,2025-12-04 20:00:00,3024.8,1,1764851400000,1764853200000,92990.18000000,100000,0.05970320,0.18961187,0.24931507
2025-12-04 20:00:00,1405,1405,1405,1405,1.94,2025-12-04 20:30:00,2725.7,1,1764853200000,1764855000000,92786.79000000,100000,0.05964612,0.18966895,0.24931507
2025-12-04 20:30:00,1405,1405,1405,1405,0,2025-12-04 21:00:00,0,0,1764855000000,1764856800000,92516.38000000,100000,0.05958904,0.18972603,0.24931507
2025-12-04 21:00:00,1405,1405,1405,1405,0,2025-12-04 21:30:00,0,0,1764856800000,1764858600000,92791.49000000,100000,0.05953196,0.18978311,0.24931507
2025-12-04 21:30:00,1400,1400,1300,1300,1.1,2025-12-04 22:00:00,1480,3,1764858600000,1764860400000,91894.01000000,100000,0.05947489,0.18984018,0.24931507
2025-12-04 22:00:00,1450,1450,1450,1450,0.08,2025-12-04 22:30:00,116,1,1764860400000,1764862200000,92576.58000000,100000,0.05941781,0.18989726,0.24931507
2025-12-04 22:30:00,1490,1490,1490,1490,1.14,2025-12-04 23:00:00,1698.6,1,1764862200000,1764864000000,92971.49000000,100000,0.05936073,0.18995434,0.24931507
2025-12-04 23:00:00,1475,1475,1475,1475,0.17,2025-12-04 23:30:00,250.75,1,1764864000000,1764865800000,92912.47000000,100000,0.05930365,0.19001142,0.24931507
2025-12-04 23:30:00,1475,1475,1475,1475,0,2025-12-05 00:00:00,0,0,1764865800000,1764867600000,92431.72000000,100000,0.05924658,0.19006849,0.24931507
2025-12-05 00:00:00,1300,1300,1280,1280,2.15,2025-12-05 00:30:00,2772.4,3,1764867600000,1764869400000,92130.43000000,100000,0.05918950,0.19012557,0.24931507
2025-12-05 00:30:00,1370,1370,1370,1370,1,2025-12-05 01:00:00,1370,1,1764869400000,1764871200000,92426.76000000,100000,0.05913242,0.19018265,0.24931507
2025-12-05 01:00:00,1330,1330,1330,1330,2.39,2025-12-05 01:30:00,3178.7,2,1764871200000,1764873000000,92463.34000000,100000,0.05907534,0.19023973,0.24931507
2025-12-05 01:30:00,1330,1330,1330,1330,0,2025-12-05 02:00:00,0,0,1764873000000,1764874800000,92127.52000000,100000,0.05901826,0.19029680,0.24931507
2025-12-05 02:00:00,1290,1290,1130,1150,5.98,2025-12-05 02:30:00,7015.7,7,1764874800000,1764876600000,91342.67000000,100000,0.05896119,0.19035388,0.24931507
2025-12-05 02:30:00,1150,1150,1150,1150,0,2025-12-05 03:00:00,0,0,1764876600000,1764878400000,91975.44000000,100000,0.05890411,0.19041096,0.24931507
2025-12-05 03:00:00,1285,1285,1285,1285,0.01,2025-12-05 03:30:00,12.85,1,1764878400000,1764880200000,92000.01000000,100000,0.05884703,0.19046804,0.24931507
2025-12-05 03:30:00,1285,1285,1285,1285,0,2025-12-05 04:00:00,0,0,1764880200000,1764882000000,92476.25000000,100000,0.05878995,0.19052511,0.24931507
2025-12-05 04:00:00,1285,1285,1285,1285,0,2025-12-05 04:30:00,0,0,1764882000000,1764883800000,92300.00000000,100000,0.05873288,0.19058219,0.24931507
2025-12-05 04:30:00,1285,1285,1285,1285,0,2025-12-05 05:00:00,0,0,1764883800000,1764885600000,92158.23000000,100000,0.05867580,0.19063927,0.24931507
2025-12-05 05:00:00,1285,1285,1285,1285,0,2025-12-05 05:30:00,0,0,1764885600000,1764887400000,92194.65000000,100000,0.05861872,0.19069635,0.24931507
2025-12-05 05:30:00,1285,1285,1285,1285,0,2025-12-05 06:00:00,0,0,1764887400000,1764889200000,92348.78000000,100000,0.05856164,0.19075342,0.24931507
2025-12-05 06:00:00,1285,1285,1285,1285,0,2025-12-05 06:30:00,0,0,1764889200000,1764891000000,92217.54000000,100000,0.05850457,0.19081050,0.24931507
2025-12-05 06:30:00,1320,1325,1320,1325,2.41,2025-12-05 07:00:00,3186.85,2,1764891000000,1764892800000,92078.06000000,100000,0.05844749,0.19086758,0.24931507
2025-12-05 07:00:00,1325,1325,1325,1325,0,2025-12-05 07:30:00,0,0,1764892800000,1764894600000,92318.21000000,100000,0.05839041,0.19092466,0.24931507
2025-12-05 07:30:00,1325,1325,1325,1325,0,2025-12-05 08:00:00,0,0,1764894600000,1764896400000,92299.08000000,100000,0.05833333,0.19098174,0.24931507
2025-12-05 08:00:00,1395,1395,1395,1395,1.18,2025-12-05 08:30:00,1646.1,1,1764896400000,1764898200000,92514.23000000,100000,0.05827626,0.19103881,0.24931507
2025-12-05 08:30:00,1355,1355,1355,1355,0.03,2025-12-05 09:00:00,40.65,1,1764898200000,1764900000000,92358.03000000,100000,0.05821918,0.19109589,0.24931507
2025-12-05 09:00:00,1355,1355,1355,1355,0,2025-12-05 09:30:00,0,0,1764900000000,1764901800000,92567.81000000,100000,0.05816210,0.19115297,0.24931507
2025-12-05 09:30:00,1355,1355,1355,1355,0,2025-12-05 10:00:00,0,0,1764901800000,1764903600000,92518.40000000,100000,0.05810502,0.19121005,0.24931507
2025-12-05 10:00:00,1315,1315,1315,1315,1,2025-12-05 10:30:00,1315,1,1764903600000,1764905400000,92407.81000000,100000,0.05804795,0.19126712,0.24931507
2025-12-05 10:30:00,1315,1315,1315,1315,0,2025-12-05 11:00:00,0,0,1764905400000,1764907200000,92142.75000000,100000,0.05799087,0.19132420,0.24931507
2025-12-05 11:00:00,1245,1245,1245,1245,0.11,2025-12-05 11:30:00,136.95,1,1764907200000,1764909000000,92190.16000000,100000,0.05793379,0.19138128,0.24931507
2025-12-05 11:30:00,1245,1245,1245,1245,0,2025-12-05 12:00:00,0,0,1764909000000,1764910800000,92028.14000000,100000,0.05787671,0.19143836,0.24931507
2025-12-05 12:00:00,1235,1235,1235,1235,0.6,2025-12-05 12:30:00,741,1,1764910800000,1764912600000,91967.98000000,100000,0.05781963,0.19149543,0.24931507
2025-12-05 12:30:00,1235,1235,1235,1235,0,2025-12-05 13:00:00,0,0,1764912600000,1764914400000,91932.85000000,100000,0.05776256,0.19155251,0.24931507
2025-12-05 13:00:00,1225,1225,1225,1225,0.06,2025-12-05 13:30:00,73.5,1,1764914400000,1764916200000,92029.25000000,100000,0.05770548,0.19160959,0.24931507
2025-12-05 13:30:00,1225,1225,1225,1225,0.14,2025-12-05 14:00:00,171.5,1,1764916200000,1764918000000,92275.26000000,100000,0.05764840,0.19166667,0.24931507
2025-12-05 14:00:00,1225,1225,1225,1225,0,2025-12-05 14:30:00,0,0,1764918000000,1764919800000,92443.59000000,100000,0.05759132,0.19172374,0.24931507
2025-12-05 14:30:00,1265,1265,1240,1240,0.02,2025-12-05 15:00:00,25.05,2,1764919800000,1764921600000,92258.65000000,100000,0.05753425,0.19178082,0.24931507
2025-12-05 15:00:00,1240,1240,1220,1220,1.97,2025-12-05 15:30:00,2422,2,1764921600000,1764923400000,92061.76000000,100000,0.05747717,0.19183790,0.24931507
2025-12-05 15:30:00,1220,1240,1220,1240,3.56,2025-12-05 16:00:00,4366.1,3,1764923400000,1764925200000,92112.04000000,100000,0.05742009,0.19189498,0.24931507
2025-12-05 16:00:00,1160,1160,1085,1085,4.82,2025-12-05 16:30:00,5407.55,12,1764925200000,1764927000000,91345.57000000,100000,0.05736301,0.19195205,0.24931507
2025-12-05 16:30:00,1075,1075,1075,1075,1.34,2025-12-05 17:00:00,1440.5,1,1764927000000,1764928800000,91128.56000000,100000,0.05730594,0.19200913,0.24931507
2025-12-05 17:00:00,1075,1075,1075,1075,0,2025-12-05 17:30:00,0,0,1764928800000,1764930600000,91352.14000000,100000,0.05724886,0.19206621,0.24931507
2025-12-05 17:30:00,1075,1075,1075,1075,0,2025-12-05 18:00:00,0,0,1764930600000,1764932400000,91272.85000000,100000,0.05719178,0.19212329,0.24931507
2025-12-05 18:00:00,1075,1075,1075,1075,0,2025-12-05 18:30:00,0,0,1764932400000,1764934200000,91421.84000000,100000,0.05713470,0.19218037,0.24931507
2025-12-05 18:30:00,1010,1010,1010,1010,2.19,2025-12-05 19:00:00,2211.9,1,1764934200000,1764936000000,91351.43000000,100000,0.05707763,0.19223744,0.24931507
2025-12-05 19:00:00,1010,1010,1010,1010,0,2025-12-05 19:30:00,0,0,1764936000000,1764937800000,91227.71000000,100000,0.05702055,0.19229452,0.24931507
2025-12-05 19:30:00,1010,1010,1010,1010,0,2025-12-05 20:00:00,0,0,1764937800000,1764939600000,91242.40000000,100000,0.05696347,0.19235160,0.24931507
2025-12-05 20:00:00,1000,1000,1000,1000,0.5,2025-12-05 20:30:00,500,2,1764939600000,1764941400000,90818.73000000,100000,0.05690639,0.19240868,0.24931507
2025-12-05 20:30:00,925,970,925,970,3.63,2025-12-05 21:00:00,3380.85,7,1764941400000,1764943200000,90465.14000000,100000,0.05684932,0.19246575,0.24931507
2025-12-05 21:00:00,970,970,970,970,0,2025-12-05 21:30:00,0,0,1764943200000,1764945000000,90440.25000000,100000,0.05679224,0.19252283,0.24931507
2025-12-05 21:30:00,900,935,900,935,2.95,2025-12-05 22:00:00,2740.75,4,1764945000000,1764946800000,90287.67000000,100000,0.05673516,0.19257991,0.24931507
2025-12-05 22:00:00,980,1095,980,1085,8.76,2025-12-05 22:30:00,9512.65,7,1764946800000,1764948600000,91228.99000000,100000,0.05667808,0.19263699,0.24931507
2025-12-05 22:30:00,1085,1085,1085,1085,0,2025-12-05 23:00:00,0,0,1764948600000,1764950400000,90459.35000000,100000,0.05662100,0.19269406,0.24931507
2025-12-05 23:00:00,860,860,775,790,2.59,2025-12-05 23:30:00,2051.55,7,1764950400000,1764952200000,89066.01000000,100000,0.05656393,0.19275114,0.24931507
2025-12-05 23:30:00,755,755,700,700,4.84,2025-12-06 00:00:00,3547.9,13,1764952200000,1764954000000,88810.89000000,100000,0.05650685,0.19280822,0.24931507
2025-12-06 00:00:00,700,700,700,700,0,2025-12-06 00:30:00,0,0,1764954000000,1764955800000,88763.17000000,100000,0.05644977,0.19286530,0.24931507
2025-12-06 00:30:00,790,790,790,790,1.53,2025-12-06 01:00:00,1208.7,1,1764955800000,1764957600000,89336.13000000,100000,0.05639269,0.19292237,0.24931507
2025-12-06 01:00:00,830,835,785,785,1.15,2025-12-06 01:30:00,906.95,4,1764957600000,1764959400000,89406.21000000,100000,0.05633562,0.19297945,0.24931507
2025-12-06 01:30:00,785,785,785,785,0,2025-12-06 02:00:00,0,0,1764959400000,1764961200000,88936.04000000,100000,0.05627854,0.19303653,0.24931507
2025-12-06 02:00:00,785,785,785,785,0,2025-12-06 02:30:00,0,0,1764961200000,1764963000000,89426.83000000,100000,0.05622146,0.19309361,0.24931507
2025-12-06 02:30:00,785,785,785,785,0,2025-12-06 03:00:00,0,0,1764963000000,1764964800000,89629.26000000,100000,0.05616438,0.19315068,0.24931507
2025-12-06 03:00:00,815,815,815,815,1.2,2025-12-06 03:30:00,978,1,1764964800000,1764966600000,89562.46000000,100000,0.05610731,0.19320776,0.24931507
2025-12-06 03:30:00,780,780,780,780,0.01,2025-12-06 04:00:00,7.8,1,1764966600000,1764968400000,89301.75000000,100000,0.05605023,0.19326484,0.24931507
2025-12-06 04:00:00,780,780,780,780,0,2025-12-06 04:30:00,0,0,1764968400000,1764970200000,89419.37000000,100000,0.05599315,0.19332192,0.24931507
2025-12-06 04:30:00,775,775,775,775,0.01,2025-12-06 05:00:00,7.75,1,1764970200000,1764972000000,89177.68000000,100000,0.05593607,0.19337900,0.24931507
2025-12-06 05:00:00,745,745,745,745,1,2025-12-06 05:30:00,745,1,1764972000000,1764973800000,89233.43000000,100000,0.05587900,0.19343607,0.24931507
2025-12-06 05:30:00,745,745,745,745,0,2025-12-06 06:00:00,0,0,1764973800000,1764975600000,89232.47000000,100000,0.05582192,0.19349315,0.24931507
2025-12-06 06:00:00,745,745,745,745,0,2025-12-06 06:30:00,0,0,1764975600000,1764977400000,89233.39000000,100000,0.05576484,0.19355023,0.24931507
2025-12-06 06:30:00,760,760,760,760,0.01,2025-12-06 07:00:00,7.6,1,1764977400000,1764979200000,89330.04000000,100000,0.05570776,0.19360731,0.24931507
2025-12-06 07:00:00,760,760,760,760,0,2025-12-06 07:30:00,0,0,1764979200000,1764981000000,89177.90000000,100000,0.05565068,0.19366438,0.24931507
2025-12-06 07:30:00,760,760,760,760,0,2025-12-06 08:00:00,0,0,1764981000000,1764982800000,89422.25000000,100000,0.05559361,0.19372146,0.24931507
2025-12-06 08:00:00,750,755,750,755,0.41,2025-12-06 08:30:00,309.4,2,1764982800000,1764984600000,89448.62000000,100000,0.05553653,0.19377854,0.24931507
2025-12-06 08:30:00,755,755,755,755,0,2025-12-06 09:00:00,0,0,1764984600000,1764986400000,89333.83000000,100000,0.05547945,0.19383562,0.24931507
2025-12-06 09:00:00,755,755,755,755,0,2025-12-06 09:30:00,0,0,1764986400000,1764988200000,89274.92000000,100000,0.05542237,0.19389269,0.24931507
2025-12-06 09:30:00,755,755,755,755,0,2025-12-06 10:00:00,0,0,1764988200000,1764990000000,89390.90000000,100000,0.05536530,0.19394977,0.24931507
2025-12-06 10:00:00,760,760,760,760,0.5,2025-12-06 10:30:00,380,2,1764990000000,1764991800000,89555.47000000,100000,0.05530822,0.19400685,0.24931507
2025-12-06 10:30:00,750,755,750,755,0.21,2025-12-06 11:00:00,157.8,7,1764991800000,1764993600000,89688.35000000,100000,0.05525114,0.19406393,0.24931507
2025-12-06 11:00:00,755,755,755,755,0,2025-12-06 11:30:00,0,0,1764993600000,1764995400000,89623.51000000,100000,0.05519406,0.19412100,0.24931507
2025-12-06 11:30:00,755,755,755,755,0,2025-12-06 12:00:00,0,0,1764995400000,1764997200000,89659.01000000,100000,0.05513699,0.19417808,0.24931507
2025-12-06 12:00:00,785,785,785,785,0.01,2025-12-06 12:30:00,7.85,1,1764997200000,1764999000000,89613.59000000,100000,0.05507991,0.19423516,0.24931507
2025-12-06 12:30:00,765,765,765,765,0.3,2025-12-06 13:00:00,229.5,1,1764999000000,1765000800000,89604.98000000,100000,0.05502283,0.19429224,0.24931507
2025-12-06 13:00:00,780,780,780,780,0.64,2025-12-06 13:30:00,499.2,5,1765000800000,1765002600000,89744.20000000,100000,0.05496575,0.19434932,0.24931507
2025-12-06 13:30:00,780,780,780,780,0,2025-12-06 14:00:00,0,0,1765002600000,1765004400000,89688.65000000,100000,0.05490868,0.19440639,0.24931507
2025-12-06 14:00:00,780,780,780,780,0,2025-12-06 14:30:00,0,0,1765004400000,1765006200000,89575.50000000,100000,0.05485160,0.19446347,0.24931507
2025-12-06 14:30:00,780,780,780,780,0,2025-12-06 15:00:00,0,0,1765006200000,1765008000000,89597.13000000,100000,0.05479452,0.19452055,0.24931507
2025-12-06 15:00:00,780,780,780,780,0,2025-12-06 15:30:00,0,0,1765008000000,1765009800000,89288.38000000,100000,0.05473744,0.19457763,0.24931507
2025-12-06 15:30:00,780,780,780,780,0,2025-12-06 16:00:00,0,0,1765009800000,1765011600000,89277.14000000,100000,0.05468037,0.19463470,0.24931507
2025-12-06 16:00:00,780,780,780,780,0,2025-12-06 16:30:00,0,0,1765011600000,1765013400000,89634.62000000,100000,0.05462329,0.19469178,0.24931507
2025-12-06 16:30:00,780,780,780,780,0,2025-12-06 17:00:00,0,0,1765013400000,1765015200000,89574.12000000,100000,0.05456621,0.19474886,0.24931507
2025-12-06 17:00:00,780,780,780,780,0,2025-12-06 17:30:00,0,0,1765015200000,1765017000000,89534.97000000,100000,0.05450913,0.19480594,0.24931507
2025-12-06 17:30:00,780,780,780,780,0,2025-12-06 18:00:00,0,0,1765017000000,1765018800000,89506.00000000,100000,0.05445205,0.19486301,0.24931507
2025-12-06 18:00:00,780,780,780,780,0,2025-12-06 18:30:00,0,0,1765018800000,1765020600000,89579.25000000,100000,0.05439498,0.19492009,0.24931507
2025-12-06 18:30:00,780,780,780,780,0,2025-12-06 19:00:00,0,0,1765020600000,1765022400000,89631.28000000,100000,0.05433790,0.19497717,0.24931507
2025-12-06 19:00:00,735,735,735,735,5.02,2025-12-06 19:30:00,3689.7,2,1765022400000,1765024200000,89616.33000000,100000,0.05428082,0.19503425,0.24931507
2025-12-06 19:30:00,735,735,735,735,0,2025-12-06 20:00:00,0,0,1765024200000,1765026000000,89581.19000000,100000,0.05422374,0.19509132,0.24931507
2025-12-06 20:00:00,735,735,735,735,0,2025-12-06 20:30:00,0,0,1765026000000,1765027800000,89688.18000000,100000,0.05416667,0.19514840,0.24931507
2025-12-06 20:30:00,745,745,745,745,0.1,2025-12-06 21:00:00,74.5,1,1765027800000,1765029600000,89673.73000000,100000,0.05410959,0.19520548,0.24931507
2025-12-06 21:00:00,745,745,745,745,0,2025-12-06 21:30:00,0,0,1765029600000,1765031400000,89934.04000000,100000,0.05405251,0.19526256,0.24931507
2025-12-06 21:30:00,820,820,820,820,0.3,2025-12-06 22:00:00,246,1,1765031400000,1765033200000,90004.76000000,100000,0.05399543,0.19531963,0.24931507
2025-12-06 22:00:00,820,820,820,820,0,2025-12-06 22:30:00,0,0,1765033200000,1765035000000,89639.84000000,100000,0.05393836,0.19537671,0.24931507
2025-12-06 22:30:00,820,820,820,820,0,2025-12-06 23:00:00,0,0,1765035000000,1765036800000,89758.77000000,100000,0.05388128,0.19543379,0.24931507
2025-12-06 23:00:00,785,800,785,800,0.51,2025-12-06 23:30:00,400.5,2,1765036800000,1765038600000,89882.46000000,100000,0.05382420,0.19549087,0.24931507
2025-12-06 23:30:00,800,800,800,800,0,2025-12-07 00:00:00,0,0,1765038600000,1765040400000,89707.80000000,100000,0.05376712,0.19554795,0.24931507
2025-12-07 00:00:00,790,790,790,790,0.38,2025-12-07 00:30:00,300.2,1,1765040400000,1765042200000,89844.48000000,100000,0.05371005,0.19560502,0.24931507
2025-12-07 00:30:00,790,790,790,790,0,2025-12-07 01:00:00,0,0,1765042200000,1765044000000,89712.86000000,100000,0.05365297,0.19566210,0.24931507
